<?xml version="1.0" encoding="UTF-8"?>
<osm version="0.6" generator="openstreetmap-cgimap 2.1.0 (908596 spike-06.openstreetmap.org)" copyright="OpenStreetMap and contributors" attribution="http://www.openstreetmap.org/copyright" license="http://opendatacommons.org/licenses/odbl/1-0/">
 <bounds minlat="-0.3195500" minlon="-78.4479600" maxlat="-0.3116100" maxlon="-78.4420800"/>
 <node id="304161703" visible="true" version="5" changeset="869162" timestamp="2009-03-29T23:06:28Z" user="LLAQWA" uid="77114" lat="-0.3036456" lon="-78.4600752"/>
 <node id="304161704" visible="true" version="2" changeset="2129142" timestamp="2009-08-13T11:00:00Z" user="LLAQWA" uid="77114" lat="-0.3032639" lon="-78.4593660"/>
 <node id="304161706" visible="true" version="2" changeset="2129142" timestamp="2009-08-13T11:00:00Z" user="LLAQWA" uid="77114" lat="-0.3028322" lon="-78.4592683"/>
 <node id="304161707" visible="true" version="1" changeset="299929" timestamp="2008-10-13T05:14:35Z" user="5EE" uid="31138" lat="-0.3025200" lon="-78.4592749"/>
 <node id="304161708" visible="true" version="1" changeset="299929" timestamp="2008-10-13T05:14:36Z" user="5EE" uid="31138" lat="-0.3024094" lon="-78.4591187"/>
 <node id="304161709" visible="true" version="1" changeset="299929" timestamp="2008-10-13T05:14:36Z" user="5EE" uid="31138" lat="-0.3025265" lon="-78.4588064"/>
 <node id="304161711" visible="true" version="1" changeset="299929" timestamp="2008-10-13T05:14:36Z" user="5EE" uid="31138" lat="-0.3030600" lon="-78.4587218"/>
 <node id="304161712" visible="true" version="1" changeset="299929" timestamp="2008-10-13T05:14:37Z" user="5EE" uid="31138" lat="-0.3032161" lon="-78.4585462"/>
 <node id="304161713" visible="true" version="1" changeset="299929" timestamp="2008-10-13T05:14:37Z" user="5EE" uid="31138" lat="-0.3033333" lon="-78.4579541"/>
 <node id="304161714" visible="true" version="1" changeset="299929" timestamp="2008-10-13T05:14:37Z" user="5EE" uid="31138" lat="-0.3036000" lon="-78.4574140"/>
 <node id="306620538" visible="true" version="4" changeset="20327969" timestamp="2014-02-02T03:50:58Z" user="agranizo" uid="1799232" lat="-0.3337424" lon="-78.4399584"/>
 <node id="306620539" visible="true" version="2" changeset="861913" timestamp="2009-03-26T21:59:30Z" user="LLAQWA" uid="77114" lat="-0.3328662" lon="-78.4409115"/>
 <node id="306620540" visible="true" version="2" changeset="861913" timestamp="2009-03-26T21:59:30Z" user="LLAQWA" uid="77114" lat="-0.3318248" lon="-78.4416001"/>
 <node id="306620541" visible="true" version="2" changeset="861913" timestamp="2009-03-26T21:59:30Z" user="LLAQWA" uid="77114" lat="-0.3314948" lon="-78.4419984"/>
 <node id="306620542" visible="true" version="2" changeset="861913" timestamp="2009-03-26T21:59:31Z" user="LLAQWA" uid="77114" lat="-0.3305729" lon="-78.4421521"/>
 <node id="306620543" visible="true" version="2" changeset="861913" timestamp="2009-03-26T21:59:31Z" user="LLAQWA" uid="77114" lat="-0.3299015" lon="-78.4425618"/>
 <node id="306620548" visible="true" version="2" changeset="861913" timestamp="2009-03-26T21:59:31Z" user="LLAQWA" uid="77114" lat="-0.3297023" lon="-78.4428577"/>
 <node id="306620549" visible="true" version="2" changeset="861913" timestamp="2009-03-26T21:59:31Z" user="LLAQWA" uid="77114" lat="-0.3291276" lon="-78.4427610"/>
 <node id="306620550" visible="true" version="2" changeset="861913" timestamp="2009-03-26T21:59:31Z" user="LLAQWA" uid="77114" lat="-0.3283537" lon="-78.4429431"/>
 <node id="306620551" visible="true" version="2" changeset="861913" timestamp="2009-03-26T21:59:32Z" user="LLAQWA" uid="77114" lat="-0.3283821" lon="-78.4431422"/>
 <node id="306620552" visible="true" version="2" changeset="861913" timestamp="2009-03-26T21:59:32Z" user="LLAQWA" uid="77114" lat="-0.3285870" lon="-78.4434154"/>
 <node id="306620553" visible="true" version="2" changeset="861913" timestamp="2009-03-26T21:59:32Z" user="LLAQWA" uid="77114" lat="-0.3285244" lon="-78.4438479"/>
 <node id="306620554" visible="true" version="2" changeset="861913" timestamp="2009-03-26T21:59:32Z" user="LLAQWA" uid="77114" lat="-0.3278984" lon="-78.4441324"/>
 <node id="306620555" visible="true" version="2" changeset="861913" timestamp="2009-03-26T21:59:32Z" user="LLAQWA" uid="77114" lat="-0.3269310" lon="-78.4439787"/>
 <node id="306620556" visible="true" version="2" changeset="861913" timestamp="2009-03-26T21:59:33Z" user="LLAQWA" uid="77114" lat="-0.3267376" lon="-78.4442576"/>
 <node id="306620557" visible="true" version="3" changeset="23425082" timestamp="2014-07-01T21:57:35Z" user="agranizo" uid="1799232" lat="-0.3270439" lon="-78.4453129"/>
 <node id="306620558" visible="true" version="2" changeset="861913" timestamp="2009-03-26T21:59:33Z" user="LLAQWA" uid="77114" lat="-0.3270221" lon="-78.4460273"/>
 <node id="306620559" visible="true" version="3" changeset="23425082" timestamp="2014-07-01T21:57:35Z" user="agranizo" uid="1799232" lat="-0.3264793" lon="-78.4459277"/>
 <node id="306620562" visible="true" version="2" changeset="861913" timestamp="2009-03-26T21:59:34Z" user="LLAQWA" uid="77114" lat="-0.3260206" lon="-78.4462493"/>
 <node id="306620563" visible="true" version="3" changeset="23425082" timestamp="2014-07-01T21:57:36Z" user="agranizo" uid="1799232" lat="-0.3256127" lon="-78.4464108"/>
 <node id="306620564" visible="true" version="2" changeset="861913" timestamp="2009-03-26T21:59:34Z" user="LLAQWA" uid="77114" lat="-0.3255767" lon="-78.4467216"/>
 <node id="306620565" visible="true" version="2" changeset="861913" timestamp="2009-03-26T21:59:35Z" user="LLAQWA" uid="77114" lat="-0.3253548" lon="-78.4470175"/>
 <node id="306624413" visible="true" version="2" changeset="861913" timestamp="2009-03-26T21:59:36Z" user="LLAQWA" uid="77114" lat="-0.3248894" lon="-78.4470097"/>
 <node id="306624418" visible="true" version="3" changeset="23425082" timestamp="2014-07-01T21:57:36Z" user="agranizo" uid="1799232" lat="-0.3243870" lon="-78.4472195"/>
 <node id="306624422" visible="true" version="3" changeset="23425082" timestamp="2014-07-01T21:57:36Z" user="agranizo" uid="1799232" lat="-0.3238999" lon="-78.4475131"/>
 <node id="306624426" visible="true" version="3" changeset="23425082" timestamp="2014-07-01T21:57:36Z" user="agranizo" uid="1799232" lat="-0.3235962" lon="-78.4475929"/>
 <node id="306624431" visible="true" version="3" changeset="23425082" timestamp="2014-07-01T21:57:36Z" user="agranizo" uid="1799232" lat="-0.3235034" lon="-78.4482985"/>
 <node id="306624437" visible="true" version="2" changeset="861913" timestamp="2009-03-26T21:59:38Z" user="LLAQWA" uid="77114" lat="-0.3229884" lon="-78.4490534"/>
 <node id="306624445" visible="true" version="2" changeset="861913" timestamp="2009-03-26T21:59:38Z" user="LLAQWA" uid="77114" lat="-0.3220311" lon="-78.4495694"/>
 <node id="306624451" visible="true" version="2" changeset="861913" timestamp="2009-03-26T21:59:39Z" user="LLAQWA" uid="77114" lat="-0.3214540" lon="-78.4492842"/>
 <node id="306624457" visible="true" version="2" changeset="861913" timestamp="2009-03-26T21:59:39Z" user="LLAQWA" uid="77114" lat="-0.3210806" lon="-78.4494064"/>
 <node id="306627752" visible="true" version="2" changeset="155030373" timestamp="2024-08-09T16:01:36Z" user="AlexLoaiza97" uid="21802936" lat="-0.3134543" lon="-78.4493412"/>
 <node id="306627754" visible="true" version="2" changeset="12972569" timestamp="2012-09-03T19:55:15Z" user="Scalper" uid="849727" lat="-0.3127204" lon="-78.4495359"/>
 <node id="306627756" visible="true" version="1" changeset="526974" timestamp="2008-10-23T18:15:07Z" user="5EE" uid="31138" lat="-0.3122426" lon="-78.4494582"/>
 <node id="306627758" visible="true" version="3" changeset="21012885" timestamp="2014-03-09T19:46:44Z" user="agranizo" uid="1799232" lat="-0.3114718" lon="-78.4492858"/>
 <node id="306627759" visible="true" version="2" changeset="21012885" timestamp="2014-03-09T19:46:44Z" user="agranizo" uid="1799232" lat="-0.3112645" lon="-78.4496438"/>
 <node id="306627761" visible="true" version="2" changeset="21012885" timestamp="2014-03-09T19:46:44Z" user="agranizo" uid="1799232" lat="-0.3113311" lon="-78.4507982"/>
 <node id="306627764" visible="true" version="2" changeset="21012885" timestamp="2014-03-09T19:46:44Z" user="agranizo" uid="1799232" lat="-0.3112570" lon="-78.4510041"/>
 <node id="306627766" visible="true" version="2" changeset="21012885" timestamp="2014-03-09T19:46:44Z" user="agranizo" uid="1799232" lat="-0.3106562" lon="-78.4512335"/>
 <node id="306627768" visible="true" version="2" changeset="21012885" timestamp="2014-03-09T19:46:44Z" user="agranizo" uid="1799232" lat="-0.3100849" lon="-78.4515188"/>
 <node id="306627770" visible="true" version="1" changeset="526974" timestamp="2008-10-23T18:15:08Z" user="5EE" uid="31138" lat="-0.3098220" lon="-78.4513190"/>
 <node id="306627772" visible="true" version="2" changeset="14900293" timestamp="2013-02-03T18:15:04Z" user="dbusse" uid="149876" lat="-0.3094542" lon="-78.4513708"/>
 <node id="306629698" visible="true" version="1" changeset="526974" timestamp="2008-10-23T18:21:49Z" user="5EE" uid="31138" lat="-0.3035402" lon="-78.4571188"/>
 <node id="306629699" visible="true" version="2" changeset="40523167" timestamp="2016-07-06T15:05:03Z" user="BlueSombra" uid="3242620" lat="-0.3033962" lon="-78.4568279"/>
 <node id="306629700" visible="true" version="2" changeset="156208441" timestamp="2024-09-05T00:30:04Z" user="ChristyElliott" uid="21126491" lat="-0.3031479" lon="-78.4563424"/>
 <node id="367265889" visible="true" version="2" changeset="2129129" timestamp="2009-08-13T10:58:47Z" user="LLAQWA" uid="77114" lat="-0.3209588" lon="-78.4494289"/>
 <node id="367265892" visible="true" version="3" changeset="13102335" timestamp="2012-09-14T01:00:10Z" user="Scalper" uid="849727" lat="-0.3199427" lon="-78.4493095"/>
 <node id="367265895" visible="true" version="3" changeset="13102335" timestamp="2012-09-14T01:00:10Z" user="Scalper" uid="849727" lat="-0.3188258" lon="-78.4490113"/>
 <node id="367265898" visible="true" version="4" changeset="23425082" timestamp="2014-07-01T21:57:36Z" user="agranizo" uid="1799232" lat="-0.3180165" lon="-78.4480458"/>
 <node id="367265900" visible="true" version="3" changeset="13102335" timestamp="2012-09-14T01:00:10Z" user="Scalper" uid="849727" lat="-0.3172347" lon="-78.4479934"/>
 <node id="367265903" visible="true" version="3" changeset="13102335" timestamp="2012-09-14T01:00:10Z" user="Scalper" uid="849727" lat="-0.3165621" lon="-78.4481143"/>
 <node id="367265905" visible="true" version="2" changeset="2129129" timestamp="2009-08-13T10:58:47Z" user="LLAQWA" uid="77114" lat="-0.3161592" lon="-78.4481844"/>
 <node id="367265909" visible="true" version="3" changeset="13102335" timestamp="2012-09-14T01:00:10Z" user="Scalper" uid="849727" lat="-0.3159288" lon="-78.4481680"/>
 <node id="367265912" visible="true" version="3" changeset="13102335" timestamp="2012-09-14T01:00:10Z" user="Scalper" uid="849727" lat="-0.3156810" lon="-78.4479558"/>
 <node id="367265913" visible="true" version="3" changeset="13102335" timestamp="2012-09-14T01:00:10Z" user="Scalper" uid="849727" lat="-0.3154216" lon="-78.4476608"/>
 <node id="367265916" visible="true" version="3" changeset="13102335" timestamp="2012-09-14T01:00:10Z" user="Scalper" uid="849727" lat="-0.3152220" lon="-78.4474859"/>
 <node id="367265919" visible="true" version="4" changeset="154627470" timestamp="2024-07-31T00:38:00Z" user="AlexLoaiza97" uid="21802936" lat="-0.3150267" lon="-78.4474149"/>
 <node id="367265922" visible="true" version="4" changeset="154627470" timestamp="2024-07-31T00:38:00Z" user="AlexLoaiza97" uid="21802936" lat="-0.3149050" lon="-78.4474429"/>
 <node id="367265924" visible="true" version="3" changeset="13102335" timestamp="2012-09-14T01:00:09Z" user="Scalper" uid="849727" lat="-0.3147398" lon="-78.4475658"/>
 <node id="367265926" visible="true" version="3" changeset="13102335" timestamp="2012-09-14T01:00:09Z" user="Scalper" uid="849727" lat="-0.3146540" lon="-78.4477257"/>
 <node id="367265927" visible="true" version="3" changeset="13102335" timestamp="2012-09-14T01:00:09Z" user="Scalper" uid="849727" lat="-0.3145609" lon="-78.4478139"/>
 <node id="367265929" visible="true" version="3" changeset="13102335" timestamp="2012-09-14T01:00:10Z" user="Scalper" uid="849727" lat="-0.3143737" lon="-78.4480017"/>
 <node id="367265932" visible="true" version="3" changeset="13102335" timestamp="2012-09-14T01:00:10Z" user="Scalper" uid="849727" lat="-0.3141596" lon="-78.4480840"/>
 <node id="367265933" visible="true" version="3" changeset="13102335" timestamp="2012-09-14T01:00:10Z" user="Scalper" uid="849727" lat="-0.3139547" lon="-78.4484225"/>
 <node id="367265935" visible="true" version="3" changeset="13102335" timestamp="2012-09-14T01:00:10Z" user="Scalper" uid="849727" lat="-0.3138925" lon="-78.4487020"/>
 <node id="367265936" visible="true" version="4" changeset="155030373" timestamp="2024-08-09T16:01:36Z" user="AlexLoaiza97" uid="21802936" lat="-0.3138094" lon="-78.4488646"/>
 <node id="367265939" visible="true" version="4" changeset="155030373" timestamp="2024-08-09T16:01:36Z" user="AlexLoaiza97" uid="21802936" lat="-0.3137494" lon="-78.4489543"/>
 <node id="367265942" visible="true" version="4" changeset="155030373" timestamp="2024-08-09T16:01:36Z" user="AlexLoaiza97" uid="21802936" lat="-0.3135166" lon="-78.4490700"/>
 <node id="367265968" visible="true" version="3" changeset="14900293" timestamp="2013-02-03T18:15:05Z" user="dbusse" uid="149876" lat="-0.3091663" lon="-78.4515909"/>
 <node id="367265971" visible="true" version="4" changeset="63176867" timestamp="2018-10-03T23:18:41Z" user="friedel_hn" uid="5079" lat="-0.3084548" lon="-78.4516334"/>
 <node id="367265974" visible="true" version="3" changeset="63176867" timestamp="2018-10-03T23:18:41Z" user="friedel_hn" uid="5079" lat="-0.3079832" lon="-78.4517478"/>
 <node id="367265976" visible="true" version="3" changeset="63176867" timestamp="2018-10-03T23:18:41Z" user="friedel_hn" uid="5079" lat="-0.3078179" lon="-78.4519457"/>
 <node id="367265979" visible="true" version="3" changeset="63176867" timestamp="2018-10-03T23:18:41Z" user="friedel_hn" uid="5079" lat="-0.3081537" lon="-78.4523241"/>
 <node id="367265981" visible="true" version="3" changeset="63176867" timestamp="2018-10-03T23:18:41Z" user="friedel_hn" uid="5079" lat="-0.3080590" lon="-78.4526554"/>
 <node id="367265985" visible="true" version="2" changeset="2129129" timestamp="2009-08-13T10:58:45Z" user="LLAQWA" uid="77114" lat="-0.3076778" lon="-78.4527091"/>
 <node id="367265988" visible="true" version="3" changeset="63176867" timestamp="2018-10-03T23:18:41Z" user="friedel_hn" uid="5079" lat="-0.3074794" lon="-78.4527816"/>
 <node id="367265991" visible="true" version="3" changeset="63176867" timestamp="2018-10-03T23:18:41Z" user="friedel_hn" uid="5079" lat="-0.3071194" lon="-78.4532043"/>
 <node id="367265992" visible="true" version="3" changeset="63176867" timestamp="2018-10-03T23:18:41Z" user="friedel_hn" uid="5079" lat="-0.3068319" lon="-78.4532005"/>
 <node id="367265996" visible="true" version="3" changeset="63176867" timestamp="2018-10-03T23:18:41Z" user="friedel_hn" uid="5079" lat="-0.3063325" lon="-78.4531271"/>
 <node id="367265999" visible="true" version="2" changeset="2129129" timestamp="2009-08-13T10:58:45Z" user="LLAQWA" uid="77114" lat="-0.3061279" lon="-78.4532189"/>
 <node id="367266002" visible="true" version="3" changeset="63176867" timestamp="2018-10-03T23:18:41Z" user="friedel_hn" uid="5079" lat="-0.3059415" lon="-78.4534200"/>
 <node id="367266004" visible="true" version="3" changeset="63176867" timestamp="2018-10-03T23:18:41Z" user="friedel_hn" uid="5079" lat="-0.3060079" lon="-78.4539785"/>
 <node id="367266006" visible="true" version="3" changeset="63176867" timestamp="2018-10-03T23:18:41Z" user="friedel_hn" uid="5079" lat="-0.3058857" lon="-78.4542134"/>
 <node id="367266010" visible="true" version="3" changeset="63176867" timestamp="2018-10-03T23:18:41Z" user="friedel_hn" uid="5079" lat="-0.3055742" lon="-78.4543159"/>
 <node id="367266013" visible="true" version="2" changeset="2129129" timestamp="2009-08-13T10:58:45Z" user="LLAQWA" uid="77114" lat="-0.3054164" lon="-78.4544379"/>
 <node id="367266015" visible="true" version="4" changeset="155904654" timestamp="2024-08-28T23:36:44Z" user="rodolfovargas" uid="1217047" lat="-0.3049669" lon="-78.4548892"/>
 <node id="367266018" visible="true" version="4" changeset="156208441" timestamp="2024-09-05T00:30:04Z" user="ChristyElliott" uid="21126491" lat="-0.3042442" lon="-78.4552161"/>
 <node id="367266020" visible="true" version="3" changeset="156208441" timestamp="2024-09-05T00:30:04Z" user="ChristyElliott" uid="21126491" lat="-0.3033815" lon="-78.4557099"/>
 <node id="367266021" visible="true" version="3" changeset="156208441" timestamp="2024-09-05T00:30:04Z" user="ChristyElliott" uid="21126491" lat="-0.3031901" lon="-78.4558949"/>
 <node id="367266024" visible="true" version="4" changeset="156208441" timestamp="2024-09-05T00:30:04Z" user="ChristyElliott" uid="21126491" lat="-0.3031152" lon="-78.4562263"/>
 <node id="373361916" visible="true" version="7" changeset="98290849" timestamp="2021-01-28T11:01:51Z" user="Pavani09" uid="11698693" lat="-0.3124899" lon="-78.4480797"/>
 <node id="373361919" visible="true" version="3" changeset="98290849" timestamp="2021-01-28T11:01:51Z" user="Pavani09" uid="11698693" lat="-0.3127296" lon="-78.4480878"/>
 <node id="373361922" visible="true" version="3" changeset="68108087" timestamp="2019-03-13T17:28:49Z" user="Georafas" uid="9395904" lat="-0.3133460" lon="-78.4482316"/>
 <node id="373361924" visible="true" version="2" changeset="12946562" timestamp="2012-09-01T20:17:29Z" user="Scalper" uid="849727" lat="-0.3137050" lon="-78.4480669"/>
 <node id="373361927" visible="true" version="3" changeset="154625143" timestamp="2024-07-30T22:05:31Z" user="rodolfovargas" uid="1217047" lat="-0.3147492" lon="-78.4473533"/>
 <node id="373361931" visible="true" version="4" changeset="154625143" timestamp="2024-07-30T22:05:31Z" user="rodolfovargas" uid="1217047" lat="-0.3153872" lon="-78.4473716"/>
 <node id="373361934" visible="true" version="4" changeset="154625143" timestamp="2024-07-30T22:05:31Z" user="rodolfovargas" uid="1217047" lat="-0.3156283" lon="-78.4476998"/>
 <node id="373361937" visible="true" version="4" changeset="68108087" timestamp="2019-03-13T17:28:49Z" user="Georafas" uid="9395904" lat="-0.3162690" lon="-78.4479769"/>
 <node id="373361941" visible="true" version="4" changeset="68108087" timestamp="2019-03-13T17:28:49Z" user="Georafas" uid="9395904" lat="-0.3177340" lon="-78.4477499"/>
 <node id="373361944" visible="true" version="4" changeset="68108087" timestamp="2019-03-13T17:28:49Z" user="Georafas" uid="9395904" lat="-0.3183662" lon="-78.4481406"/>
 <node id="373361947" visible="true" version="8" changeset="135743349" timestamp="2023-05-05T13:51:19Z" user="Pegasus21" uid="13510663" lat="-0.3184276" lon="-78.4483301"/>
 <node id="499492593" visible="true" version="4" changeset="68102080" timestamp="2019-03-13T14:31:05Z" user="Georafas" uid="9395904" lat="-0.3208480" lon="-78.4423825"/>
 <node id="499504086" visible="true" version="7" changeset="65974284" timestamp="2019-01-02T23:50:14Z" user="yjn3n" uid="8090154" lat="-0.3151177" lon="-78.4419934">
  <tag k="highway" v="traffic_signals"/>
  <tag k="traffic_signals" v="signal"/>
 </node>
 <node id="1005667027" visible="true" version="6" changeset="140976889" timestamp="2023-09-08T09:01:47Z" user="MontBlanc1" uid="19895323" lat="-0.3189108" lon="-78.4423218"/>
 <node id="1005667028" visible="true" version="3" changeset="68344109" timestamp="2019-03-20T16:53:12Z" user="Georafas" uid="9395904" lat="-0.3198998" lon="-78.4387829"/>
 <node id="1005667029" visible="true" version="3" changeset="140976889" timestamp="2023-09-08T09:01:47Z" user="MontBlanc1" uid="19895323" lat="-0.3189190" lon="-78.4386924"/>
 <node id="1855823883" visible="true" version="5" changeset="88804232" timestamp="2020-08-01T03:10:35Z" user="Evelyn Angos" uid="11583100" lat="-0.3144838" lon="-78.4447007">
  <tag k="name" v="ESPE"/>
  <tag k="place" v="square"/>
  <tag k="wikidata" v="Q5397474"/>
  <tag k="wikipedia" v="es:Universidad de las Fuerzas Armadas - ESPE"/>
 </node>
 <node id="1855823969" visible="true" version="2" changeset="12946562" timestamp="2012-09-01T20:38:31Z" user="Scalper" uid="849727" lat="-0.3118030" lon="-78.4456850"/>
 <node id="1855823998" visible="true" version="3" changeset="135742850" timestamp="2023-05-05T13:40:03Z" user="Pegasus21" uid="13510663" lat="-0.3132830" lon="-78.4472093"/>
 <node id="1855824017" visible="true" version="3" changeset="135742850" timestamp="2023-05-05T13:40:03Z" user="Pegasus21" uid="13510663" lat="-0.3148977" lon="-78.4430301"/>
 <node id="1855824031" visible="true" version="3" changeset="39724696" timestamp="2016-06-02T04:08:46Z" user="JAAS" uid="3321532" lat="-0.3158553" lon="-78.4462351"/>
 <node id="1855824037" visible="true" version="2" changeset="12946562" timestamp="2012-09-01T20:38:31Z" user="Scalper" uid="849727" lat="-0.3164162" lon="-78.4462988"/>
 <node id="1855824054" visible="true" version="2" changeset="12946562" timestamp="2012-09-01T20:38:32Z" user="Scalper" uid="849727" lat="-0.3167723" lon="-78.4465135"/>
 <node id="1855824056" visible="true" version="2" changeset="12946562" timestamp="2012-09-01T20:38:31Z" user="Scalper" uid="849727" lat="-0.3174432" lon="-78.4446573"/>
 <node id="1855824058" visible="true" version="4" changeset="12946562" timestamp="2012-09-01T20:38:31Z" user="Scalper" uid="849727" lat="-0.3171914" lon="-78.4468245"/>
 <node id="1855824060" visible="true" version="2" changeset="12946562" timestamp="2012-09-01T20:38:30Z" user="Scalper" uid="849727" lat="-0.3176225" lon="-78.4447773"/>
 <node id="1855824062" visible="true" version="3" changeset="135744344" timestamp="2023-05-05T14:17:52Z" user="Pegasus21" uid="13510663" lat="-0.3184214" lon="-78.4449363"/>
 <node id="1855824063" visible="true" version="2" changeset="12946562" timestamp="2012-09-01T20:23:14Z" user="Scalper" uid="849727" lat="-0.3185675" lon="-78.4465453"/>
 <node id="1855824067" visible="true" version="2" changeset="12946562" timestamp="2012-09-01T20:23:13Z" user="Scalper" uid="849727" lat="-0.3188569" lon="-78.4452112"/>
 <node id="1855824069" visible="true" version="2" changeset="12946562" timestamp="2012-09-01T20:23:14Z" user="Scalper" uid="849727" lat="-0.3189554" lon="-78.4461648"/>
 <node id="1855824071" visible="true" version="2" changeset="12946562" timestamp="2012-09-01T20:23:14Z" user="Scalper" uid="849727" lat="-0.3189966" lon="-78.4460082"/>
 <node id="1856511951" visible="true" version="2" changeset="136424962" timestamp="2023-05-22T17:53:36Z" user="MishellCatucuamba" uid="12397323" lat="-0.3121022" lon="-78.4457418"/>
 <node id="1856511952" visible="true" version="2" changeset="136424962" timestamp="2023-05-22T17:53:36Z" user="MishellCatucuamba" uid="12397323" lat="-0.3121195" lon="-78.4455478"/>
 <node id="1856511957" visible="true" version="2" changeset="136424962" timestamp="2023-05-22T17:53:36Z" user="MishellCatucuamba" uid="12397323" lat="-0.3123079" lon="-78.4457602"/>
 <node id="1856511958" visible="true" version="6" changeset="98290849" timestamp="2021-01-28T11:01:51Z" user="Pavani09" uid="11698693" lat="-0.3123158" lon="-78.4478704"/>
 <node id="1856511959" visible="true" version="2" changeset="136424962" timestamp="2023-05-22T17:53:36Z" user="MishellCatucuamba" uid="12397323" lat="-0.3123252" lon="-78.4455662"/>
 <node id="1856511960" visible="true" version="2" changeset="136424898" timestamp="2023-05-22T17:52:17Z" user="MishellCatucuamba" uid="12397323" lat="-0.3123689" lon="-78.4461194"/>
 <node id="1856511961" visible="true" version="2" changeset="136424898" timestamp="2023-05-22T17:52:17Z" user="MishellCatucuamba" uid="12397323" lat="-0.3120823" lon="-78.4460342"/>
 <node id="1856511962" visible="true" version="6" changeset="98290849" timestamp="2021-01-28T11:01:51Z" user="Pavani09" uid="11698693" lat="-0.3123488" lon="-78.4480200"/>
 <node id="1856511963" visible="true" version="6" changeset="98290849" timestamp="2021-01-28T11:01:51Z" user="Pavani09" uid="11698693" lat="-0.3124150" lon="-78.4477584"/>
 <node id="1856511964" visible="true" version="4" changeset="136424962" timestamp="2023-05-22T17:53:36Z" user="MishellCatucuamba" uid="12397323" lat="-0.3123972" lon="-78.4457734"/>
 <node id="1856511965" visible="true" version="4" changeset="136424962" timestamp="2023-05-22T17:53:36Z" user="MishellCatucuamba" uid="12397323" lat="-0.3124156" lon="-78.4455713"/>
 <node id="1856511966" visible="true" version="6" changeset="98290849" timestamp="2021-01-28T11:01:51Z" user="Pavani09" uid="11698693" lat="-0.3124652" lon="-78.4477468"/>
 <node id="1856511967" visible="true" version="6" changeset="98290849" timestamp="2021-01-28T11:01:51Z" user="Pavani09" uid="11698693" lat="-0.3125641" lon="-78.4477709"/>
 <node id="1856511968" visible="true" version="2" changeset="136424898" timestamp="2023-05-22T17:52:17Z" user="MishellCatucuamba" uid="12397323" lat="-0.3125721" lon="-78.4461374"/>
 <node id="1856511969" visible="true" version="2" changeset="136424898" timestamp="2023-05-22T17:52:17Z" user="MishellCatucuamba" uid="12397323" lat="-0.3125954" lon="-78.4458748"/>
 <node id="1856511970" visible="true" version="5" changeset="117497239" timestamp="2022-02-16T23:22:03Z" user="(Inactive) Hoordinates" uid="8867106" lat="-0.3118906" lon="-78.4457519"/>
 <node id="1856511971" visible="true" version="4" changeset="136424962" timestamp="2023-05-22T17:53:36Z" user="MishellCatucuamba" uid="12397323" lat="-0.3126181" lon="-78.4455897"/>
 <node id="1856511972" visible="true" version="6" changeset="98290849" timestamp="2021-01-28T11:01:51Z" user="Pavani09" uid="11698693" lat="-0.3125444" lon="-78.4480660"/>
 <node id="1856511973" visible="true" version="5" changeset="98290849" timestamp="2021-01-28T11:01:51Z" user="Pavani09" uid="11698693" lat="-0.3126306" lon="-78.4478480"/>
 <node id="1856511974" visible="true" version="3" changeset="98290849" timestamp="2021-01-28T11:01:51Z" user="Pavani09" uid="11698693" lat="-0.3126148" lon="-78.4480644"/>
 <node id="1856511975" visible="true" version="2" changeset="176740632" timestamp="2026-01-02T12:23:30Z" user="piligab" uid="3877019" lat="-0.3126787" lon="-78.4453671"/>
 <node id="1856511976" visible="true" version="2" changeset="176740632" timestamp="2026-01-02T12:23:30Z" user="piligab" uid="3877019" lat="-0.3127260" lon="-78.4448578"/>
 <node id="1856511977" visible="true" version="2" changeset="176740632" timestamp="2026-01-02T12:23:30Z" user="piligab" uid="3877019" lat="-0.3128519" lon="-78.4455184"/>
 <node id="1856511979" visible="true" version="2" changeset="176740632" timestamp="2026-01-02T12:23:30Z" user="piligab" uid="3877019" lat="-0.3128400" lon="-78.4456473"/>
 <node id="1856511980" visible="true" version="2" changeset="176740632" timestamp="2026-01-02T12:23:30Z" user="piligab" uid="3877019" lat="-0.3128644" lon="-78.4453843"/>
 <node id="1856511981" visible="true" version="2" changeset="176740632" timestamp="2026-01-02T12:23:30Z" user="piligab" uid="3877019" lat="-0.3128674" lon="-78.4453513"/>
 <node id="1856511983" visible="true" version="2" changeset="176740632" timestamp="2026-01-02T12:23:30Z" user="piligab" uid="3877019" lat="-0.3128692" lon="-78.4452266"/>
 <node id="1856511984" visible="true" version="2" changeset="176740632" timestamp="2026-01-02T12:23:30Z" user="piligab" uid="3877019" lat="-0.3129018" lon="-78.4448741"/>
 <node id="1856511985" visible="true" version="2" changeset="176740632" timestamp="2026-01-02T12:23:30Z" user="piligab" uid="3877019" lat="-0.3129074" lon="-78.4455236"/>
 <node id="1856511986" visible="true" version="2" changeset="176740632" timestamp="2026-01-02T12:23:30Z" user="piligab" uid="3877019" lat="-0.3129229" lon="-78.4453564"/>
 <node id="1856511987" visible="true" version="2" changeset="176740632" timestamp="2026-01-02T12:23:30Z" user="piligab" uid="3877019" lat="-0.3130000" lon="-78.4452387"/>
 <node id="1856511988" visible="true" version="2" changeset="176740632" timestamp="2026-01-02T12:23:30Z" user="piligab" uid="3877019" lat="-0.3130168" lon="-78.4450579"/>
 <node id="1856511989" visible="true" version="2" changeset="176740632" timestamp="2026-01-02T12:23:30Z" user="piligab" uid="3877019" lat="-0.3130689" lon="-78.4456685"/>
 <node id="1856511990" visible="true" version="2" changeset="176740632" timestamp="2026-01-02T12:23:30Z" user="piligab" uid="3877019" lat="-0.3130859" lon="-78.4454858"/>
 <node id="1856511991" visible="true" version="5" changeset="176740632" timestamp="2026-01-02T12:23:30Z" user="piligab" uid="3877019" lat="-0.3130950" lon="-78.4468885"/>
 <node id="1856511992" visible="true" version="2" changeset="176740632" timestamp="2026-01-02T12:23:30Z" user="piligab" uid="3877019" lat="-0.3131468" lon="-78.4454915"/>
 <node id="1856511993" visible="true" version="2" changeset="176740632" timestamp="2026-01-02T12:23:30Z" user="piligab" uid="3877019" lat="-0.3131460" lon="-78.4455009"/>
 <node id="1856511994" visible="true" version="2" changeset="176740632" timestamp="2026-01-02T12:23:30Z" user="piligab" uid="3877019" lat="-0.3131526" lon="-78.4453728"/>
 <node id="1856511995" visible="true" version="5" changeset="176740632" timestamp="2026-01-02T12:23:30Z" user="piligab" uid="3877019" lat="-0.3131443" lon="-78.4463901"/>
 <node id="1856511998" visible="true" version="2" changeset="176740632" timestamp="2026-01-02T12:23:30Z" user="piligab" uid="3877019" lat="-0.3131688" lon="-78.4451986"/>
 <node id="1856511999" visible="true" version="2" changeset="176740632" timestamp="2026-01-02T12:23:30Z" user="piligab" uid="3877019" lat="-0.3131786" lon="-78.4458548"/>
 <node id="1856512002" visible="true" version="2" changeset="176740632" timestamp="2026-01-02T12:23:30Z" user="piligab" uid="3877019" lat="-0.3132108" lon="-78.4455069"/>
 <node id="1856512003" visible="true" version="2" changeset="176740632" timestamp="2026-01-02T12:23:30Z" user="piligab" uid="3877019" lat="-0.3132271" lon="-78.4453797"/>
 <node id="1856512004" visible="true" version="2" changeset="176740632" timestamp="2026-01-02T12:23:30Z" user="piligab" uid="3877019" lat="-0.3132323" lon="-78.4452045"/>
 <node id="1856512005" visible="true" version="2" changeset="176740632" timestamp="2026-01-02T12:23:30Z" user="piligab" uid="3877019" lat="-0.3132296" lon="-78.4453522"/>
 <node id="1856512006" visible="true" version="2" changeset="176740632" timestamp="2026-01-02T12:23:30Z" user="piligab" uid="3877019" lat="-0.3132440" lon="-78.4450789"/>
 <node id="1856512007" visible="true" version="2" changeset="176740632" timestamp="2026-01-02T12:23:30Z" user="piligab" uid="3877019" lat="-0.3133509" lon="-78.4458708"/>
 <node id="1856512008" visible="true" version="2" changeset="176740632" timestamp="2026-01-02T12:23:30Z" user="piligab" uid="3877019" lat="-0.3133975" lon="-78.4453678"/>
 <node id="1856512010" visible="true" version="4" changeset="176740632" timestamp="2026-01-02T12:23:30Z" user="piligab" uid="3877019" lat="-0.3134758" lon="-78.4469262"/>
 <node id="1856512012" visible="true" version="5" changeset="176740632" timestamp="2026-01-02T12:23:30Z" user="piligab" uid="3877019" lat="-0.3135358" lon="-78.4464288"/>
 <node id="1856512013" visible="true" version="5" changeset="176740632" timestamp="2026-01-02T12:23:30Z" user="piligab" uid="3877019" lat="-0.3136316" lon="-78.4458943"/>
 <node id="1856512014" visible="true" version="5" changeset="176740632" timestamp="2026-01-02T12:23:30Z" user="piligab" uid="3877019" lat="-0.3136783" lon="-78.4453943"/>
 <node id="1856512015" visible="true" version="5" changeset="176740632" timestamp="2026-01-02T12:23:30Z" user="piligab" uid="3877019" lat="-0.3138039" lon="-78.4459104"/>
 <node id="1856512016" visible="true" version="5" changeset="176740632" timestamp="2026-01-02T12:23:30Z" user="piligab" uid="3877019" lat="-0.3138361" lon="-78.4455659"/>
 <node id="1856512017" visible="true" version="5" changeset="176740632" timestamp="2026-01-02T12:23:30Z" user="piligab" uid="3877019" lat="-0.3138507" lon="-78.4454104"/>
 <node id="1856512018" visible="true" version="5" changeset="176740632" timestamp="2026-01-02T12:23:30Z" user="piligab" uid="3877019" lat="-0.3138484" lon="-78.4454350"/>
 <node id="1856512019" visible="true" version="5" changeset="176740632" timestamp="2026-01-02T12:23:30Z" user="piligab" uid="3877019" lat="-0.3138713" lon="-78.4452551"/>
 <node id="1856512020" visible="true" version="5" changeset="176740632" timestamp="2026-01-02T12:23:30Z" user="piligab" uid="3877019" lat="-0.3138824" lon="-78.4451362"/>
 <node id="1856512021" visible="true" version="5" changeset="176740632" timestamp="2026-01-02T12:23:30Z" user="piligab" uid="3877019" lat="-0.3139155" lon="-78.4454413"/>
 <node id="1856512022" visible="true" version="5" changeset="176740632" timestamp="2026-01-02T12:23:30Z" user="piligab" uid="3877019" lat="-0.3139323" lon="-78.4452608"/>
 <node id="1856512023" visible="true" version="5" changeset="176740632" timestamp="2026-01-02T12:23:30Z" user="piligab" uid="3877019" lat="-0.3139442" lon="-78.4457428"/>
 <node id="1856512024" visible="true" version="5" changeset="176740632" timestamp="2026-01-02T12:23:30Z" user="piligab" uid="3877019" lat="-0.3139610" lon="-78.4455628"/>
 <node id="1856512025" visible="true" version="5" changeset="176740632" timestamp="2026-01-02T12:23:30Z" user="piligab" uid="3877019" lat="-0.3141040" lon="-78.4453352"/>
 <node id="1856512026" visible="true" version="5" changeset="176740632" timestamp="2026-01-02T12:23:30Z" user="piligab" uid="3877019" lat="-0.3141205" lon="-78.4451585"/>
 <node id="1856512028" visible="true" version="5" changeset="176740632" timestamp="2026-01-02T12:23:30Z" user="piligab" uid="3877019" lat="-0.3141535" lon="-78.4454566"/>
 <node id="1856512029" visible="true" version="5" changeset="176740632" timestamp="2026-01-02T12:23:30Z" user="piligab" uid="3877019" lat="-0.3141847" lon="-78.4457652"/>
 <node id="1856512030" visible="true" version="5" changeset="176740632" timestamp="2026-01-02T12:23:30Z" user="piligab" uid="3877019" lat="-0.3141961" lon="-78.4456439"/>
 <node id="1856512031" visible="true" version="5" changeset="176740632" timestamp="2026-01-02T12:23:30Z" user="piligab" uid="3877019" lat="-0.3142156" lon="-78.4454624"/>
 <node id="1856512032" visible="true" version="5" changeset="176740632" timestamp="2026-01-02T12:23:30Z" user="piligab" uid="3877019" lat="-0.3142130" lon="-78.4454910"/>
 <node id="1856512033" visible="true" version="5" changeset="176740632" timestamp="2026-01-02T12:23:30Z" user="piligab" uid="3877019" lat="-0.3142276" lon="-78.4453468"/>
 <node id="1856512034" visible="true" version="4" changeset="176740632" timestamp="2026-01-02T12:23:30Z" user="piligab" uid="3877019" lat="-0.3142608" lon="-78.4449906"/>
 <node id="1856512035" visible="true" version="5" changeset="176740632" timestamp="2026-01-02T12:23:30Z" user="piligab" uid="3877019" lat="-0.3143883" lon="-78.4455074"/>
 <node id="1856512036" visible="true" version="4" changeset="176740632" timestamp="2026-01-02T12:23:30Z" user="piligab" uid="3877019" lat="-0.3144350" lon="-78.4450068"/>
 <node id="1856522474" visible="true" version="2" changeset="44750867" timestamp="2016-12-29T08:37:31Z" user="kevin Prince" uid="4803512" lat="-0.3127502" lon="-78.4458366"/>
 <node id="1856522475" visible="true" version="1" changeset="12652719" timestamp="2012-08-08T02:17:45Z" user="arnotixe" uid="258131" lat="-0.3128796" lon="-78.4459155"/>
 <node id="1856522481" visible="true" version="1" changeset="12652719" timestamp="2012-08-08T02:17:46Z" user="arnotixe" uid="258131" lat="-0.3133907" lon="-78.4459790"/>
 <node id="1856522482" visible="true" version="2" changeset="12946562" timestamp="2012-09-01T20:17:29Z" user="Scalper" uid="849727" lat="-0.3135384" lon="-78.4481752"/>
 <node id="1856522483" visible="true" version="1" changeset="12652719" timestamp="2012-08-08T02:17:46Z" user="arnotixe" uid="258131" lat="-0.3135050" lon="-78.4441948"/>
 <node id="1856522484" visible="true" version="3" changeset="141144230" timestamp="2023-09-12T05:50:58Z" user="PatagonianPlateau" uid="17999760" lat="-0.3135223" lon="-78.4465292"/>
 <node id="1856522485" visible="true" version="2" changeset="136424496" timestamp="2023-05-22T17:38:57Z" user="MishellCatucuamba" uid="12397323" lat="-0.3135310" lon="-78.4440073"/>
 <node id="1856522486" visible="true" version="2" changeset="136424496" timestamp="2023-05-22T17:38:57Z" user="MishellCatucuamba" uid="12397323" lat="-0.3135957" lon="-78.4437454"/>
 <node id="1856522488" visible="true" version="3" changeset="141144230" timestamp="2023-09-12T05:50:58Z" user="PatagonianPlateau" uid="17999760" lat="-0.3136210" lon="-78.4465340"/>
 <node id="1856522489" visible="true" version="4" changeset="136424496" timestamp="2023-05-22T17:38:57Z" user="MishellCatucuamba" uid="12397323" lat="-0.3136767" lon="-78.4437685"/>
 <node id="1856522490" visible="true" version="4" changeset="136424496" timestamp="2023-05-22T17:38:57Z" user="MishellCatucuamba" uid="12397323" lat="-0.3136790" lon="-78.4438142"/>
 <node id="1856522492" visible="true" version="4" changeset="136424496" timestamp="2023-05-22T17:38:57Z" user="MishellCatucuamba" uid="12397323" lat="-0.3136954" lon="-78.4437396"/>
 <node id="1856522493" visible="true" version="1" changeset="12652719" timestamp="2012-08-08T02:17:46Z" user="arnotixe" uid="258131" lat="-0.3137018" lon="-78.4459917"/>
 <node id="1856522496" visible="true" version="4" changeset="136424496" timestamp="2023-05-22T17:38:57Z" user="MishellCatucuamba" uid="12397323" lat="-0.3137283" lon="-78.4439042"/>
 <node id="1856522497" visible="true" version="4" changeset="136424496" timestamp="2023-05-22T17:38:57Z" user="MishellCatucuamba" uid="12397323" lat="-0.3137303" lon="-78.4438466"/>
 <node id="1856522498" visible="true" version="4" changeset="136424496" timestamp="2023-05-22T17:38:57Z" user="MishellCatucuamba" uid="12397323" lat="-0.3137427" lon="-78.4437272"/>
 <node id="1856522499" visible="true" version="4" changeset="136424496" timestamp="2023-05-22T17:38:57Z" user="MishellCatucuamba" uid="12397323" lat="-0.3137447" lon="-78.4436799"/>
 <node id="1856522500" visible="true" version="4" changeset="136424496" timestamp="2023-05-22T17:38:57Z" user="MishellCatucuamba" uid="12397323" lat="-0.3137653" lon="-78.4439803"/>
 <node id="1856522501" visible="true" version="4" changeset="136424496" timestamp="2023-05-22T17:38:57Z" user="MishellCatucuamba" uid="12397323" lat="-0.3137694" lon="-78.4439350"/>
 <node id="1856522502" visible="true" version="4" changeset="136424496" timestamp="2023-05-22T17:38:57Z" user="MishellCatucuamba" uid="12397323" lat="-0.3137921" lon="-78.4436470"/>
 <node id="1856522503" visible="true" version="4" changeset="136424496" timestamp="2023-05-22T17:38:57Z" user="MishellCatucuamba" uid="12397323" lat="-0.3137982" lon="-78.4435894"/>
 <node id="1856522504" visible="true" version="4" changeset="136424496" timestamp="2023-05-22T17:38:57Z" user="MishellCatucuamba" uid="12397323" lat="-0.3138208" lon="-78.4440275"/>
 <node id="1856522505" visible="true" version="4" changeset="136424496" timestamp="2023-05-22T17:38:57Z" user="MishellCatucuamba" uid="12397323" lat="-0.3138290" lon="-78.4435538"/>
 <node id="1856522507" visible="true" version="2" changeset="38005008" timestamp="2016-03-22T18:14:21Z" user="biandrade" uid="2143178" lat="-0.3138620" lon="-78.4449498"/>
 <node id="1856522508" visible="true" version="4" changeset="136424496" timestamp="2023-05-22T17:38:57Z" user="MishellCatucuamba" uid="12397323" lat="-0.3138991" lon="-78.4440009"/>
 <node id="1856522510" visible="true" version="4" changeset="136424496" timestamp="2023-05-22T17:38:57Z" user="MishellCatucuamba" uid="12397323" lat="-0.3139701" lon="-78.4440360"/>
 <node id="1856522511" visible="true" version="4" changeset="136424496" timestamp="2023-05-22T17:38:57Z" user="MishellCatucuamba" uid="12397323" lat="-0.3140266" lon="-78.4440153"/>
 <node id="1856522512" visible="true" version="4" changeset="136424496" timestamp="2023-05-22T17:38:57Z" user="MishellCatucuamba" uid="12397323" lat="-0.3140401" lon="-78.4439558"/>
 <node id="1856522513" visible="true" version="4" changeset="136424496" timestamp="2023-05-22T17:38:57Z" user="MishellCatucuamba" uid="12397323" lat="-0.3140643" lon="-78.4436563"/>
 <node id="1856522514" visible="true" version="4" changeset="136424496" timestamp="2023-05-22T17:38:57Z" user="MishellCatucuamba" uid="12397323" lat="-0.3140533" lon="-78.4435649"/>
 <node id="1856522515" visible="true" version="4" changeset="136424496" timestamp="2023-05-22T17:38:57Z" user="MishellCatucuamba" uid="12397323" lat="-0.3140882" lon="-78.4439279"/>
 <node id="1856522516" visible="true" version="4" changeset="136424496" timestamp="2023-05-22T17:38:57Z" user="MishellCatucuamba" uid="12397323" lat="-0.3140998" lon="-78.4438918"/>
 <node id="1856522517" visible="true" version="4" changeset="136424496" timestamp="2023-05-22T17:38:57Z" user="MishellCatucuamba" uid="12397323" lat="-0.3141060" lon="-78.4437432"/>
 <node id="1856522518" visible="true" version="4" changeset="136424496" timestamp="2023-05-22T17:38:57Z" user="MishellCatucuamba" uid="12397323" lat="-0.3141134" lon="-78.4436872"/>
 <node id="1856522519" visible="true" version="4" changeset="136424496" timestamp="2023-05-22T17:38:57Z" user="MishellCatucuamba" uid="12397323" lat="-0.3141482" lon="-78.4438622"/>
 <node id="1856522520" visible="true" version="4" changeset="136424496" timestamp="2023-05-22T17:38:57Z" user="MishellCatucuamba" uid="12397323" lat="-0.3141520" lon="-78.4437756"/>
 <node id="1856522521" visible="true" version="1" changeset="12652719" timestamp="2012-08-08T02:17:47Z" user="arnotixe" uid="258131" lat="-0.3141432" lon="-78.4449697"/>
 <node id="1856522522" visible="true" version="4" changeset="136424496" timestamp="2023-05-22T17:38:57Z" user="MishellCatucuamba" uid="12397323" lat="-0.3141696" lon="-78.4438106"/>
 <node id="1856522523" visible="true" version="1" changeset="12652719" timestamp="2012-08-08T02:17:47Z" user="arnotixe" uid="258131" lat="-0.3142757" lon="-78.4435106"/>
 <node id="1856522525" visible="true" version="1" changeset="12652719" timestamp="2012-08-08T02:17:47Z" user="arnotixe" uid="258131" lat="-0.3143016" lon="-78.4431922"/>
 <node id="1856522526" visible="true" version="1" changeset="12652719" timestamp="2012-08-08T02:17:47Z" user="arnotixe" uid="258131" lat="-0.3143183" lon="-78.4429336"/>
 <node id="1856522527" visible="true" version="2" changeset="35779528" timestamp="2015-12-06T02:28:35Z" user="biandrade" uid="2143178" lat="-0.3143732" lon="-78.4437565"/>
 <node id="1856522528" visible="true" version="2" changeset="35779528" timestamp="2015-12-06T02:28:35Z" user="biandrade" uid="2143178" lat="-0.3143685" lon="-78.4436724"/>
 <node id="1856522529" visible="true" version="2" changeset="35779528" timestamp="2015-12-06T02:28:35Z" user="biandrade" uid="2143178" lat="-0.3143907" lon="-78.4437600"/>
 <node id="1856522530" visible="true" version="2" changeset="35779528" timestamp="2015-12-06T02:28:35Z" user="biandrade" uid="2143178" lat="-0.3144164" lon="-78.4437436"/>
 <node id="1856522531" visible="true" version="2" changeset="35779528" timestamp="2015-12-06T02:28:35Z" user="biandrade" uid="2143178" lat="-0.3145098" lon="-78.4438207"/>
 <node id="1856522532" visible="true" version="2" changeset="35779528" timestamp="2015-12-06T02:28:35Z" user="biandrade" uid="2143178" lat="-0.3144806" lon="-78.4436350"/>
 <node id="1856522533" visible="true" version="2" changeset="35779528" timestamp="2015-12-06T02:28:35Z" user="biandrade" uid="2143178" lat="-0.3145845" lon="-78.4437985"/>
 <node id="1856522534" visible="true" version="2" changeset="35779528" timestamp="2015-12-06T02:28:35Z" user="biandrade" uid="2143178" lat="-0.3145856" lon="-78.4438242"/>
 <node id="1856522535" visible="true" version="2" changeset="35779528" timestamp="2015-12-06T02:28:35Z" user="biandrade" uid="2143178" lat="-0.3145833" lon="-78.4437682"/>
 <node id="1856522536" visible="true" version="2" changeset="35779528" timestamp="2015-12-06T02:28:35Z" user="biandrade" uid="2143178" lat="-0.3145178" lon="-78.4435810"/>
 <node id="1856522537" visible="true" version="1" changeset="12652719" timestamp="2012-08-08T02:17:47Z" user="arnotixe" uid="258131" lat="-0.3145707" lon="-78.4429506"/>
 <node id="1856522538" visible="true" version="2" changeset="35779528" timestamp="2015-12-06T02:28:35Z" user="biandrade" uid="2143178" lat="-0.3145922" lon="-78.4435823"/>
 <node id="1856522539" visible="true" version="2" changeset="35779528" timestamp="2015-12-06T02:28:35Z" user="biandrade" uid="2143178" lat="-0.3146224" lon="-78.4438031"/>
 <node id="1856522540" visible="true" version="3" changeset="44746269" timestamp="2016-12-29T03:11:33Z" user="Stella Lee" uid="4803484" lat="-0.3146115" lon="-78.4423209"/>
 <node id="1856522541" visible="true" version="3" changeset="44746269" timestamp="2016-12-29T03:11:33Z" user="Stella Lee" uid="4803484" lat="-0.3146158" lon="-78.4422715"/>
 <node id="1856522542" visible="true" version="1" changeset="12652719" timestamp="2012-08-08T02:17:48Z" user="arnotixe" uid="258131" lat="-0.3146111" lon="-78.4460479"/>
 <node id="1856522543" visible="true" version="2" changeset="35779528" timestamp="2015-12-06T02:28:35Z" user="biandrade" uid="2143178" lat="-0.3146956" lon="-78.4436678"/>
 <node id="1856522544" visible="true" version="2" changeset="35779528" timestamp="2015-12-06T02:28:35Z" user="biandrade" uid="2143178" lat="-0.3146559" lon="-78.4436501"/>
 <node id="1856522545" visible="true" version="4" changeset="135742850" timestamp="2023-05-05T13:40:03Z" user="Pegasus21" uid="13510663" lat="-0.3146336" lon="-78.4430152"/>
 <node id="1856522546" visible="true" version="3" changeset="135743281" timestamp="2023-05-05T13:49:45Z" user="Pegasus21" uid="13510663" lat="-0.3146661" lon="-78.4426796"/>
 <node id="1856522547" visible="true" version="4" changeset="154627312" timestamp="2024-07-31T00:21:41Z" user="AlexLoaiza97" uid="21802936" lat="-0.3146766" lon="-78.4465224"/>
 <node id="1856522548" visible="true" version="4" changeset="154627312" timestamp="2024-07-31T00:21:41Z" user="AlexLoaiza97" uid="21802936" lat="-0.3146944" lon="-78.4463151"/>
 <node id="1856522549" visible="true" version="2" changeset="35779528" timestamp="2015-12-06T02:28:35Z" user="biandrade" uid="2143178" lat="-0.3147356" lon="-78.4437733"/>
 <node id="1856522550" visible="true" version="2" changeset="35779528" timestamp="2015-12-06T02:28:35Z" user="biandrade" uid="2143178" lat="-0.3147383" lon="-78.4436892"/>
 <node id="1856522551" visible="true" version="1" changeset="12652719" timestamp="2012-08-08T02:17:48Z" user="arnotixe" uid="258131" lat="-0.3147229" lon="-78.4429603"/>
 <node id="1856522553" visible="true" version="3" changeset="154627347" timestamp="2024-07-31T00:23:12Z" user="AlexLoaiza97" uid="21802936" lat="-0.3147467" lon="-78.4461117"/>
 <node id="1856522554" visible="true" version="2" changeset="35779528" timestamp="2015-12-06T02:28:35Z" user="biandrade" uid="2143178" lat="-0.3146783" lon="-78.4436607"/>
 <node id="1856522555" visible="true" version="4" changeset="154627312" timestamp="2024-07-31T00:21:41Z" user="AlexLoaiza97" uid="21802936" lat="-0.3148070" lon="-78.4463248"/>
 <node id="1856522556" visible="true" version="1" changeset="12652719" timestamp="2012-08-08T02:17:48Z" user="arnotixe" uid="258131" lat="-0.3148112" lon="-78.4458277"/>
 <node id="1856522557" visible="true" version="7" changeset="154627347" timestamp="2024-07-31T00:23:12Z" user="AlexLoaiza97" uid="21802936" lat="-0.3147831" lon="-78.4461578"/>
 <node id="1856522559" visible="true" version="4" changeset="154627312" timestamp="2024-07-31T00:21:41Z" user="AlexLoaiza97" uid="21802936" lat="-0.3148216" lon="-78.4461551"/>
 <node id="1856522560" visible="true" version="2" changeset="117497239" timestamp="2022-02-16T23:22:03Z" user="(Inactive) Hoordinates" uid="8867106" lat="-0.3148535" lon="-78.4429703"/>
 <node id="1856522561" visible="true" version="1" changeset="12652719" timestamp="2012-08-08T02:17:48Z" user="arnotixe" uid="258131" lat="-0.3148373" lon="-78.4455362"/>
 <node id="1856522564" visible="true" version="4" changeset="154627312" timestamp="2024-07-31T00:21:41Z" user="AlexLoaiza97" uid="21802936" lat="-0.3148873" lon="-78.4465405"/>
 <node id="1856522565" visible="true" version="4" changeset="154627312" timestamp="2024-07-31T00:21:41Z" user="AlexLoaiza97" uid="21802936" lat="-0.3149015" lon="-78.4463752"/>
 <node id="1856522566" visible="true" version="3" changeset="135743281" timestamp="2023-05-05T13:49:45Z" user="Pegasus21" uid="13510663" lat="-0.3149287" lon="-78.4426990"/>
 <node id="1856522569" visible="true" version="4" changeset="154627312" timestamp="2024-07-31T00:21:41Z" user="AlexLoaiza97" uid="21802936" lat="-0.3150164" lon="-78.4463850"/>
 <node id="1856522570" visible="true" version="1" changeset="12652719" timestamp="2012-08-08T02:17:49Z" user="arnotixe" uid="258131" lat="-0.3150171" lon="-78.4458437"/>
 <node id="1856522571" visible="true" version="1" changeset="12652719" timestamp="2012-08-08T02:17:49Z" user="arnotixe" uid="258131" lat="-0.3150309" lon="-78.4467185"/>
 <node id="1856522572" visible="true" version="1" changeset="12652719" timestamp="2012-08-08T02:17:49Z" user="arnotixe" uid="258131" lat="-0.3150371" lon="-78.4455564"/>
 <node id="1856522573" visible="true" version="4" changeset="154627312" timestamp="2024-07-31T00:21:41Z" user="AlexLoaiza97" uid="21802936" lat="-0.3150346" lon="-78.4461734"/>
 <node id="1856522574" visible="true" version="3" changeset="44746269" timestamp="2016-12-29T03:11:33Z" user="Stella Lee" uid="4803484" lat="-0.3150509" lon="-78.4423591"/>
 <node id="1856522575" visible="true" version="1" changeset="12652719" timestamp="2012-08-08T02:17:49Z" user="arnotixe" uid="258131" lat="-0.3150439" lon="-78.4455631"/>
 <node id="1856522576" visible="true" version="3" changeset="44746269" timestamp="2016-12-29T03:11:33Z" user="Stella Lee" uid="4803484" lat="-0.3150552" lon="-78.4423097"/>
 <node id="1856522578" visible="true" version="1" changeset="12652719" timestamp="2012-08-08T02:17:49Z" user="arnotixe" uid="258131" lat="-0.3150563" lon="-78.4453949"/>
 <node id="1856522580" visible="true" version="1" changeset="12652719" timestamp="2012-08-08T02:17:49Z" user="arnotixe" uid="258131" lat="-0.3150703" lon="-78.4422086"/>
 <node id="1856522582" visible="true" version="3" changeset="154625143" timestamp="2024-07-30T22:05:31Z" user="rodolfovargas" uid="1217047" lat="-0.3151075" lon="-78.4472322"/>
 <node id="1856522584" visible="true" version="4" changeset="65974284" timestamp="2019-01-02T23:50:14Z" user="yjn3n" uid="8090154" lat="-0.3152564" lon="-78.4420077">
  <tag k="highway" v="traffic_signals"/>
  <tag k="traffic_signals" v="signal"/>
 </node>
 <node id="1856522586" visible="true" version="3" changeset="42453468" timestamp="2016-09-26T18:53:03Z" user="GeoCrazy" uid="3693002" lat="-0.3153071" lon="-78.4422447"/>
 <node id="1856522589" visible="true" version="2" changeset="35779679" timestamp="2015-12-06T03:02:14Z" user="biandrade" uid="2143178" lat="-0.3153089" lon="-78.4422262"/>
 <node id="1856522590" visible="true" version="1" changeset="12652719" timestamp="2012-08-08T02:17:49Z" user="arnotixe" uid="258131" lat="-0.3153326" lon="-78.4455928"/>
 <node id="1856522592" visible="true" version="1" changeset="12652719" timestamp="2012-08-08T02:17:49Z" user="arnotixe" uid="258131" lat="-0.3153514" lon="-78.4454240"/>
 <node id="1856522597" visible="true" version="3" changeset="42453468" timestamp="2016-09-26T18:53:03Z" user="GeoCrazy" uid="3693002" lat="-0.3154206" lon="-78.4422625"/>
 <node id="1856522598" visible="true" version="2" changeset="35779679" timestamp="2015-12-06T03:02:14Z" user="biandrade" uid="2143178" lat="-0.3154238" lon="-78.4422410"/>
 <node id="1856522601" visible="true" version="2" changeset="35779679" timestamp="2015-12-06T03:02:14Z" user="biandrade" uid="2143178" lat="-0.3154334" lon="-78.4422603"/>
 <node id="1856522602" visible="true" version="1" changeset="12652719" timestamp="2012-08-08T02:17:50Z" user="arnotixe" uid="258131" lat="-0.3154443" lon="-78.4422594"/>
 <node id="1856522604" visible="true" version="1" changeset="12652719" timestamp="2012-08-08T02:17:50Z" user="arnotixe" uid="258131" lat="-0.3154680" lon="-78.4419497"/>
 <node id="1856522609" visible="true" version="3" changeset="175938886" timestamp="2025-12-14T23:56:25Z" user="susaanna" uid="23188359" lat="-0.3161585" lon="-78.4468129"/>
 <node id="1856522612" visible="true" version="2" changeset="12946562" timestamp="2012-09-01T20:38:31Z" user="Scalper" uid="849727" lat="-0.3161669" lon="-78.4433896"/>
 <node id="1856522619" visible="true" version="3" changeset="176740819" timestamp="2026-01-02T12:28:10Z" user="piligab" uid="3877019" lat="-0.3163598" lon="-78.4430321"/>
 <node id="1856522620" visible="true" version="4" changeset="176740819" timestamp="2026-01-02T12:28:10Z" user="piligab" uid="3877019" lat="-0.3163646" lon="-78.4428429"/>
 <node id="1856522621" visible="true" version="1" changeset="12652719" timestamp="2012-08-08T02:17:51Z" user="arnotixe" uid="258131" lat="-0.3164255" lon="-78.4431699"/>
 <node id="1856522624" visible="true" version="3" changeset="176740819" timestamp="2026-01-02T12:28:10Z" user="piligab" uid="3877019" lat="-0.3167016" lon="-78.4430461"/>
 <node id="1856522625" visible="true" version="3" changeset="176740819" timestamp="2026-01-02T12:28:10Z" user="piligab" uid="3877019" lat="-0.3167036" lon="-78.4429968"/>
 <node id="1856522628" visible="true" version="3" changeset="176740819" timestamp="2026-01-02T12:28:10Z" user="piligab" uid="3877019" lat="-0.3167716" lon="-78.4429996"/>
 <node id="1856522629" visible="true" version="3" changeset="176740819" timestamp="2026-01-02T12:28:10Z" user="piligab" uid="3877019" lat="-0.3167736" lon="-78.4429511"/>
 <node id="1856522631" visible="true" version="4" changeset="176740819" timestamp="2026-01-02T12:28:10Z" user="piligab" uid="3877019" lat="-0.3167711" lon="-78.4428245"/>
 <node id="1856522632" visible="true" version="4" changeset="176740819" timestamp="2026-01-02T12:28:10Z" user="piligab" uid="3877019" lat="-0.3167739" lon="-78.4427550"/>
 <node id="1856522635" visible="true" version="2" changeset="12946562" timestamp="2012-09-01T20:38:32Z" user="Scalper" uid="849727" lat="-0.3167958" lon="-78.4468776"/>
 <node id="1856522639" visible="true" version="3" changeset="176740819" timestamp="2026-01-02T12:28:10Z" user="piligab" uid="3877019" lat="-0.3171064" lon="-78.4429648"/>
 <node id="1856522642" visible="true" version="2" changeset="12946562" timestamp="2012-09-01T20:23:14Z" user="Scalper" uid="849727" lat="-0.3172881" lon="-78.4468935"/>
 <node id="1856522644" visible="true" version="2" changeset="175938470" timestamp="2025-12-14T23:30:05Z" user="susaanna" uid="23188359" lat="-0.3174732" lon="-78.4444667"/>
 <node id="1856522646" visible="true" version="2" changeset="175938470" timestamp="2025-12-14T23:30:05Z" user="susaanna" uid="23188359" lat="-0.3174959" lon="-78.4438485"/>
 <node id="1856522649" visible="true" version="2" changeset="12946562" timestamp="2012-09-01T20:23:14Z" user="Scalper" uid="849727" lat="-0.3176955" lon="-78.4471563"/>
 <node id="1856522656" visible="true" version="1" changeset="12652719" timestamp="2012-08-08T02:17:52Z" user="arnotixe" uid="258131" lat="-0.3179340" lon="-78.4432148"/>
 <node id="1856522658" visible="true" version="3" changeset="68108087" timestamp="2019-03-13T17:28:49Z" user="Georafas" uid="9395904" lat="-0.3179506" lon="-78.4477873"/>
 <node id="1856522660" visible="true" version="2" changeset="175938470" timestamp="2025-12-14T23:30:05Z" user="susaanna" uid="23188359" lat="-0.3180856" lon="-78.4443722"/>
 <node id="1856522661" visible="true" version="2" changeset="175938470" timestamp="2025-12-14T23:30:05Z" user="susaanna" uid="23188359" lat="-0.3181044" lon="-78.4438714"/>
 <node id="1856522662" visible="true" version="4" changeset="68108087" timestamp="2019-03-13T17:28:49Z" user="Georafas" uid="9395904" lat="-0.3181595" lon="-78.4478917"/>
 <node id="1856522666" visible="true" version="4" changeset="135741491" timestamp="2023-05-05T13:08:02Z" user="Pegasus21" uid="13510663" lat="-0.3182608" lon="-78.4475579">
  <tag k="access" v="private"/>
  <tag k="barrier" v="gate"/>
 </node>
 <node id="1856522672" visible="true" version="2" changeset="12946562" timestamp="2012-09-01T20:23:14Z" user="Scalper" uid="849727" lat="-0.3185010" lon="-78.4477527"/>
 <node id="1856522680" visible="true" version="8" changeset="135743349" timestamp="2023-05-05T13:51:19Z" user="Pegasus21" uid="13510663" lat="-0.3187503" lon="-78.4480387"/>
 <node id="1856522687" visible="true" version="2" changeset="175931267" timestamp="2025-12-14T19:03:41Z" user="susaanna" uid="23188359" lat="-0.3190963" lon="-78.4455175"/>
 <node id="1856522691" visible="true" version="2" changeset="175931409" timestamp="2025-12-14T19:07:39Z" user="susaanna" uid="23188359" lat="-0.3191571" lon="-78.4460718"/>
 <node id="1856522692" visible="true" version="2" changeset="175931267" timestamp="2025-12-14T19:03:41Z" user="susaanna" uid="23188359" lat="-0.3191944" lon="-78.4450377"/>
 <node id="1856522693" visible="true" version="2" changeset="175931409" timestamp="2025-12-14T19:07:39Z" user="susaanna" uid="23188359" lat="-0.3191808" lon="-78.4459705"/>
 <node id="1856522694" visible="true" version="2" changeset="175931409" timestamp="2025-12-14T19:07:39Z" user="susaanna" uid="23188359" lat="-0.3192053" lon="-78.4458175"/>
 <node id="1856522696" visible="true" version="2" changeset="175931267" timestamp="2025-12-14T19:03:41Z" user="susaanna" uid="23188359" lat="-0.3192616" lon="-78.4455487"/>
 <node id="1856522697" visible="true" version="2" changeset="175931267" timestamp="2025-12-14T19:03:41Z" user="susaanna" uid="23188359" lat="-0.3193525" lon="-78.4450675"/>
 <node id="1856522700" visible="true" version="3" changeset="68341217" timestamp="2019-03-20T15:50:40Z" user="Georafas" uid="9395904" lat="-0.3193757" lon="-78.4406531"/>
 <node id="1856522701" visible="true" version="2" changeset="175931409" timestamp="2025-12-14T19:07:39Z" user="susaanna" uid="23188359" lat="-0.3194889" lon="-78.4462835"/>
 <node id="1856522703" visible="true" version="2" changeset="175931409" timestamp="2025-12-14T19:07:39Z" user="susaanna" uid="23188359" lat="-0.3195135" lon="-78.4461283"/>
 <node id="1856522704" visible="true" version="1" changeset="12652719" timestamp="2012-08-08T02:17:54Z" user="arnotixe" uid="258131" lat="-0.3195180" lon="-78.4401798"/>
 <node id="1856522705" visible="true" version="2" changeset="175931409" timestamp="2025-12-14T19:07:39Z" user="susaanna" uid="23188359" lat="-0.3195336" lon="-78.4460271"/>
 <node id="1856522706" visible="true" version="2" changeset="175931409" timestamp="2025-12-14T19:07:39Z" user="susaanna" uid="23188359" lat="-0.3195581" lon="-78.4458740"/>
 <node id="1856522707" visible="true" version="2" changeset="66107658" timestamp="2019-01-07T19:53:50Z" user="yjn3n" uid="8090154" lat="-0.3195405" lon="-78.4401041"/>
 <node id="1856522709" visible="true" version="3" changeset="68344109" timestamp="2019-03-20T16:53:12Z" user="Georafas" uid="9395904" lat="-0.3196721" lon="-78.4387305"/>
 <node id="1856522711" visible="true" version="3" changeset="140976889" timestamp="2023-09-08T09:01:47Z" user="MontBlanc1" uid="19895323" lat="-0.3197020" lon="-78.4394969"/>
 <node id="1856523693" visible="true" version="2" changeset="117497239" timestamp="2022-02-16T23:22:03Z" user="(Inactive) Hoordinates" uid="8867106" lat="-0.3134111" lon="-78.4435711"/>
 <node id="1856523694" visible="true" version="1" changeset="12652735" timestamp="2012-08-08T02:21:50Z" user="arnotixe" uid="258131" lat="-0.3135529" lon="-78.4433780"/>
 <node id="1856523695" visible="true" version="2" changeset="117497239" timestamp="2022-02-16T23:22:03Z" user="(Inactive) Hoordinates" uid="8867106" lat="-0.3135239" lon="-78.4436451"/>
 <node id="1856523696" visible="true" version="1" changeset="12652735" timestamp="2012-08-08T02:21:50Z" user="arnotixe" uid="258131" lat="-0.3137751" lon="-78.4434384"/>
 <node id="1856523697" visible="true" version="2" changeset="117497239" timestamp="2022-02-16T23:22:03Z" user="(Inactive) Hoordinates" uid="8867106" lat="-0.3139255" lon="-78.4432170"/>
 <node id="1856523698" visible="true" version="2" changeset="133103667" timestamp="2023-02-27T20:49:04Z" user="MishellCatucuamba" uid="12397323" lat="-0.3138536" lon="-78.4433309">
  <tag k="access" v="private"/>
  <tag k="amenity" v="parking"/>
  <tag k="parking" v="surface"/>
 </node>
 <node id="1856523699" visible="true" version="2" changeset="117497239" timestamp="2022-02-16T23:22:03Z" user="(Inactive) Hoordinates" uid="8867106" lat="-0.3139849" lon="-78.4433846"/>
 <node id="1856523700" visible="true" version="3" changeset="117497239" timestamp="2022-02-16T23:22:03Z" user="(Inactive) Hoordinates" uid="8867106" lat="-0.3142074" lon="-78.4429911"/>
 <node id="1856523701" visible="true" version="2" changeset="117497239" timestamp="2022-02-16T23:22:03Z" user="(Inactive) Hoordinates" uid="8867106" lat="-0.3141941" lon="-78.4432166"/>
 <node id="1856523702" visible="true" version="3" changeset="117497239" timestamp="2022-02-16T23:22:03Z" user="(Inactive) Hoordinates" uid="8867106" lat="-0.3140881" lon="-78.4433813"/>
 <node id="1856523703" visible="true" version="3" changeset="117497239" timestamp="2022-02-16T23:22:03Z" user="(Inactive) Hoordinates" uid="8867106" lat="-0.3141555" lon="-78.4433836"/>
 <node id="1856523707" visible="true" version="2" changeset="136424853" timestamp="2023-05-22T17:50:19Z" user="MishellCatucuamba" uid="12397323" lat="-0.3153581" lon="-78.4458151">
  <tag k="access" v="private"/>
  <tag k="amenity" v="parking"/>
  <tag k="parking" v="surface"/>
 </node>
 <node id="1856523709" visible="true" version="2" changeset="148837627" timestamp="2024-03-18T22:57:44Z" user="Gaby Elizabeth" uid="21218501" lat="-0.3167915" lon="-78.4433080">
  <tag k="access" v="private"/>
  <tag k="amenity" v="parking"/>
  <tag k="parking" v="surface"/>
 </node>
 <node id="1856523715" visible="true" version="3" changeset="166801720" timestamp="2025-05-27T00:10:38Z" user="Marin Alquinga Josue Isaac" uid="22941299" lat="-0.3174292" lon="-78.4463167"/>
 <node id="1856523718" visible="true" version="4" changeset="140976889" timestamp="2023-09-08T09:01:47Z" user="MontBlanc1" uid="19895323" lat="-0.3181259" lon="-78.4422630"/>
 <node id="1856523720" visible="true" version="1" changeset="12652735" timestamp="2012-08-08T02:21:51Z" user="arnotixe" uid="258131" lat="-0.3182963" lon="-78.4415893">
  <tag k="highway" v="turning_circle"/>
 </node>
 <node id="1893814568" visible="true" version="1" changeset="12946562" timestamp="2012-09-01T20:17:27Z" user="Scalper" uid="849727" lat="-0.3180922" lon="-78.4477339"/>
 <node id="1893814570" visible="true" version="1" changeset="12946562" timestamp="2012-09-01T20:17:27Z" user="Scalper" uid="849727" lat="-0.3128538" lon="-78.4480093"/>
 <node id="1893814572" visible="true" version="1" changeset="12946562" timestamp="2012-09-01T20:17:27Z" user="Scalper" uid="849727" lat="-0.3134653" lon="-78.4480951"/>
 <node id="1893814574" visible="true" version="2" changeset="68108087" timestamp="2019-03-13T17:28:49Z" user="Georafas" uid="9395904" lat="-0.3159370" lon="-78.4479134"/>
 <node id="1893814576" visible="true" version="2" changeset="68108087" timestamp="2019-03-13T17:28:49Z" user="Georafas" uid="9395904" lat="-0.3160564" lon="-78.4478278"/>
 <node id="1893814578" visible="true" version="1" changeset="12946562" timestamp="2012-09-01T20:17:27Z" user="Scalper" uid="849727" lat="-0.3133233" lon="-78.4481363"/>
 <node id="1893814580" visible="true" version="1" changeset="12946562" timestamp="2012-09-01T20:17:27Z" user="Scalper" uid="849727" lat="-0.3156107" lon="-78.4475056"/>
 <node id="1893814582" visible="true" version="3" changeset="98290849" timestamp="2021-01-28T11:01:51Z" user="Pavani09" uid="11698693" lat="-0.3128856" lon="-78.4481427"/>
 <node id="1893814584" visible="true" version="2" changeset="98290849" timestamp="2021-01-28T11:01:51Z" user="Pavani09" uid="11698693" lat="-0.3131473" lon="-78.4482336"/>
 <node id="1893814586" visible="true" version="1" changeset="12946562" timestamp="2012-09-01T20:17:27Z" user="Scalper" uid="849727" lat="-0.3178828" lon="-78.4476659"/>
 <node id="1893814588" visible="true" version="1" changeset="12946562" timestamp="2012-09-01T20:17:27Z" user="Scalper" uid="849727" lat="-0.3149294" lon="-78.4472506"/>
 <node id="1893814590" visible="true" version="1" changeset="12946562" timestamp="2012-09-01T20:17:27Z" user="Scalper" uid="849727" lat="-0.3130229" lon="-78.4480907"/>
 <node id="1893814592" visible="true" version="1" changeset="12946562" timestamp="2012-09-01T20:17:27Z" user="Scalper" uid="849727" lat="-0.3131758" lon="-78.4481309"/>
 <node id="1893814593" visible="true" version="2" changeset="68108087" timestamp="2019-03-13T17:28:50Z" user="Georafas" uid="9395904" lat="-0.3159035" lon="-78.4477674"/>
 <node id="1893814595" visible="true" version="2" changeset="68108087" timestamp="2019-03-13T17:28:50Z" user="Georafas" uid="9395904" lat="-0.3157278" lon="-78.4476512"/>
 <node id="1893814597" visible="true" version="1" changeset="12946562" timestamp="2012-09-01T20:17:27Z" user="Scalper" uid="849727" lat="-0.3151016" lon="-78.4471304"/>
 <node id="1893814601" visible="true" version="2" changeset="68108087" timestamp="2019-03-13T17:28:50Z" user="Georafas" uid="9395904" lat="-0.3149432" lon="-78.4471456"/>
 <node id="1893814605" visible="true" version="1" changeset="12946562" timestamp="2012-09-01T20:17:28Z" user="Scalper" uid="849727" lat="-0.3135780" lon="-78.4480280"/>
 <node id="1893814607" visible="true" version="2" changeset="68108787" timestamp="2019-03-13T17:47:58Z" user="Georafas" uid="9395904" lat="-0.3176536" lon="-78.4476588"/>
 <node id="1893814609" visible="true" version="2" changeset="68108087" timestamp="2019-03-13T17:28:50Z" user="Georafas" uid="9395904" lat="-0.3162105" lon="-78.4478551"/>
 <node id="1893814611" visible="true" version="1" changeset="12946562" timestamp="2012-09-01T20:17:28Z" user="Scalper" uid="849727" lat="-0.3147985" lon="-78.4472055"/>
 <node id="1893814613" visible="true" version="3" changeset="68108087" timestamp="2019-03-13T17:28:50Z" user="Georafas" uid="9395904" lat="-0.3184682" lon="-78.4479602"/>
 <node id="1893814615" visible="true" version="1" changeset="12946562" timestamp="2012-09-01T20:17:28Z" user="Scalper" uid="849727" lat="-0.3182317" lon="-78.4478144"/>
 <node id="1893814617" visible="true" version="2" changeset="68108087" timestamp="2019-03-13T17:28:50Z" user="Georafas" uid="9395904" lat="-0.3163420" lon="-78.4478483"/>
 <node id="1893814619" visible="true" version="1" changeset="12946562" timestamp="2012-09-01T20:17:28Z" user="Scalper" uid="849727" lat="-0.3152758" lon="-78.4471697"/>
 <node id="1893814621" visible="true" version="1" changeset="12946562" timestamp="2012-09-01T20:17:28Z" user="Scalper" uid="849727" lat="-0.3155039" lon="-78.4473584"/>
 <node id="1893814623" visible="true" version="2" changeset="68108087" timestamp="2019-03-13T17:28:50Z" user="Georafas" uid="9395904" lat="-0.3154019" lon="-78.4472569"/>
 <node id="1893818102" visible="true" version="1" changeset="12946562" timestamp="2012-09-01T20:23:12Z" user="Scalper" uid="849727" lat="-0.3177029" lon="-78.4467333"/>
 <node id="1893818103" visible="true" version="3" changeset="135741491" timestamp="2023-05-05T13:08:02Z" user="Pegasus21" uid="13510663" lat="-0.3183227" lon="-78.4474513">
  <tag k="access" v="private"/>
  <tag k="barrier" v="gate"/>
 </node>
 <node id="1893818104" visible="true" version="1" changeset="12946562" timestamp="2012-09-01T20:23:12Z" user="Scalper" uid="849727" lat="-0.3176361" lon="-78.4468532"/>
 <node id="1893818105" visible="true" version="1" changeset="12946562" timestamp="2012-09-01T20:23:12Z" user="Scalper" uid="849727" lat="-0.3179500" lon="-78.4472163"/>
 <node id="1893818106" visible="true" version="2" changeset="68599794" timestamp="2019-03-27T19:08:59Z" user="Georafas" uid="9395904" lat="-0.3185678" lon="-78.4478581"/>
 <node id="1893818107" visible="true" version="1" changeset="12946562" timestamp="2012-09-01T20:23:12Z" user="Scalper" uid="849727" lat="-0.3176817" lon="-78.4470222"/>
 <node id="1893818108" visible="true" version="2" changeset="14900293" timestamp="2013-02-03T18:15:03Z" user="dbusse" uid="149876" lat="-0.3176477" lon="-78.4469544"/>
 <node id="1893818109" visible="true" version="1" changeset="12946562" timestamp="2012-09-01T20:23:13Z" user="Scalper" uid="849727" lat="-0.3185614" lon="-78.4476177"/>
 <node id="1893818110" visible="true" version="1" changeset="12946562" timestamp="2012-09-01T20:23:13Z" user="Scalper" uid="849727" lat="-0.3188176" lon="-78.4463792"/>
 <node id="1893818111" visible="true" version="1" changeset="12946562" timestamp="2012-09-01T20:23:13Z" user="Scalper" uid="849727" lat="-0.3177487" lon="-78.4470812"/>
 <node id="1893818113" visible="true" version="1" changeset="12946562" timestamp="2012-09-01T20:23:13Z" user="Scalper" uid="849727" lat="-0.3186420" lon="-78.4477259"/>
 <node id="1893818114" visible="true" version="2" changeset="23425082" timestamp="2014-07-01T21:57:32Z" user="agranizo" uid="1799232" lat="-0.3187271" lon="-78.4479418"/>
 <node id="1893818115" visible="true" version="1" changeset="12946562" timestamp="2012-09-01T20:23:13Z" user="Scalper" uid="849727" lat="-0.3186957" lon="-78.4478278"/>
 <node id="1893818116" visible="true" version="1" changeset="12946562" timestamp="2012-09-01T20:23:13Z" user="Scalper" uid="849727" lat="-0.3190095" lon="-78.4455647"/>
 <node id="1893818117" visible="true" version="1" changeset="12946562" timestamp="2012-09-01T20:23:13Z" user="Scalper" uid="849727" lat="-0.3189375" lon="-78.4453587"/>
 <node id="1893818120" visible="true" version="2" changeset="135743281" timestamp="2023-05-05T13:49:45Z" user="Pegasus21" uid="13510663" lat="-0.3173130" lon="-78.4468071"/>
 <node id="1893818121" visible="true" version="1" changeset="12946562" timestamp="2012-09-01T20:23:13Z" user="Scalper" uid="849727" lat="-0.3180521" lon="-78.4474107"/>
 <node id="1893818122" visible="true" version="1" changeset="12946562" timestamp="2012-09-01T20:23:13Z" user="Scalper" uid="849727" lat="-0.3181190" lon="-78.4473236"/>
 <node id="1893846263" visible="true" version="3" changeset="117497239" timestamp="2022-02-16T23:22:03Z" user="(Inactive) Hoordinates" uid="8867106" lat="-0.3142024" lon="-78.4430896"/>
 <node id="1893846270" visible="true" version="1" changeset="12946562" timestamp="2012-09-01T20:38:26Z" user="Scalper" uid="849727" lat="-0.3169468" lon="-78.4465287"/>
 <node id="1893846272" visible="true" version="2" changeset="135742850" timestamp="2023-05-05T13:40:03Z" user="Pegasus21" uid="13510663" lat="-0.3160912" lon="-78.4461237"/>
 <node id="1893846274" visible="true" version="2" changeset="135744344" timestamp="2023-05-05T14:17:52Z" user="Pegasus21" uid="13510663" lat="-0.3185485" lon="-78.4449794"/>
 <node id="1893846275" visible="true" version="1" changeset="12946562" timestamp="2012-09-01T20:38:26Z" user="Scalper" uid="849727" lat="-0.3120573" lon="-78.4451751"/>
 <node id="1893846277" visible="true" version="1" changeset="12946562" timestamp="2012-09-01T20:38:26Z" user="Scalper" uid="849727" lat="-0.3185803" lon="-78.4464116"/>
 <node id="1893846279" visible="true" version="1" changeset="12946562" timestamp="2012-09-01T20:38:26Z" user="Scalper" uid="849727" lat="-0.3132857" lon="-78.4434853"/>
 <node id="1893846280" visible="true" version="2" changeset="135742850" timestamp="2023-05-05T13:40:03Z" user="Pegasus21" uid="13510663" lat="-0.3132938" lon="-78.4471116"/>
 <node id="1893846281" visible="true" version="1" changeset="12946562" timestamp="2012-09-01T20:38:26Z" user="Scalper" uid="849727" lat="-0.3182853" lon="-78.4450222"/>
 <node id="1893846287" visible="true" version="1" changeset="12946562" timestamp="2012-09-01T20:38:26Z" user="Scalper" uid="849727" lat="-0.3167565" lon="-78.4438233"/>
 <node id="1893846289" visible="true" version="1" changeset="12946562" timestamp="2012-09-01T20:38:27Z" user="Scalper" uid="849727" lat="-0.3188699" lon="-78.4460083"/>
 <node id="1893846292" visible="true" version="1" changeset="12946562" timestamp="2012-09-01T20:38:27Z" user="Scalper" uid="849727" lat="-0.3165043" lon="-78.4462265"/>
 <node id="1893846298" visible="true" version="1" changeset="12946562" timestamp="2012-09-01T20:38:27Z" user="Scalper" uid="849727" lat="-0.3170105" lon="-78.4468815"/>
 <node id="1893846300" visible="true" version="2" changeset="39724696" timestamp="2016-06-02T04:08:46Z" user="JAAS" uid="3321532" lat="-0.3161897" lon="-78.4462402"/>
 <node id="1893846304" visible="true" version="2" changeset="38005008" timestamp="2016-03-22T18:14:20Z" user="biandrade" uid="2143178" lat="-0.3166492" lon="-78.4437473"/>
 <node id="1893846306" visible="true" version="4" changeset="135742850" timestamp="2023-05-05T13:40:03Z" user="Pegasus21" uid="13510663" lat="-0.3146252" lon="-78.4431194"/>
 <node id="1893846310" visible="true" version="1" changeset="12946562" timestamp="2012-09-01T20:38:27Z" user="Scalper" uid="849727" lat="-0.3171318" lon="-78.4444044"/>
 <node id="1893846312" visible="true" version="1" changeset="12946562" timestamp="2012-09-01T20:38:27Z" user="Scalper" uid="849727" lat="-0.3176738" lon="-78.4448962"/>
 <node id="1893846314" visible="true" version="1" changeset="12946562" timestamp="2012-09-01T20:38:27Z" user="Scalper" uid="849727" lat="-0.3174591" lon="-78.4448013"/>
 <node id="1893846316" visible="true" version="1" changeset="12946562" timestamp="2012-09-01T20:38:27Z" user="Scalper" uid="849727" lat="-0.3184005" lon="-78.4464831"/>
 <node id="1893846318" visible="true" version="2" changeset="88804232" timestamp="2020-08-01T03:10:35Z" user="Evelyn Angos" uid="11583100" lat="-0.3136508" lon="-78.4468100"/>
 <node id="1893846319" visible="true" version="2" changeset="39724696" timestamp="2016-06-02T04:08:46Z" user="JAAS" uid="3321532" lat="-0.3160686" lon="-78.4462265"/>
 <node id="1893846320" visible="true" version="1" changeset="12946562" timestamp="2012-09-01T20:38:27Z" user="Scalper" uid="849727" lat="-0.3173063" lon="-78.4446601"/>
 <node id="1893846328" visible="true" version="1" changeset="12946562" timestamp="2012-09-01T20:38:28Z" user="Scalper" uid="849727" lat="-0.3118964" lon="-78.4456928"/>
 <node id="1893846330" visible="true" version="1" changeset="12946562" timestamp="2012-09-01T20:38:28Z" user="Scalper" uid="849727" lat="-0.3169360" lon="-78.4440289"/>
 <node id="1893846334" visible="true" version="1" changeset="12946562" timestamp="2012-09-01T20:38:28Z" user="Scalper" uid="849727" lat="-0.3184999" lon="-78.4450759"/>
 <node id="1893846336" visible="true" version="1" changeset="12946562" timestamp="2012-09-01T20:38:28Z" user="Scalper" uid="849727" lat="-0.3155752" lon="-78.4431361"/>
 <node id="1893846340" visible="true" version="1" changeset="12946562" timestamp="2012-09-01T20:38:28Z" user="Scalper" uid="849727" lat="-0.3188298" lon="-78.4461622"/>
 <node id="1893846345" visible="true" version="1" changeset="12946562" timestamp="2012-09-01T20:38:28Z" user="Scalper" uid="849727" lat="-0.3160858" lon="-78.4434790"/>
 <node id="1893846351" visible="true" version="2" changeset="14900293" timestamp="2013-02-03T18:15:03Z" user="dbusse" uid="149876" lat="-0.3175633" lon="-78.4466747"/>
 <node id="1893846353" visible="true" version="1" changeset="12946562" timestamp="2012-09-01T20:38:28Z" user="Scalper" uid="849727" lat="-0.3173358" lon="-78.4466959"/>
 <node id="1893846357" visible="true" version="2" changeset="135742850" timestamp="2023-05-05T13:40:03Z" user="Pegasus21" uid="13510663" lat="-0.3149179" lon="-78.4467145"/>
 <node id="1893846370" visible="true" version="1" changeset="12946562" timestamp="2012-09-01T20:38:28Z" user="Scalper" uid="849727" lat="-0.3186340" lon="-78.4451429"/>
 <node id="1893846372" visible="true" version="2" changeset="154625143" timestamp="2024-07-30T22:05:31Z" user="rodolfovargas" uid="1217047" lat="-0.3163163" lon="-78.4461617"/>
 <node id="1893846376" visible="true" version="1" changeset="12946562" timestamp="2012-09-01T20:38:28Z" user="Scalper" uid="849727" lat="-0.3136076" lon="-78.4471251"/>
 <node id="1893846382" visible="true" version="1" changeset="12946562" timestamp="2012-09-01T20:38:29Z" user="Scalper" uid="849727" lat="-0.3187224" lon="-78.4463168"/>
 <node id="1893846387" visible="true" version="1" changeset="12946562" timestamp="2012-09-01T20:38:29Z" user="Scalper" uid="849727" lat="-0.3173151" lon="-78.4469109"/>
 <node id="1893846389" visible="true" version="1" changeset="12946562" timestamp="2012-09-01T20:38:29Z" user="Scalper" uid="849727" lat="-0.3173271" lon="-78.4445288"/>
 <node id="1893846391" visible="true" version="1" changeset="12946562" timestamp="2012-09-01T20:38:29Z" user="Scalper" uid="849727" lat="-0.3188967" lon="-78.4455658"/>
 <node id="1893846395" visible="true" version="2" changeset="39724696" timestamp="2016-06-02T04:08:46Z" user="JAAS" uid="3321532" lat="-0.3153847" lon="-78.4463046"/>
 <node id="1893846396" visible="true" version="2" changeset="135744344" timestamp="2023-05-05T14:17:52Z" user="Pegasus21" uid="13510663" lat="-0.3187815" lon="-78.4452824"/>
 <node id="1893846397" visible="true" version="1" changeset="12946562" timestamp="2012-09-01T20:38:29Z" user="Scalper" uid="849727" lat="-0.3173063" lon="-78.4468595"/>
 <node id="1893846414" visible="true" version="2" changeset="14900293" timestamp="2013-02-03T18:15:03Z" user="dbusse" uid="149876" lat="-0.3175820" lon="-78.4467589"/>
 <node id="1893846416" visible="true" version="1" changeset="12946562" timestamp="2012-09-01T20:38:29Z" user="Scalper" uid="849727" lat="-0.3179634" lon="-78.4449632"/>
 <node id="1893846427" visible="true" version="1" changeset="12946562" timestamp="2012-09-01T20:38:29Z" user="Scalper" uid="849727" lat="-0.3171667" lon="-78.4466548"/>
 <node id="1893853514" visible="true" version="1" changeset="12946562" timestamp="2012-09-01T20:43:52Z" user="Scalper" uid="849727" lat="-0.3132026" lon="-78.4434220"/>
 <node id="1893853515" visible="true" version="2" changeset="141089492" timestamp="2023-09-11T04:19:27Z" user="MontBlanc1" uid="19895323" lat="-0.3193408" lon="-78.4455721"/>
 <node id="1893853516" visible="true" version="2" changeset="141089492" timestamp="2023-09-11T04:19:27Z" user="MontBlanc1" uid="19895323" lat="-0.3194145" lon="-78.4451918"/>
 <node id="1894016931" visible="true" version="5" changeset="98290849" timestamp="2021-01-28T11:01:51Z" user="Pavani09" uid="11698693" lat="-0.3123105" lon="-78.4479230"/>
 <node id="1894016932" visible="true" version="3" changeset="135742137" timestamp="2023-05-05T13:22:39Z" user="Pegasus21" uid="13510663" lat="-0.3107914" lon="-78.4502823"/>
 <node id="1894016933" visible="true" version="3" changeset="135742137" timestamp="2023-05-05T13:22:39Z" user="Pegasus21" uid="13510663" lat="-0.3109078" lon="-78.4500902"/>
 <node id="1894016938" visible="true" version="3" changeset="68108087" timestamp="2019-03-13T17:28:50Z" user="Georafas" uid="9395904" lat="-0.3111414" lon="-78.4489075"/>
 <node id="1894016940" visible="true" version="5" changeset="98290849" timestamp="2021-01-28T11:01:51Z" user="Pavani09" uid="11698693" lat="-0.3125166" lon="-78.4477511"/>
 <node id="1894016941" visible="true" version="2" changeset="40421999" timestamp="2016-07-01T16:45:50Z" user="BlueSombra" uid="3242620" lat="-0.3122215" lon="-78.4479520"/>
 <node id="1894016942" visible="true" version="5" changeset="98290849" timestamp="2021-01-28T11:01:51Z" user="Pavani09" uid="11698693" lat="-0.3123218" lon="-78.4479746"/>
 <node id="1894016943" visible="true" version="5" changeset="98290849" timestamp="2021-01-28T11:01:51Z" user="Pavani09" uid="11698693" lat="-0.3126034" lon="-78.4478043"/>
 <node id="1894016944" visible="true" version="5" changeset="98290849" timestamp="2021-01-28T11:01:51Z" user="Pavani09" uid="11698693" lat="-0.3124372" lon="-78.4480753"/>
 <node id="1894016945" visible="true" version="5" changeset="98290849" timestamp="2021-01-28T11:01:51Z" user="Pavani09" uid="11698693" lat="-0.3125879" lon="-78.4480380"/>
 <node id="1894016946" visible="true" version="1" changeset="12948541" timestamp="2012-09-02T01:12:44Z" user="Scalper" uid="849727" lat="-0.3105714" lon="-78.4503973"/>
 <node id="1894016952" visible="true" version="2" changeset="135742137" timestamp="2023-05-05T13:22:39Z" user="Pegasus21" uid="13510663" lat="-0.3109142" lon="-78.4499548"/>
 <node id="1894016954" visible="true" version="5" changeset="98290849" timestamp="2021-01-28T11:01:51Z" user="Pavani09" uid="11698693" lat="-0.3123707" lon="-78.4477847"/>
 <node id="1894016956" visible="true" version="1" changeset="12948541" timestamp="2012-09-02T01:12:44Z" user="Scalper" uid="849727" lat="-0.3107002" lon="-78.4503436"/>
 <node id="1894016957" visible="true" version="5" changeset="98290849" timestamp="2021-01-28T11:01:51Z" user="Pavani09" uid="11698693" lat="-0.3126208" lon="-78.4479980"/>
 <node id="1894016962" visible="true" version="5" changeset="98290849" timestamp="2021-01-28T11:01:51Z" user="Pavani09" uid="11698693" lat="-0.3123886" lon="-78.4480548"/>
 <node id="1894016966" visible="true" version="3" changeset="68108087" timestamp="2019-03-13T17:28:50Z" user="Georafas" uid="9395904" lat="-0.3109281" lon="-78.4491491"/>
 <node id="1894016974" visible="true" version="2" changeset="68108087" timestamp="2019-03-13T17:28:50Z" user="Georafas" uid="9395904" lat="-0.3108463" lon="-78.4493823"/>
 <node id="1894016975" visible="true" version="2" changeset="40421999" timestamp="2016-07-01T16:45:50Z" user="BlueSombra" uid="3242620" lat="-0.3099493" lon="-78.4506121"/>
 <node id="1894016976" visible="true" version="5" changeset="98290849" timestamp="2021-01-28T11:01:51Z" user="Pavani09" uid="11698693" lat="-0.3126398" lon="-78.4479499"/>
 <node id="1894016977" visible="true" version="2" changeset="135742137" timestamp="2023-05-05T13:22:39Z" user="Pegasus21" uid="13510663" lat="-0.3108602" lon="-78.4502025"/>
 <node id="1894016979" visible="true" version="2" changeset="40421999" timestamp="2016-07-01T16:45:50Z" user="BlueSombra" uid="3242620" lat="-0.3110086" lon="-78.4490519"/>
 <node id="1896978935" visible="true" version="1" changeset="12972569" timestamp="2012-09-03T19:55:15Z" user="Scalper" uid="849727" lat="-0.3130304" lon="-78.4497379"/>
 <node id="1896978937" visible="true" version="1" changeset="12972569" timestamp="2012-09-03T19:55:15Z" user="Scalper" uid="849727" lat="-0.3134979" lon="-78.4496287"/>
 <node id="1913473984" visible="true" version="2" changeset="39724696" timestamp="2016-06-02T04:08:46Z" user="JAAS" uid="3321532" lat="-0.3148788" lon="-78.4458646"/>
 <node id="1913473985" visible="true" version="2" changeset="39724696" timestamp="2016-06-02T04:08:46Z" user="JAAS" uid="3321532" lat="-0.3154138" lon="-78.4459558"/>
 <node id="1913473986" visible="true" version="2" changeset="141144230" timestamp="2023-09-12T05:50:58Z" user="PatagonianPlateau" uid="17999760" lat="-0.3151990" lon="-78.4460682"/>
 <node id="1913473987" visible="true" version="2" changeset="39724696" timestamp="2016-06-02T04:08:46Z" user="JAAS" uid="3321532" lat="-0.3148735" lon="-78.4460100"/>
 <node id="1913473989" visible="true" version="3" changeset="117497239" timestamp="2022-02-16T23:22:03Z" user="(Inactive) Hoordinates" uid="8867106" lat="-0.3153900" lon="-78.4456548"/>
 <node id="1913473990" visible="true" version="3" changeset="117497239" timestamp="2022-02-16T23:22:03Z" user="(Inactive) Hoordinates" uid="8867106" lat="-0.3155355" lon="-78.4458315"/>
 <node id="1913473992" visible="true" version="3" changeset="117497239" timestamp="2022-02-16T23:22:03Z" user="(Inactive) Hoordinates" uid="8867106" lat="-0.3152485" lon="-78.4457456"/>
 <node id="1913473995" visible="true" version="2" changeset="39724696" timestamp="2016-06-02T04:08:46Z" user="JAAS" uid="3321532" lat="-0.3152347" lon="-78.4461029"/>
 <node id="1913500609" visible="true" version="1" changeset="13102335" timestamp="2012-09-14T01:13:31Z" user="Scalper" uid="849727" lat="-0.3142138" lon="-78.4420879"/>
 <node id="1913500614" visible="true" version="2" changeset="154621952" timestamp="2024-07-30T20:01:20Z" user="ABmapping" uid="14784416" lat="-0.3130897" lon="-78.4419408"/>
 <node id="1913500622" visible="true" version="1" changeset="13102335" timestamp="2012-09-14T01:13:31Z" user="Scalper" uid="849727" lat="-0.3149908" lon="-78.4420955"/>
 <node id="1913500630" visible="true" version="2" changeset="135744344" timestamp="2023-05-05T14:17:52Z" user="Pegasus21" uid="13510663" lat="-0.3155564" lon="-78.4421406"/>
 <node id="1913500639" visible="true" version="1" changeset="13102335" timestamp="2012-09-14T01:13:31Z" user="Scalper" uid="849727" lat="-0.3137479" lon="-78.4420442"/>
 <node id="1913500645" visible="true" version="2" changeset="135744344" timestamp="2023-05-05T14:17:52Z" user="Pegasus21" uid="13510663" lat="-0.3163705" lon="-78.4421921"/>
 <node id="1913500647" visible="true" version="1" changeset="13102335" timestamp="2012-09-14T01:13:32Z" user="Scalper" uid="849727" lat="-0.3147096" lon="-78.4421256"/>
 <node id="1913500655" visible="true" version="2" changeset="20613649" timestamp="2014-02-17T11:48:40Z" user="agranizo" uid="1799232" lat="-0.3208842" lon="-78.4424776"/>
 <node id="1913500659" visible="true" version="1" changeset="13102335" timestamp="2012-09-14T01:13:32Z" user="Scalper" uid="849727" lat="-0.3134896" lon="-78.4420182"/>
 <node id="1962676229" visible="true" version="2" changeset="133103708" timestamp="2023-02-27T20:50:17Z" user="MishellCatucuamba" uid="12397323" lat="-0.3140374" lon="-78.4437882">
  <tag k="amenity" v="library"/>
  <tag k="name" v="Biblioteca Segovia"/>
  <tag k="opening_hours" v="Mo-Fr 07:15-16:00"/>
 </node>
 <node id="2140412258" visible="true" version="1" changeset="14900293" timestamp="2013-02-03T18:14:45Z" user="dbusse" uid="149876" lat="-0.3093284" lon="-78.4515474"/>
 <node id="2140412286" visible="true" version="2" changeset="53996136" timestamp="2017-11-22T09:44:47Z" user="hoream_telenav" uid="4437318" lat="-0.3147139" lon="-78.4420709">
  <tag k="highway" v="traffic_signals"/>
 </node>
 <node id="2740467561" visible="true" version="1" changeset="21293621" timestamp="2014-03-24T21:01:40Z" user="LLAQWA" uid="77114" lat="-0.3109305" lon="-78.4452271"/>
 <node id="2740467564" visible="true" version="1" changeset="21293621" timestamp="2014-03-24T21:01:41Z" user="LLAQWA" uid="77114" lat="-0.3110703" lon="-78.4466419"/>
 <node id="2740467566" visible="true" version="1" changeset="21293621" timestamp="2014-03-24T21:01:41Z" user="LLAQWA" uid="77114" lat="-0.3113295" lon="-78.4446513"/>
 <node id="2740467572" visible="true" version="1" changeset="21293621" timestamp="2014-03-24T21:01:41Z" user="LLAQWA" uid="77114" lat="-0.3113500" lon="-78.4440055"/>
 <node id="2740467575" visible="true" version="1" changeset="21293621" timestamp="2014-03-24T21:01:41Z" user="LLAQWA" uid="77114" lat="-0.3114693" lon="-78.4436971"/>
 <node id="2740467577" visible="true" version="1" changeset="21293621" timestamp="2014-03-24T21:01:41Z" user="LLAQWA" uid="77114" lat="-0.3115803" lon="-78.4468763"/>
 <node id="2740467580" visible="true" version="1" changeset="21293621" timestamp="2014-03-24T21:01:41Z" user="LLAQWA" uid="77114" lat="-0.3116626" lon="-78.4459180"/>
 <node id="2740467587" visible="true" version="1" changeset="21293621" timestamp="2014-03-24T21:01:41Z" user="LLAQWA" uid="77114" lat="-0.3116626" lon="-78.4460003"/>
 <node id="2740467594" visible="true" version="2" changeset="154621922" timestamp="2024-07-30T20:00:11Z" user="ABmapping" uid="14784416" lat="-0.3117766" lon="-78.4419728"/>
 <node id="2740467601" visible="true" version="1" changeset="21293621" timestamp="2014-03-24T21:01:41Z" user="LLAQWA" uid="77114" lat="-0.3124111" lon="-78.4424838"/>
 <node id="2740467607" visible="true" version="1" changeset="21293621" timestamp="2014-03-24T21:01:42Z" user="LLAQWA" uid="77114" lat="-0.3126620" lon="-78.4477359"/>
 <node id="2740467615" visible="true" version="1" changeset="21293621" timestamp="2014-03-24T21:01:42Z" user="LLAQWA" uid="77114" lat="-0.3129828" lon="-78.4480156"/>
 <node id="2740467623" visible="true" version="1" changeset="21293621" timestamp="2014-03-24T21:01:42Z" user="LLAQWA" uid="77114" lat="-0.3131041" lon="-78.4480588"/>
 <node id="2740467631" visible="true" version="1" changeset="21293621" timestamp="2014-03-24T21:01:42Z" user="LLAQWA" uid="77114" lat="-0.3131514" lon="-78.4419861"/>
 <node id="2740467640" visible="true" version="1" changeset="21293621" timestamp="2014-03-24T21:01:42Z" user="LLAQWA" uid="77114" lat="-0.3132872" lon="-78.4480855"/>
 <node id="2740467648" visible="true" version="1" changeset="21293621" timestamp="2014-03-24T21:01:42Z" user="LLAQWA" uid="77114" lat="-0.3134702" lon="-78.4480465"/>
 <node id="2740467656" visible="true" version="1" changeset="21293621" timestamp="2014-03-24T21:01:42Z" user="LLAQWA" uid="77114" lat="-0.3134722" lon="-78.4420766"/>
 <node id="2740467663" visible="true" version="1" changeset="21293621" timestamp="2014-03-24T21:01:42Z" user="LLAQWA" uid="77114" lat="-0.3145745" lon="-78.4421712"/>
 <node id="2740467669" visible="true" version="1" changeset="21293621" timestamp="2014-03-24T21:01:43Z" user="LLAQWA" uid="77114" lat="-0.3145827" lon="-78.4422781"/>
 <node id="2740467676" visible="true" version="1" changeset="21293621" timestamp="2014-03-24T21:01:43Z" user="LLAQWA" uid="77114" lat="-0.3147657" lon="-78.4471663"/>
 <node id="2740467683" visible="true" version="1" changeset="21293621" timestamp="2014-03-24T21:01:43Z" user="LLAQWA" uid="77114" lat="-0.3149303" lon="-78.4470943"/>
 <node id="2740467691" visible="true" version="1" changeset="21293621" timestamp="2014-03-24T21:01:43Z" user="LLAQWA" uid="77114" lat="-0.3151050" lon="-78.4423480"/>
 <node id="2740467698" visible="true" version="1" changeset="21293621" timestamp="2014-03-24T21:01:43Z" user="LLAQWA" uid="77114" lat="-0.3151277" lon="-78.4470840"/>
 <node id="2740467705" visible="true" version="1" changeset="21293621" timestamp="2014-03-24T21:01:43Z" user="LLAQWA" uid="77114" lat="-0.3151667" lon="-78.4422822"/>
 <node id="2740467712" visible="true" version="1" changeset="21293621" timestamp="2014-03-24T21:01:43Z" user="LLAQWA" uid="77114" lat="-0.3152675" lon="-78.4471108"/>
 <node id="2740467729" visible="true" version="1" changeset="21293621" timestamp="2014-03-24T21:01:44Z" user="LLAQWA" uid="77114" lat="-0.3154526" lon="-78.4471992"/>
 <node id="2740467734" visible="true" version="1" changeset="21293621" timestamp="2014-03-24T21:01:44Z" user="LLAQWA" uid="77114" lat="-0.3155492" lon="-78.4473061"/>
 <node id="2740467740" visible="true" version="1" changeset="21293621" timestamp="2014-03-24T21:01:44Z" user="LLAQWA" uid="77114" lat="-0.3156109" lon="-78.4423275"/>
 <node id="2740467746" visible="true" version="1" changeset="21293621" timestamp="2014-03-24T21:01:44Z" user="LLAQWA" uid="77114" lat="-0.3156274" lon="-78.4422534"/>
 <node id="2740467754" visible="true" version="1" changeset="21293621" timestamp="2014-03-24T21:01:44Z" user="LLAQWA" uid="77114" lat="-0.3157590" lon="-78.4475591"/>
 <node id="2740467762" visible="true" version="1" changeset="21293621" timestamp="2014-03-24T21:01:44Z" user="LLAQWA" uid="77114" lat="-0.3158598" lon="-78.4476352"/>
 <node id="2740467772" visible="true" version="1" changeset="21293621" timestamp="2014-03-24T21:01:44Z" user="LLAQWA" uid="77114" lat="-0.3159996" lon="-78.4477277"/>
 <node id="2740467779" visible="true" version="1" changeset="21293621" timestamp="2014-03-24T21:01:44Z" user="LLAQWA" uid="77114" lat="-0.3160181" lon="-78.4422740"/>
 <node id="2740467787" visible="true" version="1" changeset="21293621" timestamp="2014-03-24T21:01:44Z" user="LLAQWA" uid="77114" lat="-0.3161148" lon="-78.4477853"/>
 <node id="2740467796" visible="true" version="1" changeset="21293621" timestamp="2014-03-24T21:01:45Z" user="LLAQWA" uid="77114" lat="-0.3162731" lon="-78.4477976"/>
 <node id="2740467805" visible="true" version="1" changeset="21293621" timestamp="2014-03-24T21:01:45Z" user="LLAQWA" uid="77114" lat="-0.3163636" lon="-78.4422411"/>
 <node id="2740467814" visible="true" version="1" changeset="21293621" timestamp="2014-03-24T21:01:45Z" user="LLAQWA" uid="77114" lat="-0.3164294" lon="-78.4477771"/>
 <node id="2740467822" visible="true" version="1" changeset="21293621" timestamp="2014-03-24T21:01:45Z" user="LLAQWA" uid="77114" lat="-0.3177414" lon="-78.4476146"/>
 <node id="2740467828" visible="true" version="1" changeset="21293621" timestamp="2014-03-24T21:01:45Z" user="LLAQWA" uid="77114" lat="-0.3179265" lon="-78.4476331"/>
 <node id="2740467832" visible="true" version="1" changeset="21293621" timestamp="2014-03-24T21:01:45Z" user="LLAQWA" uid="77114" lat="-0.3181157" lon="-78.4476928"/>
 <node id="2740467840" visible="true" version="1" changeset="21293621" timestamp="2014-03-24T21:01:45Z" user="LLAQWA" uid="77114" lat="-0.3181979" lon="-78.4442688"/>
 <node id="2740467870" visible="true" version="1" changeset="21293621" timestamp="2014-03-24T21:01:46Z" user="LLAQWA" uid="77114" lat="-0.3182596" lon="-78.4448405"/>
 <node id="2740467878" visible="true" version="1" changeset="21293621" timestamp="2014-03-24T21:01:46Z" user="LLAQWA" uid="77114" lat="-0.3182637" lon="-78.4424015"/>
 <node id="2740467882" visible="true" version="1" changeset="21293621" timestamp="2014-03-24T21:01:46Z" user="LLAQWA" uid="77114" lat="-0.3185372" lon="-78.4479107"/>
 <node id="2740467887" visible="true" version="1" changeset="21293621" timestamp="2014-03-24T21:01:46Z" user="LLAQWA" uid="77114" lat="-0.3191274" lon="-78.4481966"/>
 <node id="2740467895" visible="true" version="1" changeset="21293621" timestamp="2014-03-24T21:01:46Z" user="LLAQWA" uid="77114" lat="-0.3193084" lon="-78.4465473"/>
 <node id="2740467915" visible="true" version="1" changeset="21293621" timestamp="2014-03-24T21:01:46Z" user="LLAQWA" uid="77114" lat="-0.3195716" lon="-78.4465473"/>
 <node id="2740467928" visible="true" version="1" changeset="21293621" timestamp="2014-03-24T21:01:47Z" user="LLAQWA" uid="77114" lat="-0.3198060" lon="-78.4451078"/>
 <node id="2932136176" visible="true" version="3" changeset="154627312" timestamp="2024-07-31T00:21:41Z" user="AlexLoaiza97" uid="21802936" lat="-0.3149856" lon="-78.4455002">
  <tag k="amenity" v="bank"/>
  <tag k="name" v="Almacen Universitario"/>
 </node>
 <node id="2932140201" visible="true" version="2" changeset="38005008" timestamp="2016-03-22T18:14:20Z" user="biandrade" uid="2143178" lat="-0.3148179" lon="-78.4440743"/>
 <node id="2932140202" visible="true" version="2" changeset="38005008" timestamp="2016-03-22T18:14:21Z" user="biandrade" uid="2143178" lat="-0.3149477" lon="-78.4450454"/>
 <node id="2932140203" visible="true" version="2" changeset="38005008" timestamp="2016-03-22T18:14:20Z" user="biandrade" uid="2143178" lat="-0.3147082" lon="-78.4452348"/>
 <node id="2932140204" visible="true" version="2" changeset="38005008" timestamp="2016-03-22T18:14:21Z" user="biandrade" uid="2143178" lat="-0.3156171" lon="-78.4451157"/>
 <node id="2932140206" visible="true" version="3" changeset="39724716" timestamp="2016-06-02T04:11:08Z" user="JAAS" uid="3321532" lat="-0.3145487" lon="-78.4452187"/>
 <node id="2932140207" visible="true" version="2" changeset="38005008" timestamp="2016-03-22T18:14:20Z" user="biandrade" uid="2143178" lat="-0.3148433" lon="-78.4437505"/>
 <node id="2932140208" visible="true" version="2" changeset="38005008" timestamp="2016-03-22T18:14:20Z" user="biandrade" uid="2143178" lat="-0.3148757" lon="-78.4432595"/>
 <node id="2932140210" visible="true" version="3" changeset="38005008" timestamp="2016-03-22T18:14:20Z" user="biandrade" uid="2143178" lat="-0.3148818" lon="-78.4431645"/>
 <node id="2932140213" visible="true" version="2" changeset="35779661" timestamp="2015-12-06T02:59:38Z" user="biandrade" uid="2143178" lat="-0.3149890" lon="-78.4431762"/>
 <node id="2932140214" visible="true" version="2" changeset="38005008" timestamp="2016-03-22T18:14:21Z" user="biandrade" uid="2143178" lat="-0.3155966" lon="-78.4453106"/>
 <node id="2932140215" visible="true" version="2" changeset="38005008" timestamp="2016-03-22T18:14:20Z" user="biandrade" uid="2143178" lat="-0.3145200" lon="-78.4455795"/>
 <node id="2932140216" visible="true" version="2" changeset="38005008" timestamp="2016-03-22T18:14:21Z" user="biandrade" uid="2143178" lat="-0.3149272" lon="-78.4452402"/>
 <node id="2932140217" visible="true" version="2" changeset="35779661" timestamp="2015-12-06T02:59:38Z" user="biandrade" uid="2143178" lat="-0.3150030" lon="-78.4429808"/>
 <node id="2932160632" visible="true" version="3" changeset="166801720" timestamp="2025-05-27T00:10:38Z" user="Marin Alquinga Josue Isaac" uid="22941299" lat="-0.3148101" lon="-78.4443644"/>
 <node id="2932160635" visible="true" version="2" changeset="38005008" timestamp="2016-03-22T18:14:20Z" user="biandrade" uid="2143178" lat="-0.3162283" lon="-78.4435880"/>
 <node id="2932160636" visible="true" version="1" changeset="23134234" timestamp="2014-06-25T02:17:22Z" user="a7ejo" uid="2145191" lat="-0.3165778" lon="-78.4454399"/>
 <node id="2932160637" visible="true" version="2" changeset="38005008" timestamp="2016-03-22T18:14:20Z" user="biandrade" uid="2143178" lat="-0.3147557" lon="-78.4447760"/>
 <node id="2932160638" visible="true" version="2" changeset="38005008" timestamp="2016-03-22T18:14:20Z" user="biandrade" uid="2143178" lat="-0.3160529" lon="-78.4435016"/>
 <node id="2932160639" visible="true" version="2" changeset="38005008" timestamp="2016-03-22T18:14:20Z" user="biandrade" uid="2143178" lat="-0.3152702" lon="-78.4440027"/>
 <node id="2932160640" visible="true" version="1" changeset="23134234" timestamp="2014-06-25T02:17:22Z" user="a7ejo" uid="2145191" lat="-0.3157356" lon="-78.4446620"/>
 <node id="2932160641" visible="true" version="1" changeset="23134234" timestamp="2014-06-25T02:17:22Z" user="a7ejo" uid="2145191" lat="-0.3156552" lon="-78.4453165"/>
 <node id="2932160642" visible="true" version="2" changeset="132261337" timestamp="2023-02-08T15:05:52Z" user="MishellCatucuamba" uid="12397323" lat="-0.3150168" lon="-78.4457296">
  <tag k="amenity" v="restaurant"/>
  <tag k="name" v="Restaurante estudiantil"/>
  <tag k="opening_hours" v="Mo-Fr 08:00-17:00"/>
 </node>
 <node id="2932160643" visible="true" version="1" changeset="23134234" timestamp="2014-06-25T02:17:22Z" user="a7ejo" uid="2145191" lat="-0.3166529" lon="-78.4447693"/>
 <node id="2942666237" visible="true" version="1" changeset="23425082" timestamp="2014-07-01T21:57:24Z" user="agranizo" uid="1799232" lat="-0.3183742" lon="-78.4485450"/>
 <node id="2942666245" visible="true" version="5" changeset="135743349" timestamp="2023-05-05T13:51:19Z" user="Pegasus21" uid="13510663" lat="-0.3186178" lon="-78.4480227"/>
 <node id="2942666250" visible="true" version="1" changeset="23425082" timestamp="2014-07-01T21:57:24Z" user="agranizo" uid="1799232" lat="-0.3193254" lon="-78.4492252"/>
 <node id="2942666279" visible="true" version="1" changeset="23425082" timestamp="2014-07-01T21:57:25Z" user="agranizo" uid="1799232" lat="-0.3235061" lon="-78.4478715"/>
 <node id="2942668767" visible="true" version="1" changeset="23425082" timestamp="2014-07-01T21:57:26Z" user="agranizo" uid="1799232" lat="-0.3257232" lon="-78.4463317"/>
 <node id="2942668769" visible="true" version="1" changeset="23425082" timestamp="2014-07-01T21:57:26Z" user="agranizo" uid="1799232" lat="-0.3269074" lon="-78.4460637"/>
 <node id="3879178156" visible="true" version="2" changeset="88804232" timestamp="2020-08-01T03:10:35Z" user="Evelyn Angos" uid="11583100" lat="-0.3148969" lon="-78.4462904">
  <tag k="name" v="Estación GNSS EPEC, REGME"/>
  <tag k="office" v="research"/>
 </node>
 <node id="3879179763" visible="true" version="1" changeset="35779528" timestamp="2015-12-06T02:28:35Z" user="biandrade" uid="2143178" lat="-0.3143627" lon="-78.4437389"/>
 <node id="3879179764" visible="true" version="1" changeset="35779528" timestamp="2015-12-06T02:28:35Z" user="biandrade" uid="2143178" lat="-0.3144981" lon="-78.4436584"/>
 <node id="3879179765" visible="true" version="1" changeset="35779528" timestamp="2015-12-06T02:28:35Z" user="biandrade" uid="2143178" lat="-0.3145171" lon="-78.4436487"/>
 <node id="3879195299" visible="true" version="1" changeset="35779679" timestamp="2015-12-06T03:02:14Z" user="biandrade" uid="2143178" lat="-0.3152937" lon="-78.4422476"/>
 <node id="3882400906" visible="true" version="3" changeset="140976889" timestamp="2023-09-08T09:01:47Z" user="MontBlanc1" uid="19895323" lat="-0.3178932" lon="-78.4422458"/>
 <node id="3882400907" visible="true" version="1" changeset="35815138" timestamp="2015-12-07T20:43:07Z" user="Ras_Guille" uid="3440464" lat="-0.3179390" lon="-78.4420441"/>
 <node id="3882400908" visible="true" version="1" changeset="35815138" timestamp="2015-12-07T20:43:07Z" user="Ras_Guille" uid="3440464" lat="-0.3180366" lon="-78.4417199"/>
 <node id="3882400909" visible="true" version="1" changeset="35815138" timestamp="2015-12-07T20:43:07Z" user="Ras_Guille" uid="3440464" lat="-0.3181240" lon="-78.4414332"/>
 <node id="3882400910" visible="true" version="1" changeset="35815138" timestamp="2015-12-07T20:43:07Z" user="Ras_Guille" uid="3440464" lat="-0.3182256" lon="-78.4410643"/>
 <node id="3882400911" visible="true" version="1" changeset="35815138" timestamp="2015-12-07T20:43:07Z" user="Ras_Guille" uid="3440464" lat="-0.3183019" lon="-78.4407635"/>
 <node id="3882400912" visible="true" version="1" changeset="35815138" timestamp="2015-12-07T20:43:07Z" user="Ras_Guille" uid="3440464" lat="-0.3184584" lon="-78.4401821"/>
 <node id="3882400913" visible="true" version="1" changeset="35815138" timestamp="2015-12-07T20:43:07Z" user="Ras_Guille" uid="3440464" lat="-0.3185549" lon="-78.4398264"/>
 <node id="3882400914" visible="true" version="1" changeset="35815138" timestamp="2015-12-07T20:43:07Z" user="Ras_Guille" uid="3440464" lat="-0.3186393" lon="-78.4395235"/>
 <node id="3882400915" visible="true" version="1" changeset="35815138" timestamp="2015-12-07T20:43:07Z" user="Ras_Guille" uid="3440464" lat="-0.3187358" lon="-78.4391698"/>
 <node id="3882400916" visible="true" version="1" changeset="35815138" timestamp="2015-12-07T20:43:07Z" user="Ras_Guille" uid="3440464" lat="-0.3188111" lon="-78.4389025"/>
 <node id="3882400917" visible="true" version="2" changeset="140976889" timestamp="2023-09-08T09:01:47Z" user="MontBlanc1" uid="19895323" lat="-0.3188513" lon="-78.4387519"/>
 <node id="3882400918" visible="true" version="2" changeset="140976889" timestamp="2023-09-08T09:01:47Z" user="MontBlanc1" uid="19895323" lat="-0.3188797" lon="-78.4387113"/>
 <node id="4022471847" visible="true" version="3" changeset="154670191" timestamp="2024-07-31T22:19:38Z" user="rodolfovargas" uid="1217047" lat="-0.3128004" lon="-78.4432945"/>
 <node id="4022471848" visible="true" version="3" changeset="154670191" timestamp="2024-07-31T22:19:38Z" user="rodolfovargas" uid="1217047" lat="-0.3129192" lon="-78.4432941"/>
 <node id="4022471849" visible="true" version="3" changeset="154670191" timestamp="2024-07-31T22:19:38Z" user="rodolfovargas" uid="1217047" lat="-0.3129381" lon="-78.4433139"/>
 <node id="4022471850" visible="true" version="3" changeset="154670191" timestamp="2024-07-31T22:19:38Z" user="rodolfovargas" uid="1217047" lat="-0.3129380" lon="-78.4433335"/>
 <node id="4022471851" visible="true" version="3" changeset="154670191" timestamp="2024-07-31T22:19:38Z" user="rodolfovargas" uid="1217047" lat="-0.3130085" lon="-78.4433333"/>
 <node id="4022471852" visible="true" version="3" changeset="154670191" timestamp="2024-07-31T22:19:38Z" user="rodolfovargas" uid="1217047" lat="-0.3130087" lon="-78.4433148"/>
 <node id="4022471853" visible="true" version="3" changeset="154670191" timestamp="2024-07-31T22:19:38Z" user="rodolfovargas" uid="1217047" lat="-0.3130301" lon="-78.4432938"/>
 <node id="4022471854" visible="true" version="3" changeset="154670191" timestamp="2024-07-31T22:19:38Z" user="rodolfovargas" uid="1217047" lat="-0.3130508" lon="-78.4432941"/>
 <node id="4022471855" visible="true" version="3" changeset="154670191" timestamp="2024-07-31T22:19:38Z" user="rodolfovargas" uid="1217047" lat="-0.3131001" lon="-78.4433374"/>
 <node id="4022471856" visible="true" version="3" changeset="154670191" timestamp="2024-07-31T22:19:38Z" user="rodolfovargas" uid="1217047" lat="-0.3132265" lon="-78.4432077"/>
 <node id="4022471857" visible="true" version="3" changeset="154670191" timestamp="2024-07-31T22:19:38Z" user="rodolfovargas" uid="1217047" lat="-0.3131752" lon="-78.4431601"/>
 <node id="4022471858" visible="true" version="3" changeset="154670191" timestamp="2024-07-31T22:19:38Z" user="rodolfovargas" uid="1217047" lat="-0.3132165" lon="-78.4431126"/>
 <node id="4022471859" visible="true" version="3" changeset="154670191" timestamp="2024-07-31T22:19:38Z" user="rodolfovargas" uid="1217047" lat="-0.3132114" lon="-78.4430460"/>
 <node id="4022471860" visible="true" version="3" changeset="154670191" timestamp="2024-07-31T22:19:38Z" user="rodolfovargas" uid="1217047" lat="-0.3131977" lon="-78.4430466"/>
 <node id="4022471861" visible="true" version="3" changeset="154670191" timestamp="2024-07-31T22:19:38Z" user="rodolfovargas" uid="1217047" lat="-0.3131705" lon="-78.4430291"/>
 <node id="4022471862" visible="true" version="3" changeset="154670191" timestamp="2024-07-31T22:19:38Z" user="rodolfovargas" uid="1217047" lat="-0.3131669" lon="-78.4429181"/>
 <node id="4022471863" visible="true" version="3" changeset="154670191" timestamp="2024-07-31T22:19:38Z" user="rodolfovargas" uid="1217047" lat="-0.3130947" lon="-78.4429187"/>
 <node id="4022471864" visible="true" version="3" changeset="154670191" timestamp="2024-07-31T22:19:38Z" user="rodolfovargas" uid="1217047" lat="-0.3130693" lon="-78.4429467"/>
 <node id="4022471865" visible="true" version="3" changeset="154670191" timestamp="2024-07-31T22:19:38Z" user="rodolfovargas" uid="1217047" lat="-0.3129983" lon="-78.4429481"/>
 <node id="4022471866" visible="true" version="3" changeset="154670191" timestamp="2024-07-31T22:19:38Z" user="rodolfovargas" uid="1217047" lat="-0.3129998" lon="-78.4430203"/>
 <node id="4022471867" visible="true" version="3" changeset="154670191" timestamp="2024-07-31T22:19:38Z" user="rodolfovargas" uid="1217047" lat="-0.3130405" lon="-78.4430192"/>
 <node id="4022471868" visible="true" version="3" changeset="154670191" timestamp="2024-07-31T22:19:38Z" user="rodolfovargas" uid="1217047" lat="-0.3130405" lon="-78.4430625"/>
 <node id="4022471869" visible="true" version="3" changeset="154670191" timestamp="2024-07-31T22:19:38Z" user="rodolfovargas" uid="1217047" lat="-0.3129331" lon="-78.4431664"/>
 <node id="4022471870" visible="true" version="3" changeset="154670191" timestamp="2024-07-31T22:19:38Z" user="rodolfovargas" uid="1217047" lat="-0.3128937" lon="-78.4431678"/>
 <node id="4022471871" visible="true" version="3" changeset="154670191" timestamp="2024-07-31T22:19:38Z" user="rodolfovargas" uid="1217047" lat="-0.3128948" lon="-78.4431291"/>
 <node id="4022471872" visible="true" version="3" changeset="154670191" timestamp="2024-07-31T22:19:38Z" user="rodolfovargas" uid="1217047" lat="-0.3128239" lon="-78.4431301"/>
 <node id="4022471873" visible="true" version="3" changeset="154670191" timestamp="2024-07-31T22:19:38Z" user="rodolfovargas" uid="1217047" lat="-0.3128263" lon="-78.4432030"/>
 <node id="4022471874" visible="true" version="3" changeset="154670191" timestamp="2024-07-31T22:19:38Z" user="rodolfovargas" uid="1217047" lat="-0.3127976" lon="-78.4432325"/>
 <node id="4022490605" visible="true" version="1" changeset="37397374" timestamp="2016-02-23T19:47:44Z" user="Kiwimiguel" uid="3653073" lat="-0.3120544" lon="-78.4439183"/>
 <node id="4022490606" visible="true" version="1" changeset="37397374" timestamp="2016-02-23T19:47:44Z" user="Kiwimiguel" uid="3653073" lat="-0.3120866" lon="-78.4438869"/>
 <node id="4022490607" visible="true" version="1" changeset="37397374" timestamp="2016-02-23T19:47:44Z" user="Kiwimiguel" uid="3653073" lat="-0.3121306" lon="-78.4439356"/>
 <node id="4022490608" visible="true" version="1" changeset="37397374" timestamp="2016-02-23T19:47:44Z" user="Kiwimiguel" uid="3653073" lat="-0.3120982" lon="-78.4439674"/>
 <node id="4073788668" visible="true" version="3" changeset="117497239" timestamp="2022-02-16T23:22:03Z" user="(Inactive) Hoordinates" uid="8867106" lat="-0.3170708" lon="-78.4438600"/>
 <node id="4073788669" visible="true" version="2" changeset="39724747" timestamp="2016-06-02T04:13:59Z" user="JAAS" uid="3321532" lat="-0.3169557" lon="-78.4438838"/>
 <node id="4073788670" visible="true" version="1" changeset="38005008" timestamp="2016-03-22T18:14:18Z" user="biandrade" uid="2143178" lat="-0.3168587" lon="-78.4440043"/>
 <node id="4073788671" visible="true" version="1" changeset="38005008" timestamp="2016-03-22T18:14:19Z" user="biandrade" uid="2143178" lat="-0.3167221" lon="-78.4438503"/>
 <node id="4073788672" visible="true" version="1" changeset="38005008" timestamp="2016-03-22T18:14:19Z" user="biandrade" uid="2143178" lat="-0.3165908" lon="-78.4437667"/>
 <node id="4073788673" visible="true" version="1" changeset="38005008" timestamp="2016-03-22T18:14:19Z" user="biandrade" uid="2143178" lat="-0.3159237" lon="-78.4435969"/>
 <node id="4073788674" visible="true" version="1" changeset="38005008" timestamp="2016-03-22T18:14:19Z" user="biandrade" uid="2143178" lat="-0.3155787" lon="-78.4437935"/>
 <node id="4073788675" visible="true" version="1" changeset="38005008" timestamp="2016-03-22T18:14:19Z" user="biandrade" uid="2143178" lat="-0.3154205" lon="-78.4438664"/>
 <node id="4073788676" visible="true" version="1" changeset="38005008" timestamp="2016-03-22T18:14:19Z" user="biandrade" uid="2143178" lat="-0.3153699" lon="-78.4438997"/>
 <node id="4073788677" visible="true" version="1" changeset="38005008" timestamp="2016-03-22T18:14:19Z" user="biandrade" uid="2143178" lat="-0.3147292" lon="-78.4450357"/>
 <node id="4073788678" visible="true" version="1" changeset="38005008" timestamp="2016-03-22T18:14:19Z" user="biandrade" uid="2143178" lat="-0.3145611" lon="-78.4450218"/>
 <node id="4073788679" visible="true" version="4" changeset="176740632" timestamp="2026-01-02T12:23:30Z" user="piligab" uid="3877019" lat="-0.3141366" lon="-78.4456383"/>
 <node id="4073788680" visible="true" version="1" changeset="38005008" timestamp="2016-03-22T18:14:19Z" user="biandrade" uid="2143178" lat="-0.3138417" lon="-78.4451490"/>
 <node id="4073788681" visible="true" version="2" changeset="66889287" timestamp="2019-02-04T00:26:02Z" user="Blazker" uid="9412487" lat="-0.3138262" lon="-78.4453415"/>
 <node id="4073788683" visible="true" version="1" changeset="38005008" timestamp="2016-03-22T18:14:19Z" user="biandrade" uid="2143178" lat="-0.3149545" lon="-78.4449739"/>
 <node id="4073788684" visible="true" version="1" changeset="38005008" timestamp="2016-03-22T18:14:19Z" user="biandrade" uid="2143178" lat="-0.3149750" lon="-78.4447791"/>
 <node id="4073788685" visible="true" version="1" changeset="38005008" timestamp="2016-03-22T18:14:19Z" user="biandrade" uid="2143178" lat="-0.3156444" lon="-78.4448494"/>
 <node id="4073788686" visible="true" version="1" changeset="38005008" timestamp="2016-03-22T18:14:19Z" user="biandrade" uid="2143178" lat="-0.3156239" lon="-78.4450443"/>
 <node id="4073788687" visible="true" version="1" changeset="38005008" timestamp="2016-03-22T18:14:19Z" user="biandrade" uid="2143178" lat="-0.3149676" lon="-78.4447104"/>
 <node id="4073788688" visible="true" version="1" changeset="38005008" timestamp="2016-03-22T18:14:19Z" user="biandrade" uid="2143178" lat="-0.3149881" lon="-78.4445156"/>
 <node id="4073789589" visible="true" version="1" changeset="38005008" timestamp="2016-03-22T18:14:19Z" user="biandrade" uid="2143178" lat="-0.3156574" lon="-78.4445859"/>
 <node id="4073789590" visible="true" version="1" changeset="38005008" timestamp="2016-03-22T18:14:19Z" user="biandrade" uid="2143178" lat="-0.3156370" lon="-78.4447808"/>
 <node id="4073789591" visible="true" version="1" changeset="38005008" timestamp="2016-03-22T18:14:19Z" user="biandrade" uid="2143178" lat="-0.3150015" lon="-78.4444234"/>
 <node id="4073789592" visible="true" version="1" changeset="38005008" timestamp="2016-03-22T18:14:19Z" user="biandrade" uid="2143178" lat="-0.3150220" lon="-78.4442286"/>
 <node id="4073789593" visible="true" version="1" changeset="38005008" timestamp="2016-03-22T18:14:19Z" user="biandrade" uid="2143178" lat="-0.3156914" lon="-78.4442989"/>
 <node id="4073789594" visible="true" version="1" changeset="38005008" timestamp="2016-03-22T18:14:19Z" user="biandrade" uid="2143178" lat="-0.3156709" lon="-78.4444938"/>
 <node id="4083541613" visible="true" version="1" changeset="38127615" timestamp="2016-03-28T19:01:00Z" user="biandrade" uid="2143178" lat="-0.3144095" lon="-78.4458243">
  <tag k="name" v="La Palmera"/>
  <tag k="natural" v="tree"/>
  <tag k="source" v="bing"/>
 </node>
 <node id="4150084999" visible="true" version="2" changeset="113286140" timestamp="2021-11-02T13:57:47Z" user="PulisakZ" uid="9026132" lat="-0.3145360" lon="-78.4436920">
  <tag k="addr:full" v="AV GRAL RUMIÑAHUI SN-CAMPUS POLITECNICO EDIFICIO MED CUARTO PISO"/>
  <tag k="alt_name" v="UFA - ESPE"/>
  <tag k="amenity" v="university"/>
  <tag k="contact:phone" v="(02) 23989457 / 1001"/>
  <tag k="contact:website" v="www.espe.edu.ec"/>
  <tag k="ec:campus" v="SANGOLQUI"/>
  <tag k="ec:date" v="2016-04-26"/>
  <tag k="ec:import" v="IES_Senescyt"/>
  <tag k="ec:sede_tipo" v="MATRIZ"/>
  <tag k="ec:tipo" v="UPC"/>
  <tag k="name" v="ESCUELA POLITECNICA DEL EJERCITO"/>
  <tag k="source" v="senescyt"/>
  <tag k="wikidata" v="Q97574388"/>
  <tag k="wikipedia" v="en:Armed Forces University – ESPE"/>
 </node>
 <node id="4220789720" visible="true" version="1" changeset="39724696" timestamp="2016-06-02T04:08:45Z" user="JAAS" uid="3321532" lat="-0.3151001" lon="-78.4459328"/>
 <node id="4220789721" visible="true" version="1" changeset="39724696" timestamp="2016-06-02T04:08:45Z" user="JAAS" uid="3321532" lat="-0.3148770" lon="-78.4459127"/>
 <node id="4220789722" visible="true" version="2" changeset="141144230" timestamp="2023-09-12T05:50:58Z" user="PatagonianPlateau" uid="17999760" lat="-0.3151892" lon="-78.4458807"/>
 <node id="4220789724" visible="true" version="1" changeset="39724696" timestamp="2016-06-02T04:08:45Z" user="JAAS" uid="3321532" lat="-0.3159828" lon="-78.4462287"/>
 <node id="4220790756" visible="true" version="1" changeset="39724747" timestamp="2016-06-02T04:13:59Z" user="JAAS" uid="3321532" lat="-0.3168734" lon="-78.4439434"/>
 <node id="4220790757" visible="true" version="1" changeset="39724747" timestamp="2016-06-02T04:13:59Z" user="JAAS" uid="3321532" lat="-0.3168251" lon="-78.4438837"/>
 <node id="4220790758" visible="true" version="1" changeset="39724747" timestamp="2016-06-02T04:13:59Z" user="JAAS" uid="3321532" lat="-0.3170244" lon="-78.4439828"/>
 <node id="4227233909" visible="true" version="3" changeset="140976889" timestamp="2023-09-08T09:01:47Z" user="MontBlanc1" uid="19895323" lat="-0.3191348" lon="-78.4423371">
  <tag k="bus" v="yes"/>
  <tag k="highway" v="bus_stop"/>
  <tag k="name" v="la glacial"/>
  <tag k="public_transport" v="stop_position"/>
 </node>
 <node id="4227233910" visible="true" version="3" changeset="140976889" timestamp="2023-09-08T09:01:47Z" user="MontBlanc1" uid="19895323" lat="-0.3174831" lon="-78.4422109">
  <tag k="bus" v="yes"/>
  <tag k="highway" v="bus_stop"/>
  <tag k="name" v="fabrica"/>
  <tag k="public_transport" v="stop_position"/>
 </node>
 <node id="4276363774" visible="true" version="2" changeset="135744344" timestamp="2023-05-05T14:17:52Z" user="Pegasus21" uid="13510663" lat="-0.3204700" lon="-78.4424514"/>
 <node id="4276363777" visible="true" version="2" changeset="135744344" timestamp="2023-05-05T14:17:52Z" user="Pegasus21" uid="13510663" lat="-0.3206256" lon="-78.4424612"/>
 <node id="4276370214" visible="true" version="3" changeset="135742850" timestamp="2023-05-05T13:40:03Z" user="Pegasus21" uid="13510663" lat="-0.3146949" lon="-78.4423121">
  <tag k="access" v="private"/>
  <tag k="barrier" v="gate"/>
 </node>
 <node id="4276370215" visible="true" version="3" changeset="135742850" timestamp="2023-05-05T13:40:03Z" user="Pegasus21" uid="13510663" lat="-0.3149657" lon="-78.4423347">
  <tag k="access" v="private"/>
  <tag k="barrier" v="gate"/>
 </node>
 <node id="4276370226" visible="true" version="2" changeset="44381358" timestamp="2016-12-13T19:56:11Z" user="agranizo" uid="1799232" lat="-0.3152794" lon="-78.4416248"/>
 <node id="4276370227" visible="true" version="2" changeset="44381358" timestamp="2016-12-13T19:56:11Z" user="agranizo" uid="1799232" lat="-0.3151489" lon="-78.4416084"/>
 <node id="4276370229" visible="true" version="2" changeset="40502194" timestamp="2016-07-05T15:13:16Z" user="BlueSombra" uid="3242620" lat="-0.3151074" lon="-78.4421071">
  <tag k="highway" v="traffic_signals"/>
  <tag k="traffic_signals" v="signal"/>
 </node>
 <node id="4276370230" visible="true" version="2" changeset="53996136" timestamp="2017-11-22T09:44:47Z" user="hoream_telenav" uid="4437318" lat="-0.3152485" lon="-78.4421211">
  <tag k="highway" v="traffic_signals"/>
 </node>
 <node id="4277155255" visible="true" version="2" changeset="79620308" timestamp="2020-01-15T19:56:43Z" user="TheJAwesome1" uid="8525923" lat="-0.3152744" lon="-78.4417106">
  <tag k="access" v="permissive"/>
  <tag k="barrier" v="gate"/>
 </node>
 <node id="4277155256" visible="true" version="2" changeset="79620308" timestamp="2020-01-15T19:56:43Z" user="TheJAwesome1" uid="8525923" lat="-0.3151408" lon="-78.4417060">
  <tag k="access" v="permissive"/>
  <tag k="barrier" v="gate"/>
 </node>
 <node id="4289456523" visible="true" version="2" changeset="98290849" timestamp="2021-01-28T11:01:51Z" user="Pavani09" uid="11698693" lat="-0.3126432" lon="-78.4478982"/>
 <node id="4289456524" visible="true" version="2" changeset="98290849" timestamp="2021-01-28T11:01:51Z" user="Pavani09" uid="11698693" lat="-0.3123365" lon="-78.4478233"/>
 <node id="4578522642" visible="true" version="2" changeset="141144230" timestamp="2023-09-12T05:50:58Z" user="PatagonianPlateau" uid="17999760" lat="-0.3149691" lon="-78.4423022"/>
 <node id="4578522643" visible="true" version="2" changeset="141144230" timestamp="2023-09-12T05:50:58Z" user="PatagonianPlateau" uid="17999760" lat="-0.3149643" lon="-78.4423516"/>
 <node id="4578522644" visible="true" version="2" changeset="141144230" timestamp="2023-09-12T05:50:58Z" user="PatagonianPlateau" uid="17999760" lat="-0.3146964" lon="-78.4422785"/>
 <node id="4578522645" visible="true" version="2" changeset="141144230" timestamp="2023-09-12T05:50:58Z" user="PatagonianPlateau" uid="17999760" lat="-0.3146940" lon="-78.4423281"/>
 <node id="4578858850" visible="true" version="2" changeset="136424962" timestamp="2023-05-22T17:53:36Z" user="MishellCatucuamba" uid="12397323" lat="-0.3125997" lon="-78.4457918"/>
 <node id="4578959570" visible="true" version="2" changeset="136424496" timestamp="2023-05-22T17:38:57Z" user="MishellCatucuamba" uid="12397323" lat="-0.3140725" lon="-78.4436077"/>
 <node id="4580559723" visible="true" version="4" changeset="176740632" timestamp="2026-01-02T12:23:30Z" user="piligab" uid="3877019" lat="-0.3138907" lon="-78.4453492"/>
 <node id="4580559724" visible="true" version="1" changeset="44774085" timestamp="2016-12-30T03:14:52Z" user="Lexi Johnson" uid="4803526" lat="-0.3141489" lon="-78.4455557"/>
 <node id="4917731221" visible="true" version="2" changeset="121452130" timestamp="2022-05-25T02:59:57Z" user="b-jazz-bot" uid="9451067" lat="-0.3124543" lon="-78.4460191">
  <tag k="amenity" v="school"/>
  <tag k="email" v="automatizacion@espe.edu.ec"/>
  <tag k="name" v="Laboratorios de Electrónica"/>
  <tag k="name:es" v="Laboratorios de Electrónica"/>
  <tag k="website" v="https://automatizacion.espe.edu.ec"/>
 </node>
 <node id="4938461542" visible="true" version="2" changeset="117497239" timestamp="2022-02-16T23:22:03Z" user="(Inactive) Hoordinates" uid="8867106" lat="-0.3136881" lon="-78.4432881"/>
 <node id="5039336921" visible="true" version="3" changeset="145413695" timestamp="2023-12-22T16:59:15Z" user="ErickOchoa" uid="19030383" lat="-0.3152636" lon="-78.4421434">
  <tag k="amenity" v="atm"/>
  <tag k="cash_in" v="no"/>
  <tag k="check_date" v="2023-12-22"/>
  <tag k="operator" v="29 de Octubre"/>
 </node>
 <node id="5299212486" visible="true" version="1" changeset="54838937" timestamp="2017-12-22T11:27:10Z" user="lorandr_telenav" uid="4973384" lat="-0.3160455" lon="-78.4420571"/>
 <node id="5952635504" visible="true" version="1" changeset="63176867" timestamp="2018-10-03T23:18:40Z" user="friedel_hn" uid="5079" lat="-0.3081119" lon="-78.4516901"/>
 <node id="5952635505" visible="true" version="1" changeset="63176867" timestamp="2018-10-03T23:18:40Z" user="friedel_hn" uid="5079" lat="-0.3078638" lon="-78.4518403"/>
 <node id="5952635506" visible="true" version="1" changeset="63176867" timestamp="2018-10-03T23:18:40Z" user="friedel_hn" uid="5079" lat="-0.3078893" lon="-78.4520294"/>
 <node id="5952635507" visible="true" version="1" changeset="63176867" timestamp="2018-10-03T23:18:40Z" user="friedel_hn" uid="5079" lat="-0.3080046" lon="-78.4521380"/>
 <node id="5952635508" visible="true" version="1" changeset="63176867" timestamp="2018-10-03T23:18:40Z" user="friedel_hn" uid="5079" lat="-0.3081884" lon="-78.4524760"/>
 <node id="5952635509" visible="true" version="1" changeset="63176867" timestamp="2018-10-03T23:18:40Z" user="friedel_hn" uid="5079" lat="-0.3081360" lon="-78.4526020"/>
 <node id="5952635510" visible="true" version="1" changeset="63176867" timestamp="2018-10-03T23:18:40Z" user="friedel_hn" uid="5079" lat="-0.3078799" lon="-78.4526691"/>
 <node id="5952635511" visible="true" version="1" changeset="63176867" timestamp="2018-10-03T23:18:40Z" user="friedel_hn" uid="5079" lat="-0.3072000" lon="-78.4531304"/>
 <node id="5952635512" visible="true" version="1" changeset="63176867" timestamp="2018-10-03T23:18:40Z" user="friedel_hn" uid="5079" lat="-0.3072751" lon="-78.4529561"/>
 <node id="5952635513" visible="true" version="1" changeset="63176867" timestamp="2018-10-03T23:18:40Z" user="friedel_hn" uid="5079" lat="-0.3070015" lon="-78.4532109"/>
 <node id="5952635514" visible="true" version="1" changeset="63176867" timestamp="2018-10-03T23:18:40Z" user="friedel_hn" uid="5079" lat="-0.3059112" lon="-78.4537125"/>
 <node id="5952635515" visible="true" version="1" changeset="63176867" timestamp="2018-10-03T23:18:40Z" user="friedel_hn" uid="5079" lat="-0.3059031" lon="-78.4535703"/>
 <node id="5952635516" visible="true" version="1" changeset="63176867" timestamp="2018-10-03T23:18:40Z" user="friedel_hn" uid="5079" lat="-0.3059823" lon="-78.4541269"/>
 <node id="5952635517" visible="true" version="1" changeset="63176867" timestamp="2018-10-03T23:18:40Z" user="friedel_hn" uid="5079" lat="-0.3057664" lon="-78.4542891"/>
 <node id="5952635518" visible="true" version="1" changeset="63176867" timestamp="2018-10-03T23:18:40Z" user="friedel_hn" uid="5079" lat="-0.3056738" lon="-78.4543227"/>
 <node id="5952635519" visible="true" version="1" changeset="63176867" timestamp="2018-10-03T23:18:40Z" user="friedel_hn" uid="5079" lat="-0.3054727" lon="-78.4543374"/>
 <node id="5952635520" visible="true" version="1" changeset="63176867" timestamp="2018-10-03T23:18:40Z" user="friedel_hn" uid="5079" lat="-0.3053694" lon="-78.4545748"/>
 <node id="5952635521" visible="true" version="1" changeset="63176867" timestamp="2018-10-03T23:18:40Z" user="friedel_hn" uid="5079" lat="-0.3052876" lon="-78.4547049"/>
 <node id="5952635522" visible="true" version="1" changeset="63176867" timestamp="2018-10-03T23:18:40Z" user="friedel_hn" uid="5079" lat="-0.3051709" lon="-78.4548229"/>
 <node id="5952635523" visible="true" version="1" changeset="63176867" timestamp="2018-10-03T23:18:40Z" user="friedel_hn" uid="5079" lat="-0.3050851" lon="-78.4548551"/>
 <node id="6007797561" visible="true" version="1" changeset="63800933" timestamp="2018-10-23T15:38:13Z" user="hen2613" uid="8992981" lat="-0.3141885" lon="-78.4456774"/>
 <node id="6007797562" visible="true" version="1" changeset="63800933" timestamp="2018-10-23T15:38:13Z" user="hen2613" uid="8992981" lat="-0.3141908" lon="-78.4456081"/>
 <node id="6007797563" visible="true" version="1" changeset="63800933" timestamp="2018-10-23T15:38:13Z" user="hen2613" uid="8992981" lat="-0.3142062" lon="-78.4456089"/>
 <node id="6007797564" visible="true" version="1" changeset="63800933" timestamp="2018-10-23T15:38:13Z" user="hen2613" uid="8992981" lat="-0.3142047" lon="-78.4456774"/>
 <node id="6256980941" visible="true" version="1" changeset="66889287" timestamp="2019-02-04T00:26:00Z" user="Blazker" uid="9412487" lat="-0.3122409" lon="-78.4464741"/>
 <node id="6256980942" visible="true" version="1" changeset="66889287" timestamp="2019-02-04T00:26:00Z" user="Blazker" uid="9412487" lat="-0.3122427" lon="-78.4463025"/>
 <node id="6256980943" visible="true" version="1" changeset="66889287" timestamp="2019-02-04T00:26:00Z" user="Blazker" uid="9412487" lat="-0.3126214" lon="-78.4463149"/>
 <node id="6256980944" visible="true" version="1" changeset="66889287" timestamp="2019-02-04T00:26:00Z" user="Blazker" uid="9412487" lat="-0.3126143" lon="-78.4464900"/>
 <node id="6256980945" visible="true" version="1" changeset="66889287" timestamp="2019-02-04T00:26:00Z" user="Blazker" uid="9412487" lat="-0.3134692" lon="-78.4448973"/>
 <node id="6256980946" visible="true" version="1" changeset="66889287" timestamp="2019-02-04T00:26:00Z" user="Blazker" uid="9412487" lat="-0.3141115" lon="-78.4449441"/>
 <node id="6256980947" visible="true" version="1" changeset="66889287" timestamp="2019-02-04T00:26:00Z" user="Blazker" uid="9412487" lat="-0.3141786" lon="-78.4443058"/>
 <node id="6256980948" visible="true" version="1" changeset="66889287" timestamp="2019-02-04T00:26:00Z" user="Blazker" uid="9412487" lat="-0.3135240" lon="-78.4442469"/>
 <node id="6256980949" visible="true" version="2" changeset="88992840" timestamp="2020-08-05T16:47:25Z" user="Evelyn Angos" uid="11583100" lat="-0.3134430" lon="-78.4449284"/>
 <node id="6256980950" visible="true" version="1" changeset="66889287" timestamp="2019-02-04T00:26:00Z" user="Blazker" uid="9412487" lat="-0.3133635" lon="-78.4449116"/>
 <node id="6256980951" visible="true" version="1" changeset="66889287" timestamp="2019-02-04T00:26:00Z" user="Blazker" uid="9412487" lat="-0.3132781" lon="-78.4450538"/>
 <node id="6256980952" visible="true" version="1" changeset="66889287" timestamp="2019-02-04T00:26:00Z" user="Blazker" uid="9412487" lat="-0.3134030" lon="-78.4449178"/>
 <node id="6256980953" visible="true" version="1" changeset="66889287" timestamp="2019-02-04T00:26:00Z" user="Blazker" uid="9412487" lat="-0.3132598" lon="-78.4452348"/>
 <node id="6256980954" visible="true" version="1" changeset="66889287" timestamp="2019-02-04T00:26:00Z" user="Blazker" uid="9412487" lat="-0.3132130" lon="-78.4452937"/>
 <node id="6256980955" visible="true" version="1" changeset="66889287" timestamp="2019-02-04T00:26:00Z" user="Blazker" uid="9412487" lat="-0.3136483" lon="-78.4453276"/>
 <node id="6256980956" visible="true" version="1" changeset="66889287" timestamp="2019-02-04T00:26:00Z" user="Blazker" uid="9412487" lat="-0.3136806" lon="-78.4449339"/>
 <node id="6256980957" visible="true" version="1" changeset="66889287" timestamp="2019-02-04T00:26:00Z" user="Blazker" uid="9412487" lat="-0.3135810" lon="-78.4449339"/>
 <node id="6256980958" visible="true" version="1" changeset="66889287" timestamp="2019-02-04T00:26:00Z" user="Blazker" uid="9412487" lat="-0.3134744" lon="-78.4449749"/>
 <node id="6256980959" visible="true" version="1" changeset="66889287" timestamp="2019-02-04T00:26:00Z" user="Blazker" uid="9412487" lat="-0.3135476" lon="-78.4451334"/>
 <node id="6256980960" visible="true" version="1" changeset="66889287" timestamp="2019-02-04T00:26:01Z" user="Blazker" uid="9412487" lat="-0.3135412" lon="-78.4453193"/>
 <node id="6256980961" visible="true" version="1" changeset="66889287" timestamp="2019-02-04T00:26:01Z" user="Blazker" uid="9412487" lat="-0.3135277" lon="-78.4453068"/>
 <node id="6256980962" visible="true" version="1" changeset="66889287" timestamp="2019-02-04T00:26:01Z" user="Blazker" uid="9412487" lat="-0.3135370" lon="-78.4451410"/>
 <node id="6256980963" visible="true" version="1" changeset="66889287" timestamp="2019-02-04T00:26:01Z" user="Blazker" uid="9412487" lat="-0.3134588" lon="-78.4449717"/>
 <node id="6256980964" visible="true" version="1" changeset="66889287" timestamp="2019-02-04T00:26:01Z" user="Blazker" uid="9412487" lat="-0.3134354" lon="-78.4449355"/>
 <node id="6256980965" visible="true" version="1" changeset="66889287" timestamp="2019-02-04T00:26:01Z" user="Blazker" uid="9412487" lat="-0.3133689" lon="-78.4449273"/>
 <node id="6256980966" visible="true" version="1" changeset="66889287" timestamp="2019-02-04T00:26:01Z" user="Blazker" uid="9412487" lat="-0.3132895" lon="-78.4450616"/>
 <node id="6256980967" visible="true" version="1" changeset="66889287" timestamp="2019-02-04T00:26:01Z" user="Blazker" uid="9412487" lat="-0.3132767" lon="-78.4452355"/>
 <node id="6256980968" visible="true" version="1" changeset="66889287" timestamp="2019-02-04T00:26:01Z" user="Blazker" uid="9412487" lat="-0.3132393" lon="-78.4452846"/>
 <node id="6256980969" visible="true" version="1" changeset="66889287" timestamp="2019-02-04T00:26:01Z" user="Blazker" uid="9412487" lat="-0.3156801" lon="-78.4441775"/>
 <node id="6256980970" visible="true" version="1" changeset="66889287" timestamp="2019-02-04T00:26:01Z" user="Blazker" uid="9412487" lat="-0.3159708" lon="-78.4442080"/>
 <node id="6256980971" visible="true" version="1" changeset="66889287" timestamp="2019-02-04T00:26:01Z" user="Blazker" uid="9412487" lat="-0.3159830" lon="-78.4440413"/>
 <node id="6256980972" visible="true" version="1" changeset="66889287" timestamp="2019-02-04T00:26:01Z" user="Blazker" uid="9412487" lat="-0.3156903" lon="-78.4440068"/>
 <node id="6256980973" visible="true" version="1" changeset="66889287" timestamp="2019-02-04T00:26:01Z" user="Blazker" uid="9412487" lat="-0.3160460" lon="-78.4442161"/>
 <node id="6256980974" visible="true" version="1" changeset="66889287" timestamp="2019-02-04T00:26:01Z" user="Blazker" uid="9412487" lat="-0.3163326" lon="-78.4442466"/>
 <node id="6256980975" visible="true" version="1" changeset="66889287" timestamp="2019-02-04T00:26:01Z" user="Blazker" uid="9412487" lat="-0.3163489" lon="-78.4440820"/>
 <node id="6256980976" visible="true" version="1" changeset="66889287" timestamp="2019-02-04T00:26:01Z" user="Blazker" uid="9412487" lat="-0.3160582" lon="-78.4440454"/>
 <node id="6256980977" visible="true" version="1" changeset="66889287" timestamp="2019-02-04T00:26:01Z" user="Blazker" uid="9412487" lat="-0.3148608" lon="-78.4442743"/>
 <node id="6256980978" visible="true" version="1" changeset="66889287" timestamp="2019-02-04T00:26:01Z" user="Blazker" uid="9412487" lat="-0.3149542" lon="-78.4432259"/>
 <node id="6256980979" visible="true" version="1" changeset="66889287" timestamp="2019-02-04T00:26:01Z" user="Blazker" uid="9412487" lat="-0.3151410" lon="-78.4432306"/>
 <node id="6256980980" visible="true" version="1" changeset="66889287" timestamp="2019-02-04T00:26:01Z" user="Blazker" uid="9412487" lat="-0.3153488" lon="-78.4432586"/>
 <node id="6256980981" visible="true" version="1" changeset="66889287" timestamp="2019-02-04T00:26:01Z" user="Blazker" uid="9412487" lat="-0.3155683" lon="-78.4433216"/>
 <node id="6256980982" visible="true" version="1" changeset="66889287" timestamp="2019-02-04T00:26:01Z" user="Blazker" uid="9412487" lat="-0.3158158" lon="-78.4434267"/>
 <node id="6256980983" visible="true" version="1" changeset="66889287" timestamp="2019-02-04T00:26:01Z" user="Blazker" uid="9412487" lat="-0.3159979" lon="-78.4435201"/>
 <node id="6256980984" visible="true" version="1" changeset="66889287" timestamp="2019-02-04T00:26:01Z" user="Blazker" uid="9412487" lat="-0.3155776" lon="-78.4437583"/>
 <node id="6256983885" visible="true" version="1" changeset="66889287" timestamp="2019-02-04T00:26:01Z" user="Blazker" uid="9412487" lat="-0.3153535" lon="-78.4438820"/>
 <node id="6256983886" visible="true" version="1" changeset="66889287" timestamp="2019-02-04T00:26:01Z" user="Blazker" uid="9412487" lat="-0.3152601" lon="-78.4439824"/>
 <node id="6256983887" visible="true" version="1" changeset="66889287" timestamp="2019-02-04T00:26:01Z" user="Blazker" uid="9412487" lat="-0.3150476" lon="-78.4441319"/>
 <node id="6256983888" visible="true" version="1" changeset="66889287" timestamp="2019-02-04T00:26:01Z" user="Blazker" uid="9412487" lat="-0.3148459" lon="-78.4437117"/>
 <node id="6256983889" visible="true" version="1" changeset="66889287" timestamp="2019-02-04T00:26:01Z" user="Blazker" uid="9412487" lat="-0.3149915" lon="-78.4436462"/>
 <node id="6256983890" visible="true" version="1" changeset="66889287" timestamp="2019-02-04T00:26:01Z" user="Blazker" uid="9412487" lat="-0.3150709" lon="-78.4435972"/>
 <node id="6256983891" visible="true" version="1" changeset="66889287" timestamp="2019-02-04T00:26:01Z" user="Blazker" uid="9412487" lat="-0.3151480" lon="-78.4435528"/>
 <node id="6256983892" visible="true" version="1" changeset="66889287" timestamp="2019-02-04T00:26:01Z" user="Blazker" uid="9412487" lat="-0.3152624" lon="-78.4435108"/>
 <node id="6256983893" visible="true" version="1" changeset="66889287" timestamp="2019-02-04T00:26:01Z" user="Blazker" uid="9412487" lat="-0.3154352" lon="-78.4434407"/>
 <node id="6256983894" visible="true" version="1" changeset="66889287" timestamp="2019-02-04T00:26:01Z" user="Blazker" uid="9412487" lat="-0.3155706" lon="-78.4433637"/>
 <node id="6256983895" visible="true" version="1" changeset="66889287" timestamp="2019-02-04T00:26:01Z" user="Blazker" uid="9412487" lat="-0.3156196" lon="-78.4433193"/>
 <node id="6256983896" visible="true" version="1" changeset="66889287" timestamp="2019-02-04T00:26:01Z" user="Blazker" uid="9412487" lat="-0.3153675" lon="-78.4432376"/>
 <node id="6256983897" visible="true" version="1" changeset="66889287" timestamp="2019-02-04T00:26:01Z" user="Blazker" uid="9412487" lat="-0.3150406" lon="-78.4431839"/>
 <node id="6256983898" visible="true" version="2" changeset="68106266" timestamp="2019-03-13T16:36:51Z" user="Georafas" uid="9395904" lat="-0.3163162" lon="-78.4431156"/>
 <node id="6256983899" visible="true" version="2" changeset="68106266" timestamp="2019-03-13T16:36:51Z" user="Georafas" uid="9395904" lat="-0.3163323" lon="-78.4423431"/>
 <node id="6256983900" visible="true" version="2" changeset="68106266" timestamp="2019-03-13T16:36:51Z" user="Georafas" uid="9395904" lat="-0.3161848" lon="-78.4423699"/>
 <node id="6256983901" visible="true" version="2" changeset="68106266" timestamp="2019-03-13T16:36:51Z" user="Georafas" uid="9395904" lat="-0.3157234" lon="-78.4423619"/>
 <node id="6256983902" visible="true" version="2" changeset="68106266" timestamp="2019-03-13T16:36:51Z" user="Georafas" uid="9395904" lat="-0.3156966" lon="-78.4424316"/>
 <node id="6256983903" visible="true" version="2" changeset="68106266" timestamp="2019-03-13T16:36:51Z" user="Georafas" uid="9395904" lat="-0.3152192" lon="-78.4423860"/>
 <node id="6256983904" visible="true" version="2" changeset="68106266" timestamp="2019-03-13T16:36:51Z" user="Georafas" uid="9395904" lat="-0.3151521" lon="-78.4424504"/>
 <node id="6256983905" visible="true" version="1" changeset="66889287" timestamp="2019-02-04T00:26:01Z" user="Blazker" uid="9412487" lat="-0.3150507" lon="-78.4424331"/>
 <node id="6256983906" visible="true" version="2" changeset="68106266" timestamp="2019-03-13T16:36:51Z" user="Georafas" uid="9395904" lat="-0.3150368" lon="-78.4429734"/>
 <node id="6256983907" visible="true" version="2" changeset="68106266" timestamp="2019-03-13T16:36:51Z" user="Georafas" uid="9395904" lat="-0.3152192" lon="-78.4430083"/>
 <node id="6256983908" visible="true" version="2" changeset="68106266" timestamp="2019-03-13T16:36:51Z" user="Georafas" uid="9395904" lat="-0.3155545" lon="-78.4430619"/>
 <node id="6256983909" visible="true" version="2" changeset="68106266" timestamp="2019-03-13T16:36:51Z" user="Georafas" uid="9395904" lat="-0.3159353" lon="-78.4430834"/>
 <node id="6256983910" visible="true" version="1" changeset="66889287" timestamp="2019-02-04T00:26:01Z" user="Blazker" uid="9412487" lat="-0.3142782" lon="-78.4434797"/>
 <node id="6256983911" visible="true" version="1" changeset="66889287" timestamp="2019-02-04T00:26:01Z" user="Blazker" uid="9412487" lat="-0.3141042" lon="-78.4434611"/>
 <node id="6256983912" visible="true" version="1" changeset="66889287" timestamp="2019-02-04T00:26:01Z" user="Blazker" uid="9412487" lat="-0.3139665" lon="-78.4434611"/>
 <node id="6256983913" visible="true" version="1" changeset="66889287" timestamp="2019-02-04T00:26:01Z" user="Blazker" uid="9412487" lat="-0.3138917" lon="-78.4434774"/>
 <node id="6256983914" visible="true" version="2" changeset="136424496" timestamp="2023-05-22T17:38:57Z" user="MishellCatucuamba" uid="12397323" lat="-0.3138393" lon="-78.4434907"/>
 <node id="6256983915" visible="true" version="2" changeset="136424496" timestamp="2023-05-22T17:38:57Z" user="MishellCatucuamba" uid="12397323" lat="-0.3137089" lon="-78.4435971"/>
 <node id="6256983921" visible="true" version="1" changeset="66889287" timestamp="2019-02-04T00:26:01Z" user="Blazker" uid="9412487" lat="-0.3139390" lon="-78.4434671"/>
 <node id="6335917946" visible="true" version="1" changeset="68106266" timestamp="2019-03-13T16:36:50Z" user="Georafas" uid="9395904" lat="-0.3150641" lon="-78.4424385"/>
 <node id="6336012539" visible="true" version="2" changeset="135743349" timestamp="2023-05-05T13:51:19Z" user="Pegasus21" uid="13510663" lat="-0.3185268" lon="-78.4479913"/>
 <node id="6336012540" visible="true" version="1" changeset="68108087" timestamp="2019-03-13T17:28:49Z" user="Georafas" uid="9395904" lat="-0.3183323" lon="-78.4480825"/>
 <node id="6336012541" visible="true" version="1" changeset="68108087" timestamp="2019-03-13T17:28:49Z" user="Georafas" uid="9395904" lat="-0.3182773" lon="-78.4480020"/>
 <node id="6336012542" visible="true" version="1" changeset="68108087" timestamp="2019-03-13T17:28:49Z" user="Georafas" uid="9395904" lat="-0.3180601" lon="-78.4478344"/>
 <node id="6336012543" visible="true" version="1" changeset="68108087" timestamp="2019-03-13T17:28:49Z" user="Georafas" uid="9395904" lat="-0.3178455" lon="-78.4477606"/>
 <node id="6336012544" visible="true" version="1" changeset="68108087" timestamp="2019-03-13T17:28:49Z" user="Georafas" uid="9395904" lat="-0.3158124" lon="-78.4477150"/>
 <node id="6336012545" visible="true" version="1" changeset="68108087" timestamp="2019-03-13T17:28:49Z" user="Georafas" uid="9395904" lat="-0.3161866" lon="-78.4479725"/>
 <node id="6336012546" visible="true" version="1" changeset="68108087" timestamp="2019-03-13T17:28:49Z" user="Georafas" uid="9395904" lat="-0.3161021" lon="-78.4479645"/>
 <node id="6336012547" visible="true" version="2" changeset="154625143" timestamp="2024-07-30T22:05:31Z" user="rodolfovargas" uid="1217047" lat="-0.3157762" lon="-78.4478247"/>
 <node id="6336012548" visible="true" version="1" changeset="68108087" timestamp="2019-03-13T17:28:49Z" user="Georafas" uid="9395904" lat="-0.3158500" lon="-78.4478787"/>
 <node id="6336012549" visible="true" version="1" changeset="68108087" timestamp="2019-03-13T17:28:49Z" user="Georafas" uid="9395904" lat="-0.3153471" lon="-78.4472108"/>
 <node id="6336012550" visible="true" version="2" changeset="154625143" timestamp="2024-07-30T22:05:31Z" user="rodolfovargas" uid="1217047" lat="-0.3150421" lon="-78.4472304"/>
 <node id="6336012551" visible="true" version="1" changeset="68108087" timestamp="2019-03-13T17:28:49Z" user="Georafas" uid="9395904" lat="-0.3151942" lon="-78.4472483"/>
 <node id="6336012552" visible="true" version="2" changeset="154625143" timestamp="2024-07-30T22:05:31Z" user="rodolfovargas" uid="1217047" lat="-0.3153317" lon="-78.4473141"/>
 <node id="6336012553" visible="true" version="2" changeset="154625143" timestamp="2024-07-30T22:05:31Z" user="rodolfovargas" uid="1217047" lat="-0.3152648" lon="-78.4472770"/>
 <node id="6336012554" visible="true" version="2" changeset="154625143" timestamp="2024-07-30T22:05:31Z" user="rodolfovargas" uid="1217047" lat="-0.3148361" lon="-78.4472966"/>
 <node id="6336012555" visible="true" version="2" changeset="154625143" timestamp="2024-07-30T22:05:31Z" user="rodolfovargas" uid="1217047" lat="-0.3149844" lon="-78.4472398"/>
 <node id="6336012556" visible="true" version="1" changeset="68108087" timestamp="2019-03-13T17:28:49Z" user="Georafas" uid="9395904" lat="-0.3151955" lon="-78.4471397"/>
 <node id="6336012557" visible="true" version="1" changeset="68108087" timestamp="2019-03-13T17:28:49Z" user="Georafas" uid="9395904" lat="-0.3148670" lon="-78.4471692"/>
 <node id="6336012558" visible="true" version="1" changeset="68108087" timestamp="2019-03-13T17:28:49Z" user="Georafas" uid="9395904" lat="-0.3133985" lon="-78.4481227"/>
 <node id="6336012559" visible="true" version="1" changeset="68108087" timestamp="2019-03-13T17:28:49Z" user="Georafas" uid="9395904" lat="-0.3132402" lon="-78.4481402"/>
 <node id="6336012560" visible="true" version="1" changeset="68108087" timestamp="2019-03-13T17:28:49Z" user="Georafas" uid="9395904" lat="-0.3130927" lon="-78.4481227"/>
 <node id="6336012561" visible="true" version="1" changeset="68108087" timestamp="2019-03-13T17:28:49Z" user="Georafas" uid="9395904" lat="-0.3134441" lon="-78.4482086"/>
 <node id="6336012562" visible="true" version="1" changeset="68108087" timestamp="2019-03-13T17:28:49Z" user="Georafas" uid="9395904" lat="-0.3132483" lon="-78.4482381"/>
 <node id="6336012563" visible="true" version="2" changeset="98290849" timestamp="2021-01-28T11:01:51Z" user="Pavani09" uid="11698693" lat="-0.3129934" lon="-78.4481871"/>
 <node id="6336012564" visible="true" version="2" changeset="98290849" timestamp="2021-01-28T11:01:51Z" user="Pavani09" uid="11698693" lat="-0.3126756" lon="-78.4480718"/>
 <node id="6336012569" visible="true" version="1" changeset="68108087" timestamp="2019-03-13T17:28:49Z" user="Georafas" uid="9395904" lat="-0.3108772" lon="-78.4492546"/>
 <node id="6336012570" visible="true" version="1" changeset="68108087" timestamp="2019-03-13T17:28:49Z" user="Georafas" uid="9395904" lat="-0.3108437" lon="-78.4494652"/>
 <node id="6336012573" visible="true" version="2" changeset="135742137" timestamp="2023-05-05T13:22:39Z" user="Pegasus21" uid="13510663" lat="-0.3109172" lon="-78.4500245"/>
 <node id="6336012574" visible="true" version="2" changeset="135742137" timestamp="2023-05-05T13:22:39Z" user="Pegasus21" uid="13510663" lat="-0.3108885" lon="-78.4501488"/>
 <node id="6336048955" visible="true" version="1" changeset="68108787" timestamp="2019-03-13T17:47:58Z" user="Georafas" uid="9395904" lat="-0.3179890" lon="-78.4476882"/>
 <node id="6350145621" visible="true" version="1" changeset="68344109" timestamp="2019-03-20T16:53:11Z" user="Georafas" uid="9395904" lat="-0.3198511" lon="-78.4389985"/>
 <node id="6350145622" visible="true" version="1" changeset="68344109" timestamp="2019-03-20T16:53:11Z" user="Georafas" uid="9395904" lat="-0.3198337" lon="-78.4387531"/>
 <node id="6350145623" visible="true" version="1" changeset="68344109" timestamp="2019-03-20T16:53:11Z" user="Georafas" uid="9395904" lat="-0.3198732" lon="-78.4387639"/>
 <node id="6350145624" visible="true" version="1" changeset="68344109" timestamp="2019-03-20T16:53:11Z" user="Georafas" uid="9395904" lat="-0.3199175" lon="-78.4388088"/>
 <node id="6350145625" visible="true" version="1" changeset="68344109" timestamp="2019-03-20T16:53:11Z" user="Georafas" uid="9395904" lat="-0.3199170" lon="-78.4388332"/>
 <node id="6350145626" visible="true" version="1" changeset="68344109" timestamp="2019-03-20T16:53:11Z" user="Georafas" uid="9395904" lat="-0.3199119" lon="-78.4388583"/>
 <node id="6350145627" visible="true" version="1" changeset="68344109" timestamp="2019-03-20T16:53:11Z" user="Georafas" uid="9395904" lat="-0.3199051" lon="-78.4388840"/>
 <node id="6350145628" visible="true" version="1" changeset="68344109" timestamp="2019-03-20T16:53:11Z" user="Georafas" uid="9395904" lat="-0.3198905" lon="-78.4389102"/>
 <node id="6350145629" visible="true" version="1" changeset="68344109" timestamp="2019-03-20T16:53:11Z" user="Georafas" uid="9395904" lat="-0.3198752" lon="-78.4389511"/>
 <node id="6350145630" visible="true" version="1" changeset="68344109" timestamp="2019-03-20T16:53:11Z" user="Georafas" uid="9395904" lat="-0.3198377" lon="-78.4390347"/>
 <node id="6350145631" visible="true" version="1" changeset="68344109" timestamp="2019-03-20T16:53:11Z" user="Georafas" uid="9395904" lat="-0.3197881" lon="-78.4387397"/>
 <node id="6352257173" visible="true" version="2" changeset="140976889" timestamp="2023-09-08T09:01:47Z" user="MontBlanc1" uid="19895323" lat="-0.3192867" lon="-78.4387150"/>
 <node id="6360238774" visible="true" version="3" changeset="135743349" timestamp="2023-05-05T13:51:19Z" user="Pegasus21" uid="13510663" lat="-0.3185737" lon="-78.4480107"/>
 <node id="6360246803" visible="true" version="1" changeset="68504432" timestamp="2019-03-25T12:25:04Z" user="Farkad5" uid="6782481" lat="-0.3168976" lon="-78.4439764">
  <tag k="highway" v="crossing"/>
 </node>
 <node id="6360246804" visible="true" version="1" changeset="68504432" timestamp="2019-03-25T12:25:04Z" user="Farkad5" uid="6782481" lat="-0.3169793" lon="-78.4439178">
  <tag k="highway" v="crossing"/>
 </node>
 <node id="6360247466" visible="true" version="2" changeset="68600199" timestamp="2019-03-27T19:18:30Z" user="Georafas" uid="9395904" lat="-0.3149998" lon="-78.4430359">
  <tag k="highway" v="crossing"/>
 </node>
 <node id="6365254246" visible="true" version="2" changeset="135744344" timestamp="2023-05-05T14:17:52Z" user="Pegasus21" uid="13510663" lat="-0.3204498" lon="-78.4426974"/>
 <node id="6365254247" visible="true" version="2" changeset="141089492" timestamp="2023-09-11T04:19:27Z" user="MontBlanc1" uid="19895323" lat="-0.3203989" lon="-78.4426899"/>
 <node id="6365254248" visible="true" version="2" changeset="126199359" timestamp="2022-09-14T22:06:03Z" user="Goatosm" uid="8578206" lat="-0.3198477" lon="-78.4426135"/>
 <node id="6365254249" visible="true" version="1" changeset="68592172" timestamp="2019-03-27T16:07:34Z" user="Georafas" uid="9395904" lat="-0.3197713" lon="-78.4426349"/>
 <node id="6365254250" visible="true" version="1" changeset="68592172" timestamp="2019-03-27T16:07:34Z" user="Georafas" uid="9395904" lat="-0.3196667" lon="-78.4426913"/>
 <node id="6365254251" visible="true" version="1" changeset="68592172" timestamp="2019-03-27T16:07:34Z" user="Georafas" uid="9395904" lat="-0.3195996" lon="-78.4427476"/>
 <node id="6365254252" visible="true" version="1" changeset="68592172" timestamp="2019-03-27T16:07:34Z" user="Georafas" uid="9395904" lat="-0.3194870" lon="-78.4428468"/>
 <node id="6365254253" visible="true" version="1" changeset="68592172" timestamp="2019-03-27T16:07:34Z" user="Georafas" uid="9395904" lat="-0.3193153" lon="-78.4429729"/>
 <node id="6365254254" visible="true" version="1" changeset="68592172" timestamp="2019-03-27T16:07:34Z" user="Georafas" uid="9395904" lat="-0.3192563" lon="-78.4430748"/>
 <node id="6365254255" visible="true" version="1" changeset="68592172" timestamp="2019-03-27T16:07:34Z" user="Georafas" uid="9395904" lat="-0.3192080" lon="-78.4432331"/>
 <node id="6365254256" visible="true" version="2" changeset="81137775" timestamp="2020-02-17T21:42:31Z" user="CapAhab" uid="6172866" lat="-0.3192028" lon="-78.4434251"/>
 <node id="6365254278" visible="true" version="2" changeset="81137775" timestamp="2020-02-17T21:42:31Z" user="CapAhab" uid="6172866" lat="-0.3215871" lon="-78.4436394"/>
 <node id="6365254280" visible="true" version="2" changeset="81137775" timestamp="2020-02-17T21:42:31Z" user="CapAhab" uid="6172866" lat="-0.3203772" lon="-78.4435393"/>
 <node id="6365254281" visible="true" version="2" changeset="81137775" timestamp="2020-02-17T21:42:31Z" user="CapAhab" uid="6172866" lat="-0.3184853" lon="-78.4433542"/>
 <node id="6365593880" visible="true" version="3" changeset="135743281" timestamp="2023-05-05T13:49:45Z" user="Pegasus21" uid="13510663" lat="-0.3143028" lon="-78.4426527"/>
 <node id="6365595792" visible="true" version="3" changeset="135743281" timestamp="2023-05-05T13:49:45Z" user="Pegasus21" uid="13510663" lat="-0.3143851" lon="-78.4426588"/>
 <node id="6365799005" visible="true" version="3" changeset="135743349" timestamp="2023-05-05T13:51:19Z" user="Pegasus21" uid="13510663" lat="-0.3186702" lon="-78.4480200"/>
 <node id="6365805606" visible="true" version="1" changeset="68599794" timestamp="2019-03-27T19:08:59Z" user="Georafas" uid="9395904" lat="-0.3185590" lon="-78.4478300"/>
 <node id="6365805607" visible="true" version="1" changeset="68599794" timestamp="2019-03-27T19:08:59Z" user="Georafas" uid="9395904" lat="-0.3185439" lon="-78.4478022"/>
 <node id="6365837409" visible="true" version="3" changeset="135742850" timestamp="2023-05-05T13:40:03Z" user="Pegasus21" uid="13510663" lat="-0.3149933" lon="-78.4431384">
  <tag k="highway" v="crossing"/>
 </node>
 <node id="6381179747" visible="true" version="1" changeset="68845783" timestamp="2019-04-03T15:59:43Z" user="Georafas" uid="9395904" lat="-0.3186304" lon="-78.4479829"/>
 <node id="6381179748" visible="true" version="1" changeset="68845783" timestamp="2019-04-03T15:59:43Z" user="Georafas" uid="9395904" lat="-0.3186012" lon="-78.4479424"/>
 <node id="7063292880" visible="true" version="2" changeset="136424853" timestamp="2023-05-22T17:50:18Z" user="MishellCatucuamba" uid="12397323" lat="-0.3157536" lon="-78.4457889">
  <tag k="access" v="private"/>
  <tag k="amenity" v="parking"/>
  <tag k="parking" v="garage_boxes"/>
 </node>
 <node id="7105182167" visible="true" version="1" changeset="79165925" timestamp="2020-01-03T17:14:13Z" user="sapaceeye" uid="10578452" lat="-0.3192903" lon="-78.4430161"/>
 <node id="7105182168" visible="true" version="1" changeset="79165925" timestamp="2020-01-03T17:14:13Z" user="sapaceeye" uid="10578452" lat="-0.3193056" lon="-78.4428047"/>
 <node id="7105182169" visible="true" version="1" changeset="79165925" timestamp="2020-01-03T17:14:13Z" user="sapaceeye" uid="10578452" lat="-0.3193360" lon="-78.4424861"/>
 <node id="7105182170" visible="true" version="2" changeset="141089492" timestamp="2023-09-11T04:19:27Z" user="MontBlanc1" uid="19895323" lat="-0.3192941" lon="-78.4429144"/>
 <node id="7105182172" visible="true" version="2" changeset="141089492" timestamp="2023-09-11T04:19:27Z" user="MontBlanc1" uid="19895323" lat="-0.3183172" lon="-78.4428569"/>
 <node id="7105182173" visible="true" version="2" changeset="141089492" timestamp="2023-09-11T04:19:27Z" user="MontBlanc1" uid="19895323" lat="-0.3182722" lon="-78.4433155"/>
 <node id="7105197182" visible="true" version="2" changeset="81137775" timestamp="2020-02-17T21:42:31Z" user="CapAhab" uid="6172866" lat="-0.3190294" lon="-78.4434122"/>
 <node id="7105197183" visible="true" version="1" changeset="79166255" timestamp="2020-01-03T17:23:55Z" user="sapaceeye" uid="10578452" lat="-0.3189898" lon="-78.4438156"/>
 <node id="7105634237" visible="true" version="1" changeset="79175125" timestamp="2020-01-03T22:08:50Z" user="K@lo" uid="10575111" lat="-0.3156041" lon="-78.4442274"/>
 <node id="7105634238" visible="true" version="1" changeset="79175125" timestamp="2020-01-03T22:08:50Z" user="K@lo" uid="10575111" lat="-0.3156254" lon="-78.4439992"/>
 <node id="7105634239" visible="true" version="1" changeset="79175125" timestamp="2020-01-03T22:08:50Z" user="K@lo" uid="10575111" lat="-0.3153617" lon="-78.4439810"/>
 <node id="7105634240" visible="true" version="1" changeset="79175125" timestamp="2020-01-03T22:08:50Z" user="K@lo" uid="10575111" lat="-0.3153458" lon="-78.4442133"/>
 <node id="7105728314" visible="true" version="1" changeset="79176051" timestamp="2020-01-03T22:44:46Z" user="Marco Paúl" uid="10575167" lat="-0.3158753" lon="-78.4460223"/>
 <node id="7105728315" visible="true" version="1" changeset="79176051" timestamp="2020-01-03T22:44:46Z" user="Marco Paúl" uid="10575167" lat="-0.3158096" lon="-78.4460102"/>
 <node id="7105728316" visible="true" version="1" changeset="79176051" timestamp="2020-01-03T22:44:46Z" user="Marco Paúl" uid="10575167" lat="-0.3157037" lon="-78.4460250"/>
 <node id="7105728317" visible="true" version="1" changeset="79176051" timestamp="2020-01-03T22:44:46Z" user="Marco Paúl" uid="10575167" lat="-0.3154609" lon="-78.4461202"/>
 <node id="7105728318" visible="true" version="1" changeset="79176051" timestamp="2020-01-03T22:44:46Z" user="Marco Paúl" uid="10575167" lat="-0.3153898" lon="-78.4460451"/>
 <node id="7105728319" visible="true" version="2" changeset="88804232" timestamp="2020-08-01T03:10:35Z" user="Evelyn Angos" uid="11583100" lat="-0.3155729" lon="-78.4459211"/>
 <node id="7105728320" visible="true" version="3" changeset="154627347" timestamp="2024-07-31T00:23:12Z" user="AlexLoaiza97" uid="21802936" lat="-0.3156396" lon="-78.4458590"/>
 <node id="7105728321" visible="true" version="3" changeset="154627347" timestamp="2024-07-31T00:23:12Z" user="AlexLoaiza97" uid="21802936" lat="-0.3156789" lon="-78.4458268"/>
 <node id="7105728322" visible="true" version="3" changeset="154627347" timestamp="2024-07-31T00:23:12Z" user="AlexLoaiza97" uid="21802936" lat="-0.3154979" lon="-78.4455707"/>
 <node id="7105728323" visible="true" version="2" changeset="154627347" timestamp="2024-07-31T00:23:12Z" user="AlexLoaiza97" uid="21802936" lat="-0.3154234" lon="-78.4455068"/>
 <node id="7105728324" visible="true" version="2" changeset="154627347" timestamp="2024-07-31T00:23:12Z" user="AlexLoaiza97" uid="21802936" lat="-0.3154267" lon="-78.4454513"/>
 <node id="7105728325" visible="true" version="2" changeset="154627347" timestamp="2024-07-31T00:23:12Z" user="AlexLoaiza97" uid="21802936" lat="-0.3158438" lon="-78.4454405"/>
 <node id="7105728326" visible="true" version="1" changeset="79176051" timestamp="2020-01-03T22:44:46Z" user="Marco Paúl" uid="10575167" lat="-0.3159772" lon="-78.4459982"/>
 <node id="7105728327" visible="true" version="2" changeset="175931811" timestamp="2025-12-14T19:19:54Z" user="susaanna" uid="23188359" lat="-0.3179716" lon="-78.4470447"/>
 <node id="7105728328" visible="true" version="2" changeset="175931811" timestamp="2025-12-14T19:19:54Z" user="susaanna" uid="23188359" lat="-0.3178640" lon="-78.4470490"/>
 <node id="7105728329" visible="true" version="2" changeset="175931811" timestamp="2025-12-14T19:19:54Z" user="susaanna" uid="23188359" lat="-0.3178224" lon="-78.4470304"/>
 <node id="7105728330" visible="true" version="2" changeset="175931811" timestamp="2025-12-14T19:19:54Z" user="susaanna" uid="23188359" lat="-0.3177986" lon="-78.4469911"/>
 <node id="7105728331" visible="true" version="2" changeset="175931811" timestamp="2025-12-14T19:19:54Z" user="susaanna" uid="23188359" lat="-0.3177946" lon="-78.4469575"/>
 <node id="7105728332" visible="true" version="2" changeset="175931811" timestamp="2025-12-14T19:19:54Z" user="susaanna" uid="23188359" lat="-0.3178013" lon="-78.4469321"/>
 <node id="7105728333" visible="true" version="2" changeset="175931811" timestamp="2025-12-14T19:19:54Z" user="susaanna" uid="23188359" lat="-0.3178228" lon="-78.4469039"/>
 <node id="7105728334" visible="true" version="2" changeset="175931811" timestamp="2025-12-14T19:19:54Z" user="susaanna" uid="23188359" lat="-0.3178469" lon="-78.4468905"/>
 <node id="7105728340" visible="true" version="2" changeset="175931811" timestamp="2025-12-14T19:19:54Z" user="susaanna" uid="23188359" lat="-0.3182636" lon="-78.4469840"/>
 <node id="7105728341" visible="true" version="2" changeset="175931811" timestamp="2025-12-14T19:19:54Z" user="susaanna" uid="23188359" lat="-0.3182960" lon="-78.4469178"/>
 <node id="7105728342" visible="true" version="2" changeset="175931811" timestamp="2025-12-14T19:19:54Z" user="susaanna" uid="23188359" lat="-0.3184743" lon="-78.4470651"/>
 <node id="7105728343" visible="true" version="2" changeset="175931811" timestamp="2025-12-14T19:19:54Z" user="susaanna" uid="23188359" lat="-0.3187171" lon="-78.4469084"/>
 <node id="7105728344" visible="true" version="2" changeset="175931811" timestamp="2025-12-14T19:19:54Z" user="susaanna" uid="23188359" lat="-0.3187586" lon="-78.4469610"/>
 <node id="7105728345" visible="true" version="2" changeset="175931811" timestamp="2025-12-14T19:19:54Z" user="susaanna" uid="23188359" lat="-0.3187593" lon="-78.4468165"/>
 <node id="7105728346" visible="true" version="2" changeset="175931811" timestamp="2025-12-14T19:19:54Z" user="susaanna" uid="23188359" lat="-0.3188050" lon="-78.4466704"/>
 <node id="7105728348" visible="true" version="2" changeset="175931811" timestamp="2025-12-14T19:19:54Z" user="susaanna" uid="23188359" lat="-0.3192307" lon="-78.4466256"/>
 <node id="7105728349" visible="true" version="2" changeset="175931811" timestamp="2025-12-14T19:19:54Z" user="susaanna" uid="23188359" lat="-0.3188147" lon="-78.4477160"/>
 <node id="7105728350" visible="true" version="2" changeset="175931811" timestamp="2025-12-14T19:19:54Z" user="susaanna" uid="23188359" lat="-0.3185185" lon="-78.4474802"/>
 <node id="7105728351" visible="true" version="2" changeset="175931811" timestamp="2025-12-14T19:19:54Z" user="susaanna" uid="23188359" lat="-0.3182315" lon="-78.4473286"/>
 <node id="7105728352" visible="true" version="2" changeset="175931811" timestamp="2025-12-14T19:19:54Z" user="susaanna" uid="23188359" lat="-0.3182414" lon="-78.4473100"/>
 <node id="7105728353" visible="true" version="2" changeset="175931811" timestamp="2025-12-14T19:19:54Z" user="susaanna" uid="23188359" lat="-0.3180431" lon="-78.4471857"/>
 <node id="7105728354" visible="true" version="2" changeset="175931811" timestamp="2025-12-14T19:19:54Z" user="susaanna" uid="23188359" lat="-0.3180858" lon="-78.4471049"/>
 <node id="7773532261" visible="true" version="3" changeset="103435606" timestamp="2021-04-22T20:13:32Z" user="Cola2019" uid="9501073" lat="-0.3122904" lon="-78.4435591">
  <tag k="leaf_type" v="mixed"/>
  <tag k="natural" v="wood"/>
 </node>
 <node id="7774587030" visible="true" version="3" changeset="176740819" timestamp="2026-01-02T12:28:10Z" user="piligab" uid="3877019" lat="-0.3180120" lon="-78.4431085"/>
 <node id="7774587032" visible="true" version="3" changeset="176740819" timestamp="2026-01-02T12:28:10Z" user="piligab" uid="3877019" lat="-0.3176937" lon="-78.4428877"/>
 <node id="7774587033" visible="true" version="3" changeset="176740819" timestamp="2026-01-02T12:28:10Z" user="piligab" uid="3877019" lat="-0.3176952" lon="-78.4428451"/>
 <node id="7774587034" visible="true" version="3" changeset="176740819" timestamp="2026-01-02T12:28:10Z" user="piligab" uid="3877019" lat="-0.3176666" lon="-78.4428363"/>
 <node id="7774587035" visible="true" version="3" changeset="176740819" timestamp="2026-01-02T12:28:10Z" user="piligab" uid="3877019" lat="-0.3176119" lon="-78.4427906"/>
 <node id="7774587036" visible="true" version="3" changeset="176740819" timestamp="2026-01-02T12:28:10Z" user="piligab" uid="3877019" lat="-0.3172761" lon="-78.4427787"/>
 <node id="7774587037" visible="true" version="3" changeset="176740819" timestamp="2026-01-02T12:28:10Z" user="piligab" uid="3877019" lat="-0.3172691" lon="-78.4429740"/>
 <node id="7774587038" visible="true" version="3" changeset="176740819" timestamp="2026-01-02T12:28:10Z" user="piligab" uid="3877019" lat="-0.3175918" lon="-78.4429854"/>
 <node id="7774587039" visible="true" version="3" changeset="176740819" timestamp="2026-01-02T12:28:10Z" user="piligab" uid="3877019" lat="-0.3176716" lon="-78.4430432"/>
 <node id="7774587040" visible="true" version="3" changeset="176740819" timestamp="2026-01-02T12:28:10Z" user="piligab" uid="3877019" lat="-0.3176697" lon="-78.4430963"/>
 <node id="7774587041" visible="true" version="1" changeset="88804232" timestamp="2020-08-01T03:10:35Z" user="Evelyn Angos" uid="11583100" lat="-0.3178135" lon="-78.4429492">
  <tag k="amenity" v="restaurant"/>
  <tag k="name" v="Comedor Universitario"/>
 </node>
 <node id="7774587042" visible="true" version="1" changeset="88804232" timestamp="2020-08-01T03:10:35Z" user="Evelyn Angos" uid="11583100" lat="-0.3166997" lon="-78.4429021">
  <tag k="landuse" v="residential"/>
  <tag k="name" v="Residencia Politécnica ESPE"/>
  <tag k="residential" v="apartments"/>
 </node>
 <node id="7774587043" visible="true" version="1" changeset="88804232" timestamp="2020-08-01T03:10:35Z" user="Evelyn Angos" uid="11583100" lat="-0.3166871" lon="-78.4442809"/>
 <node id="7774587044" visible="true" version="1" changeset="88804232" timestamp="2020-08-01T03:10:35Z" user="Evelyn Angos" uid="11583100" lat="-0.3167068" lon="-78.4441190"/>
 <node id="7774587045" visible="true" version="1" changeset="88804232" timestamp="2020-08-01T03:10:35Z" user="Evelyn Angos" uid="11583100" lat="-0.3164146" lon="-78.4440874"/>
 <node id="7774587046" visible="true" version="1" changeset="88804232" timestamp="2020-08-01T03:10:35Z" user="Evelyn Angos" uid="11583100" lat="-0.3163949" lon="-78.4442493"/>
 <node id="7774587047" visible="true" version="1" changeset="88804232" timestamp="2020-08-01T03:10:35Z" user="Evelyn Angos" uid="11583100" lat="-0.3157670" lon="-78.4443046"/>
 <node id="7774587048" visible="true" version="1" changeset="88804232" timestamp="2020-08-01T03:10:35Z" user="Evelyn Angos" uid="11583100" lat="-0.3167029" lon="-78.4443914"/>
 <node id="7774587049" visible="true" version="1" changeset="88804232" timestamp="2020-08-01T03:10:35Z" user="Evelyn Angos" uid="11583100" lat="-0.3166713" lon="-78.4446994"/>
 <node id="7774587050" visible="true" version="1" changeset="88804232" timestamp="2020-08-01T03:10:35Z" user="Evelyn Angos" uid="11583100" lat="-0.3157355" lon="-78.4446047"/>
 <node id="7774587052" visible="true" version="1" changeset="88804232" timestamp="2020-08-01T03:10:35Z" user="Evelyn Angos" uid="11583100" lat="-0.3157157" lon="-78.4439452"/>
 <node id="7774587053" visible="true" version="1" changeset="88804232" timestamp="2020-08-01T03:10:35Z" user="Evelyn Angos" uid="11583100" lat="-0.3157276" lon="-78.4438110"/>
 <node id="7774587054" visible="true" version="1" changeset="88804232" timestamp="2020-08-01T03:10:35Z" user="Evelyn Angos" uid="11583100" lat="-0.3159289" lon="-78.4438110"/>
 <node id="7774587055" visible="true" version="1" changeset="88804232" timestamp="2020-08-01T03:10:35Z" user="Evelyn Angos" uid="11583100" lat="-0.3159171" lon="-78.4439571"/>
 <node id="7774587056" visible="true" version="1" changeset="88804232" timestamp="2020-08-01T03:10:35Z" user="Evelyn Angos" uid="11583100" lat="-0.3159615" lon="-78.4439568"/>
 <node id="7774587057" visible="true" version="1" changeset="88804232" timestamp="2020-08-01T03:10:35Z" user="Evelyn Angos" uid="11583100" lat="-0.3159667" lon="-78.4438228"/>
 <node id="7774587058" visible="true" version="1" changeset="88804232" timestamp="2020-08-01T03:10:35Z" user="Evelyn Angos" uid="11583100" lat="-0.3161494" lon="-78.4438350"/>
 <node id="7774587059" visible="true" version="1" changeset="88804232" timestamp="2020-08-01T03:10:35Z" user="Evelyn Angos" uid="11583100" lat="-0.3161407" lon="-78.4439690"/>
 <node id="7774587060" visible="true" version="1" changeset="88804232" timestamp="2020-08-01T03:10:35Z" user="Evelyn Angos" uid="11583100" lat="-0.3161859" lon="-78.4439759"/>
 <node id="7774587061" visible="true" version="1" changeset="88804232" timestamp="2020-08-01T03:10:35Z" user="Evelyn Angos" uid="11583100" lat="-0.3161946" lon="-78.4438541"/>
 <node id="7774587062" visible="true" version="1" changeset="88804232" timestamp="2020-08-01T03:10:35Z" user="Evelyn Angos" uid="11583100" lat="-0.3163843" lon="-78.4438646"/>
 <node id="7774587063" visible="true" version="1" changeset="88804232" timestamp="2020-08-01T03:10:35Z" user="Evelyn Angos" uid="11583100" lat="-0.3163704" lon="-78.4439898"/>
 <node id="7774587064" visible="true" version="1" changeset="88804232" timestamp="2020-08-01T03:10:35Z" user="Evelyn Angos" uid="11583100" lat="-0.3164226" lon="-78.4439968"/>
 <node id="7774587065" visible="true" version="1" changeset="88804232" timestamp="2020-08-01T03:10:35Z" user="Evelyn Angos" uid="11583100" lat="-0.3164313" lon="-78.4438733"/>
 <node id="7774587066" visible="true" version="1" changeset="88804232" timestamp="2020-08-01T03:10:35Z" user="Evelyn Angos" uid="11583100" lat="-0.3166105" lon="-78.4438733"/>
 <node id="7774587067" visible="true" version="1" changeset="88804232" timestamp="2020-08-01T03:10:35Z" user="Evelyn Angos" uid="11583100" lat="-0.3166018" lon="-78.4440038"/>
 <node id="7774587068" visible="true" version="1" changeset="88804232" timestamp="2020-08-01T03:10:35Z" user="Evelyn Angos" uid="11583100" lat="-0.3164865" lon="-78.4434168"/>
 <node id="7774587069" visible="true" version="1" changeset="88804232" timestamp="2020-08-01T03:10:35Z" user="Evelyn Angos" uid="11583100" lat="-0.3164841" lon="-78.4432216"/>
 <node id="7774587070" visible="true" version="1" changeset="88804232" timestamp="2020-08-01T03:10:35Z" user="Evelyn Angos" uid="11583100" lat="-0.3171454" lon="-78.4432484"/>
 <node id="7774587071" visible="true" version="1" changeset="88804232" timestamp="2020-08-01T03:10:35Z" user="Evelyn Angos" uid="11583100" lat="-0.3175913" lon="-78.4432592"/>
 <node id="7774587072" visible="true" version="1" changeset="88804232" timestamp="2020-08-01T03:10:35Z" user="Evelyn Angos" uid="11583100" lat="-0.3175870" lon="-78.4434485"/>
 <node id="7774587073" visible="true" version="2" changeset="88992840" timestamp="2020-08-05T16:47:25Z" user="Evelyn Angos" uid="11583100" lat="-0.3134786" lon="-78.4445379"/>
 <node id="7774587074" visible="true" version="1" changeset="88804232" timestamp="2020-08-01T03:10:35Z" user="Evelyn Angos" uid="11583100" lat="-0.3134950" lon="-78.4443082"/>
 <node id="7774587078" visible="true" version="2" changeset="88992840" timestamp="2020-08-05T16:47:25Z" user="Evelyn Angos" uid="11583100" lat="-0.3131488" lon="-78.4444991"/>
 <node id="7774587080" visible="true" version="1" changeset="88804232" timestamp="2020-08-01T03:10:35Z" user="Evelyn Angos" uid="11583100" lat="-0.3129596" lon="-78.4445892">
  <tag k="amenity" v="language_school"/>
  <tag k="name" v="Idiomas"/>
 </node>
 <node id="7774587081" visible="true" version="1" changeset="88804232" timestamp="2020-08-01T03:10:35Z" user="Evelyn Angos" uid="11583100" lat="-0.3130073" lon="-78.4445949">
  <tag k="name" v="Laboratorios de Física"/>
  <tag k="office" v="research"/>
 </node>
 <node id="7774587082" visible="true" version="1" changeset="88804232" timestamp="2020-08-01T03:10:35Z" user="Evelyn Angos" uid="11583100" lat="-0.3133145" lon="-78.4444098">
  <tag k="name" v="Laboratorios de ingeniería Civil"/>
  <tag k="office" v="research"/>
 </node>
 <node id="7774587083" visible="true" version="1" changeset="88804232" timestamp="2020-08-01T03:10:35Z" user="Evelyn Angos" uid="11583100" lat="-0.3146151" lon="-78.4432445"/>
 <node id="7774587084" visible="true" version="2" changeset="117497239" timestamp="2022-02-16T23:22:03Z" user="(Inactive) Hoordinates" uid="8867106" lat="-0.3143560" lon="-78.4432346"/>
 <node id="7774770485" visible="true" version="2" changeset="117497239" timestamp="2022-02-16T23:22:03Z" user="(Inactive) Hoordinates" uid="8867106" lat="-0.3143390" lon="-78.4433996"/>
 <node id="7774770486" visible="true" version="2" changeset="117497239" timestamp="2022-02-16T23:22:03Z" user="(Inactive) Hoordinates" uid="8867106" lat="-0.3147653" lon="-78.4434278"/>
 <node id="7774770487" visible="true" version="2" changeset="117497239" timestamp="2022-02-16T23:22:03Z" user="(Inactive) Hoordinates" uid="8867106" lat="-0.3147654" lon="-78.4432582"/>
 <node id="7774770488" visible="true" version="1" changeset="88804232" timestamp="2020-08-01T03:10:35Z" user="Evelyn Angos" uid="11583100" lat="-0.3143082" lon="-78.4434802"/>
 <node id="7774770489" visible="true" version="1" changeset="88804232" timestamp="2020-08-01T03:10:35Z" user="Evelyn Angos" uid="11583100" lat="-0.3143310" lon="-78.4431756"/>
 <node id="7774770490" visible="true" version="1" changeset="88804232" timestamp="2020-08-01T03:10:35Z" user="Evelyn Angos" uid="11583100" lat="-0.3147985" lon="-78.4431954"/>
 <node id="7774770491" visible="true" version="1" changeset="88804232" timestamp="2020-08-01T03:10:35Z" user="Evelyn Angos" uid="11583100" lat="-0.3147803" lon="-78.4435046"/>
 <node id="7774770497" visible="true" version="1" changeset="88804232" timestamp="2020-08-01T03:10:35Z" user="Evelyn Angos" uid="11583100" lat="-0.3144858" lon="-78.4444890"/>
 <node id="7774770498" visible="true" version="1" changeset="88804232" timestamp="2020-08-01T03:10:35Z" user="Evelyn Angos" uid="11583100" lat="-0.3142550" lon="-78.4442179"/>
 <node id="7774770499" visible="true" version="1" changeset="88804232" timestamp="2020-08-01T03:10:35Z" user="Evelyn Angos" uid="11583100" lat="-0.3145314" lon="-78.4439871"/>
 <node id="7774770500" visible="true" version="1" changeset="88804232" timestamp="2020-08-01T03:10:35Z" user="Evelyn Angos" uid="11583100" lat="-0.3147730" lon="-78.4442689"/>
 <node id="7774770501" visible="true" version="1" changeset="88804232" timestamp="2020-08-01T03:10:35Z" user="Evelyn Angos" uid="11583100" lat="-0.3147110" lon="-78.4456613"/>
 <node id="7774770502" visible="true" version="1" changeset="88804232" timestamp="2020-08-01T03:10:35Z" user="Evelyn Angos" uid="11583100" lat="-0.3142539" lon="-78.4456250"/>
 <node id="7774770503" visible="true" version="1" changeset="88804232" timestamp="2020-08-01T03:10:35Z" user="Evelyn Angos" uid="11583100" lat="-0.3142148" lon="-78.4460014"/>
 <node id="7774770504" visible="true" version="1" changeset="88804232" timestamp="2020-08-01T03:10:35Z" user="Evelyn Angos" uid="11583100" lat="-0.3146859" lon="-78.4460376"/>
 <node id="7774770505" visible="true" version="1" changeset="88804232" timestamp="2020-08-01T03:10:35Z" user="Evelyn Angos" uid="11583100" lat="-0.3176317" lon="-78.4432965"/>
 <node id="7774770506" visible="true" version="1" changeset="88804232" timestamp="2020-08-01T03:10:35Z" user="Evelyn Angos" uid="11583100" lat="-0.3176317" lon="-78.4431184"/>
 <node id="7774770507" visible="true" version="1" changeset="88804232" timestamp="2020-08-01T03:10:35Z" user="Evelyn Angos" uid="11583100" lat="-0.3180001" lon="-78.4431225">
  <tag k="amenity" v="parking_space"/>
  <tag k="capacity" v="1"/>
 </node>
 <node id="7774770508" visible="true" version="1" changeset="88804232" timestamp="2020-08-01T03:10:35Z" user="Evelyn Angos" uid="11583100" lat="-0.3180001" lon="-78.4433006"/>
 <node id="7774770509" visible="true" version="2" changeset="154627347" timestamp="2024-07-31T00:23:12Z" user="AlexLoaiza97" uid="21802936" lat="-0.3156576" lon="-78.4458267"/>
 <node id="7774770510" visible="true" version="1" changeset="88804232" timestamp="2020-08-01T03:10:35Z" user="Evelyn Angos" uid="11583100" lat="-0.3152727" lon="-78.4461260"/>
 <node id="7774770511" visible="true" version="1" changeset="88804232" timestamp="2020-08-01T03:10:35Z" user="Evelyn Angos" uid="11583100" lat="-0.3151731" lon="-78.4459983"/>
 <node id="7774770512" visible="true" version="1" changeset="88804232" timestamp="2020-08-01T03:10:35Z" user="Evelyn Angos" uid="11583100" lat="-0.3149042" lon="-78.4459807"/>
 <node id="7774770513" visible="true" version="1" changeset="88804232" timestamp="2020-08-01T03:10:35Z" user="Evelyn Angos" uid="11583100" lat="-0.3149117" lon="-78.4458654"/>
 <node id="7774770514" visible="true" version="1" changeset="88804232" timestamp="2020-08-01T03:10:35Z" user="Evelyn Angos" uid="11583100" lat="-0.3150547" lon="-78.4458748"/>
 <node id="7774770515" visible="true" version="1" changeset="88804232" timestamp="2020-08-01T03:10:35Z" user="Evelyn Angos" uid="11583100" lat="-0.3150290" lon="-78.4458418"/>
 <node id="7774770516" visible="true" version="2" changeset="154627347" timestamp="2024-07-31T00:23:12Z" user="AlexLoaiza97" uid="21802936" lat="-0.3154650" lon="-78.4455488"/>
 <node id="7774770517" visible="true" version="1" changeset="88804232" timestamp="2020-08-01T03:10:35Z" user="Evelyn Angos" uid="11583100" lat="-0.3135681" lon="-78.4437029"/>
 <node id="7774770518" visible="true" version="1" changeset="88804232" timestamp="2020-08-01T03:10:35Z" user="Evelyn Angos" uid="11583100" lat="-0.3133388" lon="-78.4435332"/>
 <node id="7774770519" visible="true" version="1" changeset="88804232" timestamp="2020-08-01T03:10:35Z" user="Evelyn Angos" uid="11583100" lat="-0.3134402" lon="-78.4433811"/>
 <node id="7774770520" visible="true" version="1" changeset="88804232" timestamp="2020-08-01T03:10:35Z" user="Evelyn Angos" uid="11583100" lat="-0.3135549" lon="-78.4432709"/>
 <node id="7774770521" visible="true" version="1" changeset="88804232" timestamp="2020-08-01T03:10:35Z" user="Evelyn Angos" uid="11583100" lat="-0.3136849" lon="-78.4431894"/>
 <node id="7774770522" visible="true" version="1" changeset="88804232" timestamp="2020-08-01T03:10:35Z" user="Evelyn Angos" uid="11583100" lat="-0.3138436" lon="-78.4431276"/>
 <node id="7774770523" visible="true" version="1" changeset="88804232" timestamp="2020-08-01T03:10:35Z" user="Evelyn Angos" uid="11583100" lat="-0.3139670" lon="-78.4431100"/>
 <node id="7774770524" visible="true" version="1" changeset="88804232" timestamp="2020-08-01T03:10:35Z" user="Evelyn Angos" uid="11583100" lat="-0.3141301" lon="-78.4431232"/>
 <node id="7774770525" visible="true" version="1" changeset="88804232" timestamp="2020-08-01T03:10:35Z" user="Evelyn Angos" uid="11583100" lat="-0.3142830" lon="-78.4431324"/>
 <node id="7774770526" visible="true" version="1" changeset="88804232" timestamp="2020-08-01T03:10:35Z" user="Evelyn Angos" uid="11583100" lat="-0.3142433" lon="-78.4434534"/>
 <node id="7774770527" visible="true" version="1" changeset="88804232" timestamp="2020-08-01T03:10:35Z" user="Evelyn Angos" uid="11583100" lat="-0.3139926" lon="-78.4434382"/>
 <node id="7774770528" visible="true" version="1" changeset="88804232" timestamp="2020-08-01T03:10:35Z" user="Evelyn Angos" uid="11583100" lat="-0.3138336" lon="-78.4434779"/>
 <node id="7774770529" visible="true" version="1" changeset="88804232" timestamp="2020-08-01T03:10:35Z" user="Evelyn Angos" uid="11583100" lat="-0.3136899" lon="-78.4435757"/>
 <node id="7774770530" visible="true" version="1" changeset="88804232" timestamp="2020-08-01T03:10:35Z" user="Evelyn Angos" uid="11583100" lat="-0.3130355" lon="-78.4441296"/>
 <node id="7774770531" visible="true" version="1" changeset="88804232" timestamp="2020-08-01T03:10:35Z" user="Evelyn Angos" uid="11583100" lat="-0.3134758" lon="-78.4441660"/>
 <node id="7774770532" visible="true" version="1" changeset="88804232" timestamp="2020-08-01T03:10:35Z" user="Evelyn Angos" uid="11583100" lat="-0.3134960" lon="-78.4439479"/>
 <node id="7774770533" visible="true" version="1" changeset="88804232" timestamp="2020-08-01T03:10:35Z" user="Evelyn Angos" uid="11583100" lat="-0.3135607" lon="-78.4437378"/>
 <node id="7774770534" visible="true" version="1" changeset="88804232" timestamp="2020-08-01T03:10:35Z" user="Evelyn Angos" uid="11583100" lat="-0.3133102" lon="-78.4435399"/>
 <node id="7774770535" visible="true" version="1" changeset="88804232" timestamp="2020-08-01T03:10:35Z" user="Evelyn Angos" uid="11583100" lat="-0.3130961" lon="-78.4438509"/>
 <node id="7774770536" visible="true" version="1" changeset="88804232" timestamp="2020-08-01T03:10:35Z" user="Evelyn Angos" uid="11583100" lat="-0.3131608" lon="-78.4439236"/>
 <node id="7774770537" visible="true" version="1" changeset="88804232" timestamp="2020-08-01T03:10:35Z" user="Evelyn Angos" uid="11583100" lat="-0.3130132" lon="-78.4435867"/>
 <node id="7774770538" visible="true" version="1" changeset="88804232" timestamp="2020-08-01T03:10:35Z" user="Evelyn Angos" uid="11583100" lat="-0.3127584" lon="-78.4433740"/>
 <node id="7774770539" visible="true" version="1" changeset="88804232" timestamp="2020-08-01T03:10:35Z" user="Evelyn Angos" uid="11583100" lat="-0.3126850" lon="-78.4429754"/>
 <node id="7774770540" visible="true" version="1" changeset="88804232" timestamp="2020-08-01T03:10:35Z" user="Evelyn Angos" uid="11583100" lat="-0.3129350" lon="-78.4426761"/>
 <node id="7774770541" visible="true" version="1" changeset="88804232" timestamp="2020-08-01T03:10:35Z" user="Evelyn Angos" uid="11583100" lat="-0.3126827" lon="-78.4424654"/>
 <node id="7774770542" visible="true" version="1" changeset="88804232" timestamp="2020-08-01T03:10:35Z" user="Evelyn Angos" uid="11583100" lat="-0.3115005" lon="-78.4438815"/>
 <node id="7774770543" visible="true" version="1" changeset="88804232" timestamp="2020-08-01T03:10:35Z" user="Evelyn Angos" uid="11583100" lat="-0.3122941" lon="-78.4445361"/>
 <node id="7774770548" visible="true" version="1" changeset="88804232" timestamp="2020-08-01T03:10:35Z" user="Evelyn Angos" uid="11583100" lat="-0.3134741" lon="-78.4445456"/>
 <node id="7774770553" visible="true" version="1" changeset="88804232" timestamp="2020-08-01T03:10:35Z" user="Evelyn Angos" uid="11583100" lat="-0.3126556" lon="-78.4452489"/>
 <node id="7774770554" visible="true" version="1" changeset="88804232" timestamp="2020-08-01T03:10:35Z" user="Evelyn Angos" uid="11583100" lat="-0.3128311" lon="-78.4455136"/>
 <node id="7774770555" visible="true" version="1" changeset="88804232" timestamp="2020-08-01T03:10:35Z" user="Evelyn Angos" uid="11583100" lat="-0.3119384" lon="-78.4454828"/>
 <node id="7774770556" visible="true" version="1" changeset="88804232" timestamp="2020-08-01T03:10:35Z" user="Evelyn Angos" uid="11583100" lat="-0.3125540" lon="-78.4454674"/>
 <node id="7774770557" visible="true" version="1" changeset="88804232" timestamp="2020-08-01T03:10:35Z" user="Evelyn Angos" uid="11583100" lat="-0.3122539" lon="-78.4454504"/>
 <node id="7774770558" visible="true" version="1" changeset="88804232" timestamp="2020-08-01T03:10:35Z" user="Evelyn Angos" uid="11583100" lat="-0.3120807" lon="-78.4454574"/>
 <node id="7774770559" visible="true" version="1" changeset="88804232" timestamp="2020-08-01T03:10:35Z" user="Evelyn Angos" uid="11583100" lat="-0.3126248" lon="-78.4455936"/>
 <node id="7774770560" visible="true" version="1" changeset="88804232" timestamp="2020-08-01T03:10:35Z" user="Evelyn Angos" uid="11583100" lat="-0.3127277" lon="-78.4454963"/>
 <node id="7774770561" visible="true" version="1" changeset="88804232" timestamp="2020-08-01T03:10:35Z" user="Evelyn Angos" uid="11583100" lat="-0.3120055" lon="-78.4460618"/>
 <node id="7774770562" visible="true" version="1" changeset="88804232" timestamp="2020-08-01T03:10:35Z" user="Evelyn Angos" uid="11583100" lat="-0.3118882" lon="-78.4460450"/>
 <node id="7774770563" visible="true" version="1" changeset="88804232" timestamp="2020-08-01T03:10:35Z" user="Evelyn Angos" uid="11583100" lat="-0.3119155" lon="-78.4456826"/>
 <node id="7774770564" visible="true" version="1" changeset="88804232" timestamp="2020-08-01T03:10:35Z" user="Evelyn Angos" uid="11583100" lat="-0.3120495" lon="-78.4456951"/>
 <node id="7774770565" visible="true" version="2" changeset="141144230" timestamp="2023-09-12T05:50:58Z" user="PatagonianPlateau" uid="17999760" lat="-0.3136610" lon="-78.4466180"/>
 <node id="7774770566" visible="true" version="1" changeset="88804232" timestamp="2020-08-01T03:10:35Z" user="Evelyn Angos" uid="11583100" lat="-0.3133687" lon="-78.4458821"/>
 <node id="7774770567" visible="true" version="1" changeset="88804232" timestamp="2020-08-01T03:10:35Z" user="Evelyn Angos" uid="11583100" lat="-0.3134197" lon="-78.4453665"/>
 <node id="7774770568" visible="true" version="1" changeset="88804232" timestamp="2020-08-01T03:10:35Z" user="Evelyn Angos" uid="11583100" lat="-0.3136317" lon="-78.4453940"/>
 <node id="7774770569" visible="true" version="1" changeset="88804232" timestamp="2020-08-01T03:10:35Z" user="Evelyn Angos" uid="11583100" lat="-0.3135714" lon="-78.4459021"/>
 <node id="7774770570" visible="true" version="1" changeset="88804232" timestamp="2020-08-01T03:10:35Z" user="Evelyn Angos" uid="11583100" lat="-0.3142360" lon="-78.4439480"/>
 <node id="7774770571" visible="true" version="1" changeset="88804232" timestamp="2020-08-01T03:10:35Z" user="Evelyn Angos" uid="11583100" lat="-0.3148235" lon="-78.4440031"/>
 <node id="7774770572" visible="true" version="1" changeset="88804232" timestamp="2020-08-01T03:10:35Z" user="Evelyn Angos" uid="11583100" lat="-0.3126142" lon="-78.4467701"/>
 <node id="7774770573" visible="true" version="1" changeset="88804232" timestamp="2020-08-01T03:10:35Z" user="Evelyn Angos" uid="11583100" lat="-0.3127020" lon="-78.4459352"/>
 <node id="7774770574" visible="true" version="1" changeset="88804232" timestamp="2020-08-01T03:10:35Z" user="Evelyn Angos" uid="11583100" lat="-0.3136466" lon="-78.4460367"/>
 <node id="7774770575" visible="true" version="1" changeset="88804232" timestamp="2020-08-01T03:10:35Z" user="Evelyn Angos" uid="11583100" lat="-0.3135952" lon="-78.4464479"/>
 <node id="7774770576" visible="true" version="1" changeset="88804232" timestamp="2020-08-01T03:10:35Z" user="Evelyn Angos" uid="11583100" lat="-0.3130679" lon="-78.4463820"/>
 <node id="7774770577" visible="true" version="1" changeset="88804232" timestamp="2020-08-01T03:10:35Z" user="Evelyn Angos" uid="11583100" lat="-0.3130125" lon="-78.4468246"/>
 <node id="7774770580" visible="true" version="5" changeset="176740666" timestamp="2026-01-02T12:24:35Z" user="piligab" uid="3877019" lat="-0.3159005" lon="-78.4467139"/>
 <node id="7774770581" visible="true" version="5" changeset="176740666" timestamp="2026-01-02T12:24:35Z" user="piligab" uid="3877019" lat="-0.3159071" lon="-78.4466389"/>
 <node id="7774770582" visible="true" version="5" changeset="176740666" timestamp="2026-01-02T12:24:35Z" user="piligab" uid="3877019" lat="-0.3159619" lon="-78.4466437"/>
 <node id="7774770583" visible="true" version="5" changeset="176740666" timestamp="2026-01-02T12:24:35Z" user="piligab" uid="3877019" lat="-0.3159671" lon="-78.4465840"/>
 <node id="7774770584" visible="true" version="5" changeset="176740666" timestamp="2026-01-02T12:24:35Z" user="piligab" uid="3877019" lat="-0.3161382" lon="-78.4465990"/>
 <node id="7774770585" visible="true" version="5" changeset="176740666" timestamp="2026-01-02T12:24:35Z" user="piligab" uid="3877019" lat="-0.3161263" lon="-78.4467338"/>
 <node id="7774770588" visible="true" version="1" changeset="88804232" timestamp="2020-08-01T03:10:35Z" user="Evelyn Angos" uid="11583100" lat="-0.3147983" lon="-78.4456090"/>
 <node id="7777169747" visible="true" version="1" changeset="88829283" timestamp="2020-08-02T04:39:10Z" user="Maribel Cadena" uid="11588068" lat="-0.3164661" lon="-78.4462106"/>
 <node id="7777169748" visible="true" version="1" changeset="88829283" timestamp="2020-08-02T04:39:10Z" user="Maribel Cadena" uid="11588068" lat="-0.3167556" lon="-78.4463982"/>
 <node id="7777169750" visible="true" version="2" changeset="135744344" timestamp="2023-05-05T14:17:52Z" user="Pegasus21" uid="13510663" lat="-0.3188524" lon="-78.4454041"/>
 <node id="7777169751" visible="true" version="1" changeset="88829283" timestamp="2020-08-02T04:39:10Z" user="Maribel Cadena" uid="11588068" lat="-0.3181975" lon="-78.4450061"/>
 <node id="7777169752" visible="true" version="1" changeset="88829283" timestamp="2020-08-02T04:39:10Z" user="Maribel Cadena" uid="11588068" lat="-0.3172044" lon="-78.4445108"/>
 <node id="7782413601" visible="true" version="1" changeset="88898756" timestamp="2020-08-04T00:37:36Z" user="Gisse 1204 25581204" uid="11597065" lat="-0.3114077" lon="-78.4467970"/>
 <node id="7784328627" visible="true" version="1" changeset="88933318" timestamp="2020-08-04T13:57:34Z" user="Gisse 1204 25581204" uid="11597065" lat="-0.3166273" lon="-78.4477526"/>
 <node id="7784328628" visible="true" version="1" changeset="88933318" timestamp="2020-08-04T13:57:34Z" user="Gisse 1204 25581204" uid="11597065" lat="-0.3174514" lon="-78.4476505"/>
 <node id="7784328629" visible="true" version="1" changeset="88933318" timestamp="2020-08-04T13:57:34Z" user="Gisse 1204 25581204" uid="11597065" lat="-0.3181918" lon="-78.4477321"/>
 <node id="7784328630" visible="true" version="1" changeset="88933318" timestamp="2020-08-04T13:57:34Z" user="Gisse 1204 25581204" uid="11597065" lat="-0.3191422" lon="-78.4480614"/>
 <node id="7784328631" visible="true" version="1" changeset="88933318" timestamp="2020-08-04T13:57:34Z" user="Gisse 1204 25581204" uid="11597065" lat="-0.3182103" lon="-78.4448866"/>
 <node id="7784328632" visible="true" version="1" changeset="88933318" timestamp="2020-08-04T13:57:34Z" user="Gisse 1204 25581204" uid="11597065" lat="-0.3182543" lon="-78.4426680"/>
 <node id="7784328633" visible="true" version="1" changeset="88933318" timestamp="2020-08-04T13:57:34Z" user="Gisse 1204 25581204" uid="11597065" lat="-0.3118258" lon="-78.4420140"/>
 <node id="7784568851" visible="true" version="1" changeset="88936231" timestamp="2020-08-04T15:03:50Z" user="Gisse 1204 25581204" uid="11597065" lat="-0.3168684" lon="-78.4477227"/>
 <node id="7784568852" visible="true" version="1" changeset="88936231" timestamp="2020-08-04T15:03:50Z" user="Gisse 1204 25581204" uid="11597065" lat="-0.3173200" lon="-78.4476668"/>
 <node id="7784568853" visible="true" version="1" changeset="88936231" timestamp="2020-08-04T15:03:50Z" user="Gisse 1204 25581204" uid="11597065" lat="-0.3178425" lon="-78.4476247"/>
 <node id="7784568854" visible="true" version="1" changeset="88936231" timestamp="2020-08-04T15:03:50Z" user="Gisse 1204 25581204" uid="11597065" lat="-0.3190221" lon="-78.4481456"/>
 <node id="7784568855" visible="true" version="1" changeset="88936231" timestamp="2020-08-04T15:03:50Z" user="Gisse 1204 25581204" uid="11597065" lat="-0.3191608" lon="-78.4478915"/>
 <node id="7784568859" visible="true" version="1" changeset="88936231" timestamp="2020-08-04T15:03:50Z" user="Gisse 1204 25581204" uid="11597065" lat="-0.3123572" lon="-78.4425532"/>
 <node id="7784568860" visible="true" version="1" changeset="88936231" timestamp="2020-08-04T15:03:50Z" user="Gisse 1204 25581204" uid="11597065" lat="-0.3113463" lon="-78.4441212"/>
 <node id="7784568861" visible="true" version="1" changeset="88936231" timestamp="2020-08-04T15:03:50Z" user="Gisse 1204 25581204" uid="11597065" lat="-0.3112366" lon="-78.4447854"/>
 <node id="7784568862" visible="true" version="1" changeset="88936231" timestamp="2020-08-04T15:03:50Z" user="Gisse 1204 25581204" uid="11597065" lat="-0.3110317" lon="-78.4453226"/>
 <node id="7784568863" visible="true" version="1" changeset="88936231" timestamp="2020-08-04T15:03:50Z" user="Gisse 1204 25581204" uid="11597065" lat="-0.3115456" lon="-78.4458076"/>
 <node id="7784568864" visible="true" version="1" changeset="88936231" timestamp="2020-08-04T15:03:50Z" user="Gisse 1204 25581204" uid="11597065" lat="-0.3115317" lon="-78.4461421"/>
 <node id="7785991239" visible="true" version="2" changeset="135743349" timestamp="2023-05-05T13:51:19Z" user="Pegasus21" uid="13510663" lat="-0.3186920" lon="-78.4480222"/>
 <node id="7785991240" visible="true" version="1" changeset="88954266" timestamp="2020-08-05T02:57:56Z" user="Axl Alx" uid="11602880" lat="-0.3173201" lon="-78.4478140"/>
 <node id="7785991241" visible="true" version="1" changeset="88954266" timestamp="2020-08-05T02:57:56Z" user="Axl Alx" uid="11602880" lat="-0.3168606" lon="-78.4478852"/>
 <node id="7785991242" visible="true" version="1" changeset="88954266" timestamp="2020-08-05T02:57:56Z" user="Axl Alx" uid="11602880" lat="-0.3155968" lon="-78.4478600"/>
 <node id="7785991243" visible="true" version="2" changeset="154625143" timestamp="2024-07-30T22:05:31Z" user="rodolfovargas" uid="1217047" lat="-0.3155207" lon="-78.4475639"/>
 <node id="7785991246" visible="true" version="1" changeset="88954266" timestamp="2020-08-05T02:57:56Z" user="Axl Alx" uid="11602880" lat="-0.3177187" lon="-78.4477971"/>
 <node id="7785991250" visible="true" version="1" changeset="88954266" timestamp="2020-08-05T02:57:56Z" user="Axl Alx" uid="11602880" lat="-0.3114207" lon="-78.4438228"/>
 <node id="7785991252" visible="true" version="1" changeset="88954266" timestamp="2020-08-05T02:57:56Z" user="Axl Alx" uid="11602880" lat="-0.3139317" lon="-78.4420614"/>
 <node id="7785991256" visible="true" version="1" changeset="88954266" timestamp="2020-08-05T02:57:56Z" user="Axl Alx" uid="11602880" lat="-0.3182273" lon="-78.4434338"/>
 <node id="7786023399" visible="true" version="1" changeset="88954581" timestamp="2020-08-05T03:10:48Z" user="Axl Alx" uid="11602880" lat="-0.3192332" lon="-78.4472323"/>
 <node id="7786023413" visible="true" version="1" changeset="88954581" timestamp="2020-08-05T03:10:48Z" user="Axl Alx" uid="11602880" lat="-0.3111516" lon="-78.4454358"/>
 <node id="7786023415" visible="true" version="1" changeset="88954581" timestamp="2020-08-05T03:10:48Z" user="Axl Alx" uid="11602880" lat="-0.3115545" lon="-78.4435874"/>
 <node id="7787905172" visible="true" version="1" changeset="88992840" timestamp="2020-08-05T16:47:25Z" user="Evelyn Angos" uid="11583100" lat="-0.3176196" lon="-78.4441871">
  <tag k="leisure" v="sports_centre"/>
  <tag k="name" v="Coliseo Grad. Miguel G. Iturralde"/>
 </node>
 <node id="7787905173" visible="true" version="2" changeset="148837642" timestamp="2024-03-18T22:59:05Z" user="Gaby Elizabeth" uid="21218501" lat="-0.3178447" lon="-78.4440080">
  <tag k="leisure" v="fitness_centre"/>
  <tag k="name" v="Gimnasio ESPE"/>
  <tag k="opening_hours" v="Mo-Fr 08:00-21:30"/>
 </node>
 <node id="7787905174" visible="true" version="1" changeset="88992840" timestamp="2020-08-05T16:47:25Z" user="Evelyn Angos" uid="11583100" lat="-0.3138379" lon="-78.4428103"/>
 <node id="7787905175" visible="true" version="1" changeset="88992840" timestamp="2020-08-05T16:47:25Z" user="Evelyn Angos" uid="11583100" lat="-0.3138654" lon="-78.4422328"/>
 <node id="7787905176" visible="true" version="1" changeset="88992840" timestamp="2020-08-05T16:47:25Z" user="Evelyn Angos" uid="11583100" lat="-0.3143377" lon="-78.4422552"/>
 <node id="7787905177" visible="true" version="1" changeset="88992840" timestamp="2020-08-05T16:47:25Z" user="Evelyn Angos" uid="11583100" lat="-0.3143102" lon="-78.4428328"/>
 <node id="7787905178" visible="true" version="2" changeset="136424748" timestamp="2023-05-22T17:46:43Z" user="MishellCatucuamba" uid="12397323" lat="-0.3140442" lon="-78.4425403">
  <tag k="amenity" v="parking"/>
  <tag k="operator" v="UrbanPark"/>
  <tag k="parking" v="street_side"/>
 </node>
 <node id="7787905180" visible="true" version="1" changeset="88992840" timestamp="2020-08-05T16:47:25Z" user="Evelyn Angos" uid="11583100" lat="-0.3123404" lon="-78.4447856"/>
 <node id="7787905181" visible="true" version="1" changeset="88992840" timestamp="2020-08-05T16:47:25Z" user="Evelyn Angos" uid="11583100" lat="-0.3124080" lon="-78.4448171"/>
 <node id="7787905182" visible="true" version="1" changeset="88992840" timestamp="2020-08-05T16:47:25Z" user="Evelyn Angos" uid="11583100" lat="-0.3126900" lon="-78.4448415"/>
 <node id="7787905183" visible="true" version="1" changeset="88992840" timestamp="2020-08-05T16:47:25Z" user="Evelyn Angos" uid="11583100" lat="-0.3127913" lon="-78.4448520"/>
 <node id="7787905184" visible="true" version="1" changeset="88992840" timestamp="2020-08-05T16:47:25Z" user="Evelyn Angos" uid="11583100" lat="-0.3128257" lon="-78.4444586"/>
 <node id="7787909485" visible="true" version="1" changeset="88992840" timestamp="2020-08-05T16:47:25Z" user="Evelyn Angos" uid="11583100" lat="-0.3131207" lon="-78.4448857"/>
 <node id="7787909486" visible="true" version="1" changeset="88992840" timestamp="2020-08-05T16:47:25Z" user="Evelyn Angos" uid="11583100" lat="-0.3131631" lon="-78.4441938"/>
 <node id="7787909487" visible="true" version="1" changeset="88992840" timestamp="2020-08-05T16:47:25Z" user="Evelyn Angos" uid="11583100" lat="-0.3130253" lon="-78.4441800"/>
 <node id="7787909488" visible="true" version="1" changeset="88992840" timestamp="2020-08-05T16:47:25Z" user="Evelyn Angos" uid="11583100" lat="-0.3129977" lon="-78.4444813"/>
 <node id="7787909489" visible="true" version="1" changeset="88992840" timestamp="2020-08-05T16:47:25Z" user="Evelyn Angos" uid="11583100" lat="-0.3135031" lon="-78.4442162"/>
 <node id="7787909490" visible="true" version="1" changeset="88992840" timestamp="2020-08-05T16:47:25Z" user="Evelyn Angos" uid="11583100" lat="-0.3139741" lon="-78.4442616"/>
 <node id="7787909491" visible="true" version="1" changeset="88992840" timestamp="2020-08-05T16:47:25Z" user="Evelyn Angos" uid="11583100" lat="-0.3142054" lon="-78.4442849"/>
 <node id="7787909492" visible="true" version="1" changeset="88992840" timestamp="2020-08-05T16:47:25Z" user="Evelyn Angos" uid="11583100" lat="-0.3130358" lon="-78.4440531"/>
 <node id="7787909493" visible="true" version="1" changeset="88992840" timestamp="2020-08-05T16:47:25Z" user="Evelyn Angos" uid="11583100" lat="-0.3131556" lon="-78.4444952"/>
 <node id="7787909494" visible="true" version="1" changeset="88992840" timestamp="2020-08-05T16:47:25Z" user="Evelyn Angos" uid="11583100" lat="-0.3131701" lon="-78.4442875"/>
 <node id="7787909495" visible="true" version="1" changeset="88992840" timestamp="2020-08-05T16:47:25Z" user="Evelyn Angos" uid="11583100" lat="-0.3134839" lon="-78.4443050"/>
 <node id="7787909496" visible="true" version="1" changeset="88992840" timestamp="2020-08-05T16:47:25Z" user="Evelyn Angos" uid="11583100" lat="-0.3134708" lon="-78.4445214"/>
 <node id="7787909497" visible="true" version="1" changeset="88992840" timestamp="2020-08-05T16:47:25Z" user="Evelyn Angos" uid="11583100" lat="-0.3128193" lon="-78.4446876"/>
 <node id="7787909498" visible="true" version="1" changeset="88992840" timestamp="2020-08-05T16:47:25Z" user="Evelyn Angos" uid="11583100" lat="-0.3128388" lon="-78.4444754"/>
 <node id="7787909499" visible="true" version="1" changeset="88992840" timestamp="2020-08-05T16:47:25Z" user="Evelyn Angos" uid="11583100" lat="-0.3131329" lon="-78.4445080"/>
 <node id="7787909500" visible="true" version="1" changeset="88992840" timestamp="2020-08-05T16:47:25Z" user="Evelyn Angos" uid="11583100" lat="-0.3131160" lon="-78.4447227"/>
 <node id="8841650488" visible="true" version="1" changeset="106523878" timestamp="2021-06-17T10:51:25Z" user="chris_debian" uid="90943" lat="-0.3157512" lon="-78.4444548"/>
 <node id="8841650489" visible="true" version="1" changeset="106523878" timestamp="2021-06-17T10:51:25Z" user="chris_debian" uid="90943" lat="-0.3160932" lon="-78.4444823"/>
 <node id="8841650490" visible="true" version="1" changeset="106523878" timestamp="2021-06-17T10:51:25Z" user="chris_debian" uid="90943" lat="-0.3160790" lon="-78.4446395"/>
 <node id="8841650491" visible="true" version="1" changeset="106523878" timestamp="2021-06-17T10:51:25Z" user="chris_debian" uid="90943" lat="-0.3161032" lon="-78.4443358"/>
 <node id="8841650492" visible="true" version="1" changeset="106523878" timestamp="2021-06-17T10:51:25Z" user="chris_debian" uid="90943" lat="-0.3163447" lon="-78.4445067"/>
 <node id="8841650493" visible="true" version="1" changeset="106523878" timestamp="2021-06-17T10:51:25Z" user="chris_debian" uid="90943" lat="-0.3163275" lon="-78.4446646"/>
 <node id="8841650494" visible="true" version="1" changeset="106523878" timestamp="2021-06-17T10:51:25Z" user="chris_debian" uid="90943" lat="-0.3163575" lon="-78.4443594"/>
 <node id="8841650495" visible="true" version="1" changeset="106523878" timestamp="2021-06-17T10:51:25Z" user="chris_debian" uid="90943" lat="-0.3166880" lon="-78.4445370"/>
 <node id="9512344193" visible="true" version="1" changeset="117497239" timestamp="2022-02-16T23:22:03Z" user="(Inactive) Hoordinates" uid="8867106" lat="-0.3137887" lon="-78.4432559"/>
 <node id="9512344194" visible="true" version="1" changeset="117497239" timestamp="2022-02-16T23:22:03Z" user="(Inactive) Hoordinates" uid="8867106" lat="-0.3141890" lon="-78.4433457"/>
 <node id="9512344195" visible="true" version="1" changeset="117497239" timestamp="2022-02-16T23:22:03Z" user="(Inactive) Hoordinates" uid="8867106" lat="-0.3141833" lon="-78.4433699"/>
 <node id="9512344196" visible="true" version="1" changeset="117497239" timestamp="2022-02-16T23:22:03Z" user="(Inactive) Hoordinates" uid="8867106" lat="-0.3141709" lon="-78.4433789"/>
 <node id="9512344197" visible="true" version="1" changeset="117497239" timestamp="2022-02-16T23:22:03Z" user="(Inactive) Hoordinates" uid="8867106" lat="-0.3135658" lon="-78.4436378"/>
 <node id="9512344198" visible="true" version="1" changeset="117497239" timestamp="2022-02-16T23:22:03Z" user="(Inactive) Hoordinates" uid="8867106" lat="-0.3135507" lon="-78.4436448"/>
 <node id="9512344199" visible="true" version="1" changeset="117497239" timestamp="2022-02-16T23:22:03Z" user="(Inactive) Hoordinates" uid="8867106" lat="-0.3135376" lon="-78.4436488"/>
 <node id="9512344200" visible="true" version="1" changeset="117497239" timestamp="2022-02-16T23:22:03Z" user="(Inactive) Hoordinates" uid="8867106" lat="-0.3147561" lon="-78.4434291"/>
 <node id="9512344201" visible="true" version="1" changeset="117497239" timestamp="2022-02-16T23:22:03Z" user="(Inactive) Hoordinates" uid="8867106" lat="-0.3147782" lon="-78.4434187"/>
 <node id="9512344202" visible="true" version="1" changeset="117497239" timestamp="2022-02-16T23:22:03Z" user="(Inactive) Hoordinates" uid="8867106" lat="-0.3147836" lon="-78.4434054"/>
 <node id="9512344203" visible="true" version="1" changeset="117497239" timestamp="2022-02-16T23:22:03Z" user="(Inactive) Hoordinates" uid="8867106" lat="-0.3147898" lon="-78.4432884"/>
 <node id="9512344204" visible="true" version="1" changeset="117497239" timestamp="2022-02-16T23:22:03Z" user="(Inactive) Hoordinates" uid="8867106" lat="-0.3147830" lon="-78.4432742"/>
 <node id="9512344205" visible="true" version="1" changeset="117497239" timestamp="2022-02-16T23:22:03Z" user="(Inactive) Hoordinates" uid="8867106" lat="-0.3147753" lon="-78.4432654"/>
 <node id="9512344206" visible="true" version="1" changeset="117497239" timestamp="2022-02-16T23:22:03Z" user="(Inactive) Hoordinates" uid="8867106" lat="-0.3143324" lon="-78.4433912"/>
 <node id="9512344207" visible="true" version="1" changeset="117497239" timestamp="2022-02-16T23:22:03Z" user="(Inactive) Hoordinates" uid="8867106" lat="-0.3143508" lon="-78.4434049"/>
 <node id="9512344208" visible="true" version="1" changeset="117497239" timestamp="2022-02-16T23:22:03Z" user="(Inactive) Hoordinates" uid="8867106" lat="-0.3143299" lon="-78.4433823"/>
 <node id="9512344209" visible="true" version="1" changeset="117497239" timestamp="2022-02-16T23:22:03Z" user="(Inactive) Hoordinates" uid="8867106" lat="-0.3143446" lon="-78.4432575"/>
 <node id="9512344210" visible="true" version="1" changeset="117497239" timestamp="2022-02-16T23:22:03Z" user="(Inactive) Hoordinates" uid="8867106" lat="-0.3143472" lon="-78.4432451"/>
 <node id="9512344211" visible="true" version="1" changeset="117497239" timestamp="2022-02-16T23:22:03Z" user="(Inactive) Hoordinates" uid="8867106" lat="-0.3143681" lon="-78.4432298"/>
 <node id="9512344212" visible="true" version="2" changeset="135742850" timestamp="2023-05-05T13:40:03Z" user="Pegasus21" uid="13510663" lat="-0.3148317" lon="-78.4431284">
  <tag k="highway" v="crossing"/>
 </node>
 <node id="9512344213" visible="true" version="2" changeset="135742850" timestamp="2023-05-05T13:40:03Z" user="Pegasus21" uid="13510663" lat="-0.3148353" lon="-78.4430266">
  <tag k="highway" v="crossing"/>
 </node>
 <node id="9512344214" visible="true" version="1" changeset="117497239" timestamp="2022-02-16T23:22:03Z" user="(Inactive) Hoordinates" uid="8867106" lat="-0.3148376" lon="-78.4429690"/>
 <node id="9512344215" visible="true" version="1" changeset="117497239" timestamp="2022-02-16T23:22:03Z" user="(Inactive) Hoordinates" uid="8867106" lat="-0.3172863" lon="-78.4438594"/>
 <node id="9512344216" visible="true" version="1" changeset="117497239" timestamp="2022-02-16T23:22:03Z" user="(Inactive) Hoordinates" uid="8867106" lat="-0.3172910" lon="-78.4436414"/>
 <node id="9512356117" visible="true" version="1" changeset="117497239" timestamp="2022-02-16T23:22:03Z" user="(Inactive) Hoordinates" uid="8867106" lat="-0.3171763" lon="-78.4435228"/>
 <node id="9512356118" visible="true" version="1" changeset="117497239" timestamp="2022-02-16T23:22:03Z" user="(Inactive) Hoordinates" uid="8867106" lat="-0.3171683" lon="-78.4433265"/>
 <node id="9512356119" visible="true" version="1" changeset="117497239" timestamp="2022-02-16T23:22:03Z" user="(Inactive) Hoordinates" uid="8867106" lat="-0.3171730" lon="-78.4431921"/>
 <node id="9512356120" visible="true" version="1" changeset="117497239" timestamp="2022-02-16T23:22:03Z" user="(Inactive) Hoordinates" uid="8867106" lat="-0.3175578" lon="-78.4433377"/>
 <node id="9512356121" visible="true" version="1" changeset="117497239" timestamp="2022-02-16T23:22:03Z" user="(Inactive) Hoordinates" uid="8867106" lat="-0.3165560" lon="-78.4433088"/>
 <node id="9512356122" visible="true" version="1" changeset="117497239" timestamp="2022-02-16T23:22:03Z" user="(Inactive) Hoordinates" uid="8867106" lat="-0.3168512" lon="-78.4433173"/>
 <node id="9512356123" visible="true" version="1" changeset="117497239" timestamp="2022-02-16T23:22:03Z" user="(Inactive) Hoordinates" uid="8867106" lat="-0.3168552" lon="-78.4431827"/>
 <node id="9512356124" visible="true" version="1" changeset="117497239" timestamp="2022-02-16T23:22:03Z" user="(Inactive) Hoordinates" uid="8867106" lat="-0.3172970" lon="-78.4433302"/>
 <node id="9512356125" visible="true" version="1" changeset="117497239" timestamp="2022-02-16T23:22:03Z" user="(Inactive) Hoordinates" uid="8867106" lat="-0.3173009" lon="-78.4431960"/>
 <node id="9512356126" visible="true" version="2" changeset="135743349" timestamp="2023-05-05T13:51:19Z" user="Pegasus21" uid="13510663" lat="-0.3163644" lon="-78.4432225"/>
 <node id="9512356127" visible="true" version="2" changeset="135743349" timestamp="2023-05-05T13:51:19Z" user="Pegasus21" uid="13510663" lat="-0.3163505" lon="-78.4432972"/>
 <node id="9512356128" visible="true" version="2" changeset="135743349" timestamp="2023-05-05T13:51:19Z" user="Pegasus21" uid="13510663" lat="-0.3163555" lon="-78.4433731"/>
 <node id="9512356129" visible="true" version="2" changeset="135743349" timestamp="2023-05-05T13:51:19Z" user="Pegasus21" uid="13510663" lat="-0.3163790" lon="-78.4434454"/>
 <node id="9512356130" visible="true" version="2" changeset="135743349" timestamp="2023-05-05T13:51:19Z" user="Pegasus21" uid="13510663" lat="-0.3164196" lon="-78.4435097"/>
 <node id="9512356131" visible="true" version="1" changeset="117497239" timestamp="2022-02-16T23:22:03Z" user="(Inactive) Hoordinates" uid="8867106" lat="-0.3155911" lon="-78.4459307"/>
 <node id="9512356132" visible="true" version="1" changeset="117497239" timestamp="2022-02-16T23:22:03Z" user="(Inactive) Hoordinates" uid="8867106" lat="-0.3156410" lon="-78.4457440"/>
 <node id="9512356133" visible="true" version="1" changeset="117497239" timestamp="2022-02-16T23:22:03Z" user="(Inactive) Hoordinates" uid="8867106" lat="-0.3158114" lon="-78.4459498"/>
 <node id="9512356134" visible="true" version="1" changeset="117497239" timestamp="2022-02-16T23:22:03Z" user="(Inactive) Hoordinates" uid="8867106" lat="-0.3155563" lon="-78.4456417"/>
 <node id="9512356135" visible="true" version="1" changeset="117497239" timestamp="2022-02-16T23:22:03Z" user="(Inactive) Hoordinates" uid="8867106" lat="-0.3155489" lon="-78.4456088"/>
 <node id="9512356136" visible="true" version="1" changeset="117497239" timestamp="2022-02-16T23:22:03Z" user="(Inactive) Hoordinates" uid="8867106" lat="-0.3155549" lon="-78.4455874"/>
 <node id="9512356137" visible="true" version="1" changeset="117497239" timestamp="2022-02-16T23:22:03Z" user="(Inactive) Hoordinates" uid="8867106" lat="-0.3155750" lon="-78.4455612"/>
 <node id="9512356138" visible="true" version="1" changeset="117497239" timestamp="2022-02-16T23:22:03Z" user="(Inactive) Hoordinates" uid="8867106" lat="-0.3156086" lon="-78.4455458"/>
 <node id="9512356139" visible="true" version="1" changeset="117497239" timestamp="2022-02-16T23:22:03Z" user="(Inactive) Hoordinates" uid="8867106" lat="-0.3156582" lon="-78.4455445"/>
 <node id="9512356140" visible="true" version="1" changeset="117497239" timestamp="2022-02-16T23:22:03Z" user="(Inactive) Hoordinates" uid="8867106" lat="-0.3157085" lon="-78.4455532"/>
 <node id="9512356141" visible="true" version="1" changeset="117497239" timestamp="2022-02-16T23:22:03Z" user="(Inactive) Hoordinates" uid="8867106" lat="-0.3157527" lon="-78.4455860"/>
 <node id="9512356142" visible="true" version="1" changeset="117497239" timestamp="2022-02-16T23:22:03Z" user="(Inactive) Hoordinates" uid="8867106" lat="-0.3157950" lon="-78.4456377"/>
 <node id="9512356143" visible="true" version="1" changeset="117497239" timestamp="2022-02-16T23:22:03Z" user="(Inactive) Hoordinates" uid="8867106" lat="-0.3158594" lon="-78.4457664"/>
 <node id="9512356144" visible="true" version="1" changeset="117497239" timestamp="2022-02-16T23:22:03Z" user="(Inactive) Hoordinates" uid="8867106" lat="-0.3158768" lon="-78.4458670"/>
 <node id="9512356145" visible="true" version="1" changeset="117497239" timestamp="2022-02-16T23:22:03Z" user="(Inactive) Hoordinates" uid="8867106" lat="-0.3158661" lon="-78.4459113"/>
 <node id="9512356146" visible="true" version="1" changeset="117497239" timestamp="2022-02-16T23:22:03Z" user="(Inactive) Hoordinates" uid="8867106" lat="-0.3158433" lon="-78.4459388"/>
 <node id="9512356147" visible="true" version="1" changeset="117497239" timestamp="2022-02-16T23:22:03Z" user="(Inactive) Hoordinates" uid="8867106" lat="-0.3156495" lon="-78.4459991"/>
 <node id="9512356148" visible="true" version="1" changeset="117497239" timestamp="2022-02-16T23:22:03Z" user="(Inactive) Hoordinates" uid="8867106" lat="-0.3153987" lon="-78.4460769"/>
 <node id="9512356149" visible="true" version="1" changeset="117497239" timestamp="2022-02-16T23:22:03Z" user="(Inactive) Hoordinates" uid="8867106" lat="-0.3152830" lon="-78.4461678"/>
 <node id="9512356150" visible="true" version="1" changeset="117497239" timestamp="2022-02-16T23:22:03Z" user="(Inactive) Hoordinates" uid="8867106" lat="-0.3152535" lon="-78.4457292"/>
 <node id="9512356151" visible="true" version="1" changeset="117497239" timestamp="2022-02-16T23:22:03Z" user="(Inactive) Hoordinates" uid="8867106" lat="-0.3152559" lon="-78.4457627"/>
 <node id="9512356152" visible="true" version="1" changeset="117497239" timestamp="2022-02-16T23:22:03Z" user="(Inactive) Hoordinates" uid="8867106" lat="-0.3153739" lon="-78.4456504"/>
 <node id="9512356153" visible="true" version="1" changeset="117497239" timestamp="2022-02-16T23:22:03Z" user="(Inactive) Hoordinates" uid="8867106" lat="-0.3155382" lon="-78.4458549"/>
 <node id="9512356154" visible="true" version="1" changeset="117497239" timestamp="2022-02-16T23:22:03Z" user="(Inactive) Hoordinates" uid="8867106" lat="-0.3155341" lon="-78.4458677"/>
 <node id="9512356155" visible="true" version="1" changeset="117497239" timestamp="2022-02-16T23:22:03Z" user="(Inactive) Hoordinates" uid="8867106" lat="-0.3148904" lon="-78.4455136"/>
 <node id="9512356156" visible="true" version="1" changeset="117497239" timestamp="2022-02-16T23:22:03Z" user="(Inactive) Hoordinates" uid="8867106" lat="-0.3153556" lon="-78.4456515"/>
 <node id="9512356157" visible="true" version="1" changeset="117497239" timestamp="2022-02-16T23:22:03Z" user="(Inactive) Hoordinates" uid="8867106" lat="-0.3153652" lon="-78.4454137"/>
 <node id="9512356158" visible="true" version="1" changeset="117497239" timestamp="2022-02-16T23:22:03Z" user="(Inactive) Hoordinates" uid="8867106" lat="-0.3149099" lon="-78.4453708"/>
 <node id="9512356159" visible="true" version="1" changeset="117497239" timestamp="2022-02-16T23:22:03Z" user="(Inactive) Hoordinates" uid="8867106" lat="-0.3148301" lon="-78.4452414"/>
 <node id="10022460006" visible="true" version="1" changeset="126149736" timestamp="2022-09-13T19:45:47Z" user="Ouray" uid="14145898" lat="-0.3114733" lon="-78.4486104"/>
 <node id="10717752338" visible="true" version="1" changeset="133381390" timestamp="2023-03-06T22:05:42Z" user="Dalila Meza" uid="18635151" lat="-0.3144607" lon="-78.4449703"/>
 <node id="10717752339" visible="true" version="1" changeset="133381390" timestamp="2023-03-06T22:05:42Z" user="Dalila Meza" uid="18635151" lat="-0.3142482" lon="-78.4449553"/>
 <node id="10717752340" visible="true" version="1" changeset="133381390" timestamp="2023-03-06T22:05:42Z" user="Dalila Meza" uid="18635151" lat="-0.3142568" lon="-78.4445024"/>
 <node id="10717752341" visible="true" version="1" changeset="133381390" timestamp="2023-03-06T22:05:42Z" user="Dalila Meza" uid="18635151" lat="-0.3147226" lon="-78.4445196"/>
 <node id="10717752342" visible="true" version="1" changeset="133381390" timestamp="2023-03-06T22:05:42Z" user="Dalila Meza" uid="18635151" lat="-0.3147011" lon="-78.4449810">
  <tag k="man_made" v="tower"/>
 </node>
 <node id="10717752343" visible="true" version="2" changeset="135744344" timestamp="2023-05-05T14:17:52Z" user="Pegasus21" uid="13510663" lat="-0.3154213" lon="-78.4421320">
  <tag k="bus" v="yes"/>
  <tag k="highway" v="bus_stop"/>
  <tag k="name" v="ESPE"/>
  <tag k="public_transport" v="stop_position"/>
 </node>
 <node id="10719764064" visible="true" version="1" changeset="133417482" timestamp="2023-03-07T20:13:41Z" user="KmasutraConOjos" uid="18644494" lat="-0.3146882" lon="-78.4460644"/>
 <node id="10870818532" visible="true" version="1" changeset="135742850" timestamp="2023-05-05T13:40:03Z" user="Pegasus21" uid="13510663" lat="-0.3149943" lon="-78.4429802"/>
 <node id="10870818533" visible="true" version="1" changeset="135742850" timestamp="2023-05-05T13:40:03Z" user="Pegasus21" uid="13510663" lat="-0.3148882" lon="-78.4431319"/>
 <node id="10870818534" visible="true" version="2" changeset="154625143" timestamp="2024-07-30T22:05:31Z" user="rodolfovargas" uid="1217047" lat="-0.3159707" lon="-78.4461193"/>
 <node id="10870818535" visible="true" version="2" changeset="154625143" timestamp="2024-07-30T22:05:31Z" user="rodolfovargas" uid="1217047" lat="-0.3158511" lon="-78.4461361"/>
 <node id="10870818536" visible="true" version="2" changeset="154625143" timestamp="2024-07-30T22:05:31Z" user="rodolfovargas" uid="1217047" lat="-0.3156998" lon="-78.4461646"/>
 <node id="10870818537" visible="true" version="2" changeset="154625143" timestamp="2024-07-30T22:05:31Z" user="rodolfovargas" uid="1217047" lat="-0.3155534" lon="-78.4462201"/>
 <node id="10870818538" visible="true" version="1" changeset="135742850" timestamp="2023-05-05T13:40:03Z" user="Pegasus21" uid="13510663" lat="-0.3142729" lon="-78.4470043"/>
 <node id="10870818539" visible="true" version="1" changeset="135742850" timestamp="2023-05-05T13:40:03Z" user="Pegasus21" uid="13510663" lat="-0.3140824" lon="-78.4470686"/>
 <node id="10870818540" visible="true" version="1" changeset="135742850" timestamp="2023-05-05T13:40:03Z" user="Pegasus21" uid="13510663" lat="-0.3137311" lon="-78.4471250"/>
 <node id="10870818541" visible="true" version="1" changeset="135742850" timestamp="2023-05-05T13:40:03Z" user="Pegasus21" uid="13510663" lat="-0.3134146" lon="-78.4471276"/>
 <node id="10870818542" visible="true" version="1" changeset="135742850" timestamp="2023-05-05T13:40:03Z" user="Pegasus21" uid="13510663" lat="-0.3130122" lon="-78.4470552"/>
 <node id="10870818543" visible="true" version="1" changeset="135742850" timestamp="2023-05-05T13:40:03Z" user="Pegasus21" uid="13510663" lat="-0.3121325" lon="-78.4465939"/>
 <node id="10870818544" visible="true" version="1" changeset="135742850" timestamp="2023-05-05T13:40:03Z" user="Pegasus21" uid="13510663" lat="-0.3119957" lon="-78.4464759"/>
 <node id="10870818545" visible="true" version="1" changeset="135742850" timestamp="2023-05-05T13:40:03Z" user="Pegasus21" uid="13510663" lat="-0.3118911" lon="-78.4463096"/>
 <node id="10870818546" visible="true" version="1" changeset="135742850" timestamp="2023-05-05T13:40:03Z" user="Pegasus21" uid="13510663" lat="-0.3118535" lon="-78.4461486"/>
 <node id="10870818547" visible="true" version="1" changeset="135742850" timestamp="2023-05-05T13:40:03Z" user="Pegasus21" uid="13510663" lat="-0.3119662" lon="-78.4453413"/>
 <node id="10870818548" visible="true" version="1" changeset="135742850" timestamp="2023-05-05T13:40:03Z" user="Pegasus21" uid="13510663" lat="-0.3134414" lon="-78.4432974"/>
 <node id="10870818549" visible="true" version="1" changeset="135742850" timestamp="2023-05-05T13:40:03Z" user="Pegasus21" uid="13510663" lat="-0.3136506" lon="-78.4431553"/>
 <node id="10870818550" visible="true" version="1" changeset="135742850" timestamp="2023-05-05T13:40:03Z" user="Pegasus21" uid="13510663" lat="-0.3138786" lon="-78.4430829"/>
 <node id="10870818551" visible="true" version="1" changeset="135742850" timestamp="2023-05-05T13:40:03Z" user="Pegasus21" uid="13510663" lat="-0.3140878" lon="-78.4430856"/>
 <node id="10870818552" visible="true" version="1" changeset="135742850" timestamp="2023-05-05T13:40:03Z" user="Pegasus21" uid="13510663" lat="-0.3152679" lon="-78.4431553"/>
 <node id="10870818553" visible="true" version="1" changeset="135742850" timestamp="2023-05-05T13:40:03Z" user="Pegasus21" uid="13510663" lat="-0.3155308" lon="-78.4432197"/>
 <node id="10870818554" visible="true" version="2" changeset="135743281" timestamp="2023-05-05T13:49:45Z" user="Pegasus21" uid="13510663" lat="-0.3168839" lon="-78.4438111"/>
 <node id="10870818555" visible="true" version="2" changeset="135743281" timestamp="2023-05-05T13:49:45Z" user="Pegasus21" uid="13510663" lat="-0.3168088" lon="-78.4437494"/>
 <node id="10870818556" visible="true" version="1" changeset="135742850" timestamp="2023-05-05T13:40:03Z" user="Pegasus21" uid="13510663" lat="-0.3167002" lon="-78.4436837"/>
 <node id="10870818557" visible="true" version="1" changeset="135742850" timestamp="2023-05-05T13:40:03Z" user="Pegasus21" uid="13510663" lat="-0.3152813" lon="-78.4430641"/>
 <node id="10870818558" visible="true" version="1" changeset="135742850" timestamp="2023-05-05T13:40:03Z" user="Pegasus21" uid="13510663" lat="-0.3140824" lon="-78.4429890"/>
 <node id="10870818559" visible="true" version="1" changeset="135742850" timestamp="2023-05-05T13:40:03Z" user="Pegasus21" uid="13510663" lat="-0.3138652" lon="-78.4429997"/>
 <node id="10870818560" visible="true" version="1" changeset="135742850" timestamp="2023-05-05T13:40:03Z" user="Pegasus21" uid="13510663" lat="-0.3136023" lon="-78.4430721"/>
 <node id="10870818561" visible="true" version="1" changeset="135742850" timestamp="2023-05-05T13:40:03Z" user="Pegasus21" uid="13510663" lat="-0.3133958" lon="-78.4432197"/>
 <node id="10870818562" visible="true" version="1" changeset="135742850" timestamp="2023-05-05T13:40:03Z" user="Pegasus21" uid="13510663" lat="-0.3121700" lon="-78.4448800"/>
 <node id="10870818563" visible="true" version="1" changeset="135742850" timestamp="2023-05-05T13:40:03Z" user="Pegasus21" uid="13510663" lat="-0.3119796" lon="-78.4451348"/>
 <node id="10870818564" visible="true" version="1" changeset="135742850" timestamp="2023-05-05T13:40:03Z" user="Pegasus21" uid="13510663" lat="-0.3118616" lon="-78.4453520"/>
 <node id="10870818565" visible="true" version="1" changeset="135742850" timestamp="2023-05-05T13:40:03Z" user="Pegasus21" uid="13510663" lat="-0.3117623" lon="-78.4461111"/>
 <node id="10870818566" visible="true" version="1" changeset="135742850" timestamp="2023-05-05T13:40:03Z" user="Pegasus21" uid="13510663" lat="-0.3118079" lon="-78.4463283"/>
 <node id="10870818567" visible="true" version="1" changeset="135742850" timestamp="2023-05-05T13:40:03Z" user="Pegasus21" uid="13510663" lat="-0.3119313" lon="-78.4465376"/>
 <node id="10870818568" visible="true" version="1" changeset="135742850" timestamp="2023-05-05T13:40:03Z" user="Pegasus21" uid="13510663" lat="-0.3120815" lon="-78.4466770"/>
 <node id="10870818569" visible="true" version="1" changeset="135742850" timestamp="2023-05-05T13:40:03Z" user="Pegasus21" uid="13510663" lat="-0.3129800" lon="-78.4471303"/>
 <node id="10870818570" visible="true" version="1" changeset="135742850" timestamp="2023-05-05T13:40:03Z" user="Pegasus21" uid="13510663" lat="-0.3133985" lon="-78.4472322"/>
 <node id="10870818571" visible="true" version="1" changeset="135742850" timestamp="2023-05-05T13:40:03Z" user="Pegasus21" uid="13510663" lat="-0.3137042" lon="-78.4472322"/>
 <node id="10870818572" visible="true" version="1" changeset="135742850" timestamp="2023-05-05T13:40:03Z" user="Pegasus21" uid="13510663" lat="-0.3140636" lon="-78.4471786"/>
 <node id="10870818573" visible="true" version="1" changeset="135742850" timestamp="2023-05-05T13:40:03Z" user="Pegasus21" uid="13510663" lat="-0.3142782" lon="-78.4471035"/>
 <node id="10870818574" visible="true" version="1" changeset="135742850" timestamp="2023-05-05T13:40:03Z" user="Pegasus21" uid="13510663" lat="-0.3152787" lon="-78.4464866"/>
 <node id="10870818575" visible="true" version="1" changeset="135742850" timestamp="2023-05-05T13:40:03Z" user="Pegasus21" uid="13510663" lat="-0.3155871" lon="-78.4463123"/>
 <node id="10870818576" visible="true" version="1" changeset="135742850" timestamp="2023-05-05T13:40:03Z" user="Pegasus21" uid="13510663" lat="-0.3157373" lon="-78.4462613"/>
 <node id="10870880130" visible="true" version="1" changeset="135743281" timestamp="2023-05-05T13:49:45Z" user="Pegasus21" uid="13510663" lat="-0.3139310" lon="-78.4424178"/>
 <node id="10870880131" visible="true" version="1" changeset="135743281" timestamp="2023-05-05T13:49:45Z" user="Pegasus21" uid="13510663" lat="-0.3143188" lon="-78.4424369"/>
 <node id="10870880132" visible="true" version="1" changeset="135743281" timestamp="2023-05-05T13:49:45Z" user="Pegasus21" uid="13510663" lat="-0.3139194" lon="-78.4425733"/>
 <node id="10870880133" visible="true" version="1" changeset="135743281" timestamp="2023-05-05T13:49:45Z" user="Pegasus21" uid="13510663" lat="-0.3143073" lon="-78.4426027"/>
 <node id="10870880134" visible="true" version="1" changeset="135743281" timestamp="2023-05-05T13:49:45Z" user="Pegasus21" uid="13510663" lat="-0.3143322" lon="-78.4422566"/>
 <node id="10870880135" visible="true" version="1" changeset="135743281" timestamp="2023-05-05T13:49:45Z" user="Pegasus21" uid="13510663" lat="-0.3139450" lon="-78.4422280"/>
 <node id="10870880136" visible="true" version="1" changeset="135743281" timestamp="2023-05-05T13:49:45Z" user="Pegasus21" uid="13510663" lat="-0.3139060" lon="-78.4427548"/>
 <node id="10870880137" visible="true" version="1" changeset="135743281" timestamp="2023-05-05T13:49:45Z" user="Pegasus21" uid="13510663" lat="-0.3142932" lon="-78.4427835"/>
 <node id="10870925038" visible="true" version="1" changeset="135744344" timestamp="2023-05-05T14:17:52Z" user="Pegasus21" uid="13510663" lat="-0.3187047" lon="-78.4450727"/>
 <node id="10919539160" visible="true" version="1" changeset="136424496" timestamp="2023-05-22T17:38:57Z" user="MishellCatucuamba" uid="12397323" lat="-0.3135448" lon="-78.4438674"/>
 <node id="10919771013" visible="true" version="1" changeset="136424696" timestamp="2023-05-22T17:44:47Z" user="MishellCatucuamba" uid="12397323" lat="-0.3134115" lon="-78.4428610"/>
 <node id="10919771014" visible="true" version="1" changeset="136424696" timestamp="2023-05-22T17:44:47Z" user="MishellCatucuamba" uid="12397323" lat="-0.3137029" lon="-78.4429126"/>
 <node id="10919771015" visible="true" version="1" changeset="136424696" timestamp="2023-05-22T17:44:47Z" user="MishellCatucuamba" uid="12397323" lat="-0.3138045" lon="-78.4423573"/>
 <node id="10919771016" visible="true" version="1" changeset="136424696" timestamp="2023-05-22T17:44:47Z" user="MishellCatucuamba" uid="12397323" lat="-0.3135162" lon="-78.4423117"/>
 <node id="10919771017" visible="true" version="1" changeset="136424696" timestamp="2023-05-22T17:44:47Z" user="MishellCatucuamba" uid="12397323" lat="-0.3130691" lon="-78.4427925"/>
 <node id="10919771018" visible="true" version="1" changeset="136424696" timestamp="2023-05-22T17:44:47Z" user="MishellCatucuamba" uid="12397323" lat="-0.3133166" lon="-78.4428384"/>
 <node id="10919771019" visible="true" version="1" changeset="136424696" timestamp="2023-05-22T17:44:47Z" user="MishellCatucuamba" uid="12397323" lat="-0.3134136" lon="-78.4422923"/>
 <node id="10919771020" visible="true" version="1" changeset="136424696" timestamp="2023-05-22T17:44:47Z" user="MishellCatucuamba" uid="12397323" lat="-0.3131597" lon="-78.4422528"/>
 <node id="10919786993" visible="true" version="1" changeset="136424898" timestamp="2023-05-22T17:52:17Z" user="MishellCatucuamba" uid="12397323" lat="-0.3121004" lon="-78.4458309"/>
 <node id="10919786994" visible="true" version="1" changeset="136424898" timestamp="2023-05-22T17:52:17Z" user="MishellCatucuamba" uid="12397323" lat="-0.3123811" lon="-78.4459819"/>
 <node id="10919786995" visible="true" version="1" changeset="136424898" timestamp="2023-05-22T17:52:17Z" user="MishellCatucuamba" uid="12397323" lat="-0.3122845" lon="-78.4460522"/>
 <node id="10919786996" visible="true" version="1" changeset="136424898" timestamp="2023-05-22T17:52:17Z" user="MishellCatucuamba" uid="12397323" lat="-0.3122915" lon="-78.4459739"/>
 <node id="11176219640" visible="true" version="1" changeset="140976889" timestamp="2023-09-08T09:01:47Z" user="MontBlanc1" uid="19895323" lat="-0.3190033" lon="-78.4419913"/>
 <node id="11176219643" visible="true" version="1" changeset="140976889" timestamp="2023-09-08T09:01:47Z" user="MontBlanc1" uid="19895323" lat="-0.3189900" lon="-78.4420388"/>
 <node id="11176219646" visible="true" version="1" changeset="140976889" timestamp="2023-09-08T09:01:47Z" user="MontBlanc1" uid="19895323" lat="-0.3192699" lon="-78.4410390"/>
 <node id="11176219648" visible="true" version="1" changeset="140976889" timestamp="2023-09-08T09:01:47Z" user="MontBlanc1" uid="19895323" lat="-0.3185308" lon="-78.4423815"/>
 <node id="11182234150" visible="true" version="1" changeset="141086222" timestamp="2023-09-11T01:15:50Z" user="MountOssa" uid="19246098" lat="-0.3184331" lon="-78.4475283"/>
 <node id="11182234151" visible="true" version="1" changeset="141086222" timestamp="2023-09-11T01:15:50Z" user="MountOssa" uid="19246098" lat="-0.3183545" lon="-78.4476339"/>
 <node id="11182356519" visible="true" version="1" changeset="141089492" timestamp="2023-09-11T04:19:27Z" user="MontBlanc1" uid="19895323" lat="-0.3193851" lon="-78.4455425"/>
 <node id="11182356520" visible="true" version="1" changeset="141089492" timestamp="2023-09-11T04:19:27Z" user="MontBlanc1" uid="19895323" lat="-0.3193958" lon="-78.4454868"/>
 <node id="11182356521" visible="true" version="1" changeset="141089492" timestamp="2023-09-11T04:19:27Z" user="MontBlanc1" uid="19895323" lat="-0.3182901" lon="-78.4428602"/>
 <node id="11182356522" visible="true" version="1" changeset="141089492" timestamp="2023-09-11T04:19:27Z" user="MontBlanc1" uid="19895323" lat="-0.3182760" lon="-78.4428810"/>
 <node id="11182356523" visible="true" version="1" changeset="141089492" timestamp="2023-09-11T04:19:27Z" user="MontBlanc1" uid="19895323" lat="-0.3182820" lon="-78.4433316"/>
 <node id="11182356524" visible="true" version="1" changeset="141089492" timestamp="2023-09-11T04:19:27Z" user="MontBlanc1" uid="19895323" lat="-0.3183042" lon="-78.4433451"/>
 <node id="11182643661" visible="true" version="1" changeset="141097411" timestamp="2023-09-11T08:03:14Z" user="MontBlanc1" uid="19895323" lat="-0.3188111" lon="-78.4464477"/>
 <node id="11182643662" visible="true" version="1" changeset="141097411" timestamp="2023-09-11T08:03:14Z" user="MontBlanc1" uid="19895323" lat="-0.3187776" lon="-78.4465295"/>
 <node id="11182643663" visible="true" version="1" changeset="141097411" timestamp="2023-09-11T08:03:14Z" user="MontBlanc1" uid="19895323" lat="-0.3185026" lon="-78.4466636"/>
 <node id="11182643664" visible="true" version="1" changeset="141097411" timestamp="2023-09-11T08:03:14Z" user="MontBlanc1" uid="19895323" lat="-0.3182760" lon="-78.4467039"/>
 <node id="11182643665" visible="true" version="1" changeset="141097411" timestamp="2023-09-11T08:03:14Z" user="MontBlanc1" uid="19895323" lat="-0.3181888" lon="-78.4467012"/>
 <node id="11182643666" visible="true" version="1" changeset="141097411" timestamp="2023-09-11T08:03:14Z" user="MontBlanc1" uid="19895323" lat="-0.3180955" lon="-78.4466479"/>
 <node id="11185018541" visible="true" version="1" changeset="141144230" timestamp="2023-09-12T05:50:58Z" user="PatagonianPlateau" uid="17999760" lat="-0.3136506" lon="-78.4465664"/>
 <node id="11185018542" visible="true" version="1" changeset="141144230" timestamp="2023-09-12T05:50:58Z" user="PatagonianPlateau" uid="17999760" lat="-0.3148834" lon="-78.4460286"/>
 <node id="11185018543" visible="true" version="1" changeset="141144230" timestamp="2023-09-12T05:50:58Z" user="PatagonianPlateau" uid="17999760" lat="-0.3148978" lon="-78.4460373"/>
 <node id="11185018545" visible="true" version="1" changeset="141144230" timestamp="2023-09-12T05:50:58Z" user="PatagonianPlateau" uid="17999760" lat="-0.3149998" lon="-78.4419828"/>
 <node id="11187146369" visible="true" version="1" changeset="141189628" timestamp="2023-09-13T05:15:03Z" user="MontBlanc1" uid="19895323" lat="-0.3192416" lon="-78.4455787">
  <tag k="access" v="private"/>
  <tag k="barrier" v="gate"/>
 </node>
 <node id="11206953898" visible="true" version="2" changeset="141842710" timestamp="2023-09-28T01:02:29Z" user="Solheimajokull" uid="10334725" lat="-0.3146899" lon="-78.4423842">
  <tag k="access" v="private"/>
  <tag k="barrier" v="lift_gate"/>
 </node>
 <node id="11206953899" visible="true" version="2" changeset="141842710" timestamp="2023-09-28T01:02:29Z" user="Solheimajokull" uid="10334725" lat="-0.3149622" lon="-78.4423989">
  <tag k="access" v="private"/>
  <tag k="barrier" v="lift_gate"/>
 </node>
 <node id="11206953900" visible="true" version="1" changeset="141540540" timestamp="2023-09-21T05:44:09Z" user="PatagonianPlateau" uid="17999760" lat="-0.3151432" lon="-78.4416673">
  <tag k="barrier" v="lift_gate"/>
 </node>
 <node id="11206953901" visible="true" version="1" changeset="141540540" timestamp="2023-09-21T05:44:09Z" user="PatagonianPlateau" uid="17999760" lat="-0.3152780" lon="-78.4416647">
  <tag k="barrier" v="lift_gate"/>
 </node>
 <node id="11841249593" visible="true" version="1" changeset="150392596" timestamp="2024-04-23T12:16:20Z" user="Solheimajokull" uid="10334725" lat="-0.3147029" lon="-78.4467337"/>
 <node id="11841249594" visible="true" version="1" changeset="150392596" timestamp="2024-04-23T12:16:20Z" user="Solheimajokull" uid="10334725" lat="-0.3147536" lon="-78.4468144"/>
 <node id="11905715640" visible="true" version="1" changeset="151339712" timestamp="2024-05-15T04:33:09Z" user="kevin pilliza" uid="18319628" lat="-0.3130710" lon="-78.4463837"/>
 <node id="11905715641" visible="true" version="1" changeset="151339712" timestamp="2024-05-15T04:33:09Z" user="kevin pilliza" uid="18319628" lat="-0.3130270" lon="-78.4463802"/>
 <node id="11905715642" visible="true" version="1" changeset="151339712" timestamp="2024-05-15T04:33:09Z" user="kevin pilliza" uid="18319628" lat="-0.3130243" lon="-78.4464150"/>
 <node id="11905715643" visible="true" version="1" changeset="151339712" timestamp="2024-05-15T04:33:09Z" user="kevin pilliza" uid="18319628" lat="-0.3130298" lon="-78.4464154"/>
 <node id="11905715644" visible="true" version="1" changeset="151339712" timestamp="2024-05-15T04:33:09Z" user="kevin pilliza" uid="18319628" lat="-0.3130537" lon="-78.4464173"/>
 <node id="11905715645" visible="true" version="1" changeset="151339712" timestamp="2024-05-15T04:33:09Z" user="kevin pilliza" uid="18319628" lat="-0.3130683" lon="-78.4464185"/>
 <node id="11905715646" visible="true" version="2" changeset="176740632" timestamp="2026-01-02T12:23:30Z" user="piligab" uid="3877019" lat="-0.3135216" lon="-78.4458092"/>
 <node id="11905715647" visible="true" version="2" changeset="176740632" timestamp="2026-01-02T12:23:30Z" user="piligab" uid="3877019" lat="-0.3135219" lon="-78.4458058"/>
 <node id="11905715648" visible="true" version="2" changeset="176740632" timestamp="2026-01-02T12:23:30Z" user="piligab" uid="3877019" lat="-0.3134929" lon="-78.4458033"/>
 <node id="11905715649" visible="true" version="2" changeset="176740632" timestamp="2026-01-02T12:23:30Z" user="piligab" uid="3877019" lat="-0.3134975" lon="-78.4457483"/>
 <node id="11905715650" visible="true" version="2" changeset="176740632" timestamp="2026-01-02T12:23:30Z" user="piligab" uid="3877019" lat="-0.3135280" lon="-78.4457509"/>
 <node id="11905715651" visible="true" version="2" changeset="176740632" timestamp="2026-01-02T12:23:30Z" user="piligab" uid="3877019" lat="-0.3135304" lon="-78.4457223"/>
 <node id="11905715652" visible="true" version="2" changeset="176740632" timestamp="2026-01-02T12:23:30Z" user="piligab" uid="3877019" lat="-0.3135868" lon="-78.4457270"/>
 <node id="11905715653" visible="true" version="2" changeset="176740632" timestamp="2026-01-02T12:23:30Z" user="piligab" uid="3877019" lat="-0.3135794" lon="-78.4458141"/>
 <node id="11905715654" visible="true" version="2" changeset="176740632" timestamp="2026-01-02T12:23:30Z" user="piligab" uid="3877019" lat="-0.3135761" lon="-78.4458609"/>
 <node id="11905715655" visible="true" version="2" changeset="176740632" timestamp="2026-01-02T12:23:30Z" user="piligab" uid="3877019" lat="-0.3135344" lon="-78.4458578"/>
 <node id="11905715656" visible="true" version="2" changeset="176740632" timestamp="2026-01-02T12:23:30Z" user="piligab" uid="3877019" lat="-0.3135361" lon="-78.4458347"/>
 <node id="11905715657" visible="true" version="2" changeset="176740632" timestamp="2026-01-02T12:23:30Z" user="piligab" uid="3877019" lat="-0.3134483" lon="-78.4458283"/>
 <node id="11905715658" visible="true" version="2" changeset="176740632" timestamp="2026-01-02T12:23:30Z" user="piligab" uid="3877019" lat="-0.3134430" lon="-78.4459011"/>
 <node id="11905715659" visible="true" version="2" changeset="176740632" timestamp="2026-01-02T12:23:30Z" user="piligab" uid="3877019" lat="-0.3135724" lon="-78.4459107"/>
 <node id="12084024805" visible="true" version="1" changeset="154625143" timestamp="2024-07-30T22:05:31Z" user="rodolfovargas" uid="1217047" lat="-0.3151662" lon="-78.4478400"/>
 <node id="12084024806" visible="true" version="1" changeset="154625143" timestamp="2024-07-30T22:05:31Z" user="rodolfovargas" uid="1217047" lat="-0.3152108" lon="-78.4478703"/>
 <node id="12084024807" visible="true" version="1" changeset="154625143" timestamp="2024-07-30T22:05:31Z" user="rodolfovargas" uid="1217047" lat="-0.3152110" lon="-78.4478909"/>
 <node id="12084024808" visible="true" version="1" changeset="154625143" timestamp="2024-07-30T22:05:31Z" user="rodolfovargas" uid="1217047" lat="-0.3151968" lon="-78.4479135"/>
 <node id="12084024809" visible="true" version="1" changeset="154625143" timestamp="2024-07-30T22:05:31Z" user="rodolfovargas" uid="1217047" lat="-0.3151778" lon="-78.4479180"/>
 <node id="12084024810" visible="true" version="1" changeset="154625143" timestamp="2024-07-30T22:05:31Z" user="rodolfovargas" uid="1217047" lat="-0.3151332" lon="-78.4478882"/>
 <node id="12084024811" visible="true" version="1" changeset="154625143" timestamp="2024-07-30T22:05:31Z" user="rodolfovargas" uid="1217047" lat="-0.3151268" lon="-78.4478606"/>
 <node id="12084024812" visible="true" version="1" changeset="154625143" timestamp="2024-07-30T22:05:31Z" user="rodolfovargas" uid="1217047" lat="-0.3151413" lon="-78.4478389"/>
 <node id="12084024813" visible="true" version="1" changeset="154625143" timestamp="2024-07-30T22:05:31Z" user="rodolfovargas" uid="1217047" lat="-0.3157006" lon="-78.4477674"/>
 <node id="12084024814" visible="true" version="1" changeset="154625143" timestamp="2024-07-30T22:05:31Z" user="rodolfovargas" uid="1217047" lat="-0.3154499" lon="-78.4474527"/>
 <node id="12084147754" visible="true" version="1" changeset="154627470" timestamp="2024-07-31T00:38:00Z" user="AlexLoaiza97" uid="21802936" lat="-0.3151189" lon="-78.4474315"/>
 <node id="12086201838" visible="true" version="1" changeset="154670191" timestamp="2024-07-31T22:19:38Z" user="rodolfovargas" uid="1217047" lat="-0.3132078" lon="-78.4431247"/>
 <node id="12086201839" visible="true" version="1" changeset="154670191" timestamp="2024-07-31T22:19:38Z" user="rodolfovargas" uid="1217047" lat="-0.3131997" lon="-78.4431203"/>
 <node id="12086201840" visible="true" version="1" changeset="154670191" timestamp="2024-07-31T22:19:38Z" user="rodolfovargas" uid="1217047" lat="-0.3131758" lon="-78.4431433"/>
 <node id="12101028440" visible="true" version="1" changeset="155030373" timestamp="2024-08-09T16:01:36Z" user="AlexLoaiza97" uid="21802936" lat="-0.3134541" lon="-78.4492037"/>
 <node id="12101028441" visible="true" version="1" changeset="155030373" timestamp="2024-08-09T16:01:36Z" user="AlexLoaiza97" uid="21802936" lat="-0.3134653" lon="-78.4491350"/>
 <node id="12101028442" visible="true" version="1" changeset="155030373" timestamp="2024-08-09T16:01:36Z" user="AlexLoaiza97" uid="21802936" lat="-0.3136368" lon="-78.4490441"/>
 <node id="12113443067" visible="true" version="1" changeset="155303626" timestamp="2024-08-15T22:19:16Z" user="JuanMelo" uid="12906384" lat="-0.3116232" lon="-78.4465828"/>
 <node id="12113443068" visible="true" version="1" changeset="155303626" timestamp="2024-08-15T22:19:16Z" user="JuanMelo" uid="12906384" lat="-0.3115899" lon="-78.4465266"/>
 <node id="12113443069" visible="true" version="1" changeset="155303626" timestamp="2024-08-15T22:19:16Z" user="JuanMelo" uid="12906384" lat="-0.3116709" lon="-78.4464787"/>
 <node id="12113443070" visible="true" version="1" changeset="155303626" timestamp="2024-08-15T22:19:16Z" user="JuanMelo" uid="12906384" lat="-0.3117042" lon="-78.4465349"/>
 <node id="12125384034" visible="true" version="1" changeset="155577384" timestamp="2024-08-21T20:22:28Z" user="Verónica Ayala Arias" uid="14322422" lat="-0.3113479" lon="-78.4434664">
  <tag k="highway" v="rest_area"/>
  <tag k="name" v="Rumiñahui"/>
 </node>
 <node id="12125384035" visible="true" version="1" changeset="155577384" timestamp="2024-08-21T20:22:28Z" user="Verónica Ayala Arias" uid="14322422" lat="-0.3117127" lon="-78.4430137"/>
 <node id="12125384036" visible="true" version="1" changeset="155577384" timestamp="2024-08-21T20:22:28Z" user="Verónica Ayala Arias" uid="14322422" lat="-0.3117149" lon="-78.4424107"/>
 <node id="12125384037" visible="true" version="1" changeset="155577384" timestamp="2024-08-21T20:22:28Z" user="Verónica Ayala Arias" uid="14322422" lat="-0.3110561" lon="-78.4424043"/>
 <node id="12125384038" visible="true" version="1" changeset="155577384" timestamp="2024-08-21T20:22:28Z" user="Verónica Ayala Arias" uid="14322422" lat="-0.3107107" lon="-78.4431252"/>
 <node id="12156757283" visible="true" version="1" changeset="156208441" timestamp="2024-09-05T00:30:04Z" user="ChristyElliott" uid="21126491" lat="-0.3031303" lon="-78.4560606"/>
 <node id="12156757284" visible="true" version="1" changeset="156208441" timestamp="2024-09-05T00:30:04Z" user="ChristyElliott" uid="21126491" lat="-0.3037272" lon="-78.4555517"/>
 <node id="12168932738" visible="true" version="1" changeset="156458804" timestamp="2024-09-10T21:43:13Z" user="MishellCatucuamba" uid="12397323" lat="-0.3135677" lon="-78.4475415"/>
 <node id="12168932739" visible="true" version="1" changeset="156458804" timestamp="2024-09-10T21:43:13Z" user="MishellCatucuamba" uid="12397323" lat="-0.3135753" lon="-78.4474501"/>
 <node id="12168932740" visible="true" version="1" changeset="156458804" timestamp="2024-09-10T21:43:13Z" user="MishellCatucuamba" uid="12397323" lat="-0.3134118" lon="-78.4474364"/>
 <node id="12168932741" visible="true" version="1" changeset="156458804" timestamp="2024-09-10T21:43:13Z" user="MishellCatucuamba" uid="12397323" lat="-0.3134042" lon="-78.4475279"/>
 <node id="12168932742" visible="true" version="2" changeset="176740647" timestamp="2026-01-02T12:23:55Z" user="piligab" uid="3877019" lat="-0.3135876" lon="-78.4473684"/>
 <node id="12168932743" visible="true" version="2" changeset="176740647" timestamp="2026-01-02T12:23:55Z" user="piligab" uid="3877019" lat="-0.3135876" lon="-78.4473201"/>
 <node id="12168932744" visible="true" version="2" changeset="176740647" timestamp="2026-01-02T12:23:55Z" user="piligab" uid="3877019" lat="-0.3135514" lon="-78.4473201"/>
 <node id="12168932745" visible="true" version="2" changeset="176740647" timestamp="2026-01-02T12:23:55Z" user="piligab" uid="3877019" lat="-0.3135514" lon="-78.4473684"/>
 <node id="12168932746" visible="true" version="2" changeset="176740647" timestamp="2026-01-02T12:23:55Z" user="piligab" uid="3877019" lat="-0.3135117" lon="-78.4474073"/>
 <node id="12168932747" visible="true" version="2" changeset="176740647" timestamp="2026-01-02T12:23:55Z" user="piligab" uid="3877019" lat="-0.3135157" lon="-78.4473295"/>
 <node id="12168932748" visible="true" version="2" changeset="176740647" timestamp="2026-01-02T12:23:55Z" user="piligab" uid="3877019" lat="-0.3134766" lon="-78.4473275"/>
 <node id="12168932749" visible="true" version="2" changeset="176740647" timestamp="2026-01-02T12:23:55Z" user="piligab" uid="3877019" lat="-0.3134726" lon="-78.4474053"/>
 <node id="12168932750" visible="true" version="2" changeset="176740647" timestamp="2026-01-02T12:23:55Z" user="piligab" uid="3877019" lat="-0.3134473" lon="-78.4473990"/>
 <node id="12168932751" visible="true" version="2" changeset="176740647" timestamp="2026-01-02T12:23:55Z" user="piligab" uid="3877019" lat="-0.3134513" lon="-78.4473280"/>
 <node id="12168932752" visible="true" version="2" changeset="176740647" timestamp="2026-01-02T12:23:55Z" user="piligab" uid="3877019" lat="-0.3133716" lon="-78.4473234"/>
 <node id="12168932753" visible="true" version="2" changeset="176740647" timestamp="2026-01-02T12:23:55Z" user="piligab" uid="3877019" lat="-0.3133676" lon="-78.4473945"/>
 <node id="12236423151" visible="true" version="1" changeset="157646950" timestamp="2024-10-08T21:33:19Z" user="DoloresReis" uid="16805459" lat="-0.3129802" lon="-78.4430962"/>
 <node id="12236423152" visible="true" version="1" changeset="157646950" timestamp="2024-10-08T21:33:19Z" user="DoloresReis" uid="16805459" lat="-0.3129460" lon="-78.4430675"/>
 <node id="12236423153" visible="true" version="1" changeset="157646950" timestamp="2024-10-08T21:33:19Z" user="DoloresReis" uid="16805459" lat="-0.3129081" lon="-78.4431126"/>
 <node id="12236423154" visible="true" version="1" changeset="157646950" timestamp="2024-10-08T21:33:19Z" user="DoloresReis" uid="16805459" lat="-0.3129423" lon="-78.4431413"/>
 <node id="12419534188" visible="true" version="1" changeset="160241256" timestamp="2024-12-13T11:10:23Z" user="LogoneRiver" uid="19895166" lat="-0.3161280" lon="-78.4420659"/>
 <node id="12419534193" visible="true" version="1" changeset="160241256" timestamp="2024-12-13T11:10:23Z" user="LogoneRiver" uid="19895166" lat="-0.3149789" lon="-78.4422090">
  <tag k="highway" v="crossing"/>
 </node>
 <node id="12419534194" visible="true" version="1" changeset="160241256" timestamp="2024-12-13T11:10:23Z" user="LogoneRiver" uid="19895166" lat="-0.3147041" lon="-78.4421896">
  <tag k="highway" v="crossing"/>
 </node>
 <node id="12419534195" visible="true" version="1" changeset="160241256" timestamp="2024-12-13T11:10:23Z" user="LogoneRiver" uid="19895166" lat="-0.3151225" lon="-78.4419342">
  <tag k="highway" v="crossing"/>
 </node>
 <node id="12419534196" visible="true" version="1" changeset="160241256" timestamp="2024-12-13T11:10:23Z" user="LogoneRiver" uid="19895166" lat="-0.3152603" lon="-78.4419433">
  <tag k="highway" v="crossing"/>
 </node>
 <node id="12865701684" visible="true" version="1" changeset="166801720" timestamp="2025-05-27T00:10:38Z" user="Marin Alquinga Josue Isaac" uid="22941299" lat="-0.3172574" lon="-78.4440365"/>
 <node id="12865701685" visible="true" version="1" changeset="166801720" timestamp="2025-05-27T00:10:38Z" user="Marin Alquinga Josue Isaac" uid="22941299" lat="-0.3147963" lon="-78.4444691"/>
 <node id="12865701686" visible="true" version="2" changeset="175938470" timestamp="2025-12-14T23:30:05Z" user="susaanna" uid="23188359" lat="-0.3174861" lon="-78.4441094"/>
 <node id="12865740718" visible="true" version="1" changeset="166801738" timestamp="2025-05-27T00:12:25Z" user="Marin Alquinga Josue Isaac" uid="22941299" lat="-0.3148289" lon="-78.4444126"/>
 <node id="13367989558" visible="true" version="2" changeset="176740676" timestamp="2026-01-02T12:24:55Z" user="piligab" uid="3877019" lat="-0.3166855" lon="-78.4460668"/>
 <node id="13367989559" visible="true" version="2" changeset="176740676" timestamp="2026-01-02T12:24:55Z" user="piligab" uid="3877019" lat="-0.3166987" lon="-78.4460248"/>
 <node id="13367989560" visible="true" version="2" changeset="176740676" timestamp="2026-01-02T12:24:55Z" user="piligab" uid="3877019" lat="-0.3167412" lon="-78.4460382"/>
 <node id="13367989561" visible="true" version="2" changeset="176740676" timestamp="2026-01-02T12:24:55Z" user="piligab" uid="3877019" lat="-0.3167280" lon="-78.4460802"/>
 <node id="13376394843" visible="true" version="1" changeset="175931409" timestamp="2025-12-14T19:07:39Z" user="susaanna" uid="23188359" lat="-0.3194607" lon="-78.4463986"/>
 <node id="13376394844" visible="true" version="1" changeset="175931409" timestamp="2025-12-14T19:07:39Z" user="susaanna" uid="23188359" lat="-0.3194671" lon="-78.4463525"/>
 <node id="13376394845" visible="true" version="1" changeset="175931409" timestamp="2025-12-14T19:07:39Z" user="susaanna" uid="23188359" lat="-0.3195820" lon="-78.4463683"/>
 <node id="13376394846" visible="true" version="1" changeset="175931409" timestamp="2025-12-14T19:07:39Z" user="susaanna" uid="23188359" lat="-0.3195757" lon="-78.4464143"/>
 <node id="13376394847" visible="true" version="1" changeset="175931409" timestamp="2025-12-14T19:07:39Z" user="susaanna" uid="23188359" lat="-0.3192427" lon="-78.4462444"/>
 <node id="13376394848" visible="true" version="1" changeset="175931409" timestamp="2025-12-14T19:07:39Z" user="susaanna" uid="23188359" lat="-0.3192289" lon="-78.4463317"/>
 <node id="13376394849" visible="true" version="1" changeset="175931409" timestamp="2025-12-14T19:07:39Z" user="susaanna" uid="23188359" lat="-0.3191300" lon="-78.4463160"/>
 <node id="13376394850" visible="true" version="1" changeset="175931409" timestamp="2025-12-14T19:07:39Z" user="susaanna" uid="23188359" lat="-0.3191445" lon="-78.4462242"/>
 <node id="13376394851" visible="true" version="1" changeset="175931409" timestamp="2025-12-14T19:07:39Z" user="susaanna" uid="23188359" lat="-0.3191332" lon="-78.4462225"/>
 <node id="13376405406" visible="true" version="1" changeset="175931138" timestamp="2025-12-14T18:59:08Z" user="susaanna" uid="23188359" lat="-0.3195064" lon="-78.4435700"/>
 <node id="13376405407" visible="true" version="1" changeset="175931138" timestamp="2025-12-14T18:59:08Z" user="susaanna" uid="23188359" lat="-0.3195442" lon="-78.4435756"/>
 <node id="13376405408" visible="true" version="1" changeset="175931138" timestamp="2025-12-14T18:59:08Z" user="susaanna" uid="23188359" lat="-0.3195517" lon="-78.4435253"/>
 <node id="13376405409" visible="true" version="1" changeset="175931138" timestamp="2025-12-14T18:59:08Z" user="susaanna" uid="23188359" lat="-0.3195139" lon="-78.4435197"/>
 <node id="13376405410" visible="true" version="1" changeset="175931138" timestamp="2025-12-14T18:59:08Z" user="susaanna" uid="23188359" lat="-0.3186189" lon="-78.4433619"/>
 <node id="13376405411" visible="true" version="1" changeset="175931138" timestamp="2025-12-14T18:59:08Z" user="susaanna" uid="23188359" lat="-0.3186270" lon="-78.4432729"/>
 <node id="13376405412" visible="true" version="1" changeset="175931138" timestamp="2025-12-14T18:59:08Z" user="susaanna" uid="23188359" lat="-0.3186415" lon="-78.4432473"/>
 <node id="13376405413" visible="true" version="1" changeset="175931138" timestamp="2025-12-14T18:59:08Z" user="susaanna" uid="23188359" lat="-0.3186751" lon="-78.4432512"/>
 <node id="13376405414" visible="true" version="1" changeset="175931138" timestamp="2025-12-14T18:59:08Z" user="susaanna" uid="23188359" lat="-0.3187062" lon="-78.4429831"/>
 <node id="13376405415" visible="true" version="1" changeset="175931138" timestamp="2025-12-14T18:59:08Z" user="susaanna" uid="23188359" lat="-0.3187165" lon="-78.4429644"/>
 <node id="13376405416" visible="true" version="1" changeset="175931138" timestamp="2025-12-14T18:59:08Z" user="susaanna" uid="23188359" lat="-0.3191793" lon="-78.4430019"/>
 <node id="13376405417" visible="true" version="1" changeset="175931138" timestamp="2025-12-14T18:59:08Z" user="susaanna" uid="23188359" lat="-0.3191474" lon="-78.4433960"/>
 <node id="13376405418" visible="true" version="1" changeset="175931138" timestamp="2025-12-14T18:59:08Z" user="susaanna" uid="23188359" lat="-0.3191297" lon="-78.4433946"/>
 <node id="13376405419" visible="true" version="1" changeset="175931138" timestamp="2025-12-14T18:59:08Z" user="susaanna" uid="23188359" lat="-0.3191285" lon="-78.4434085"/>
 <node id="13376405420" visible="true" version="1" changeset="175931138" timestamp="2025-12-14T18:59:08Z" user="susaanna" uid="23188359" lat="-0.3190377" lon="-78.4434007"/>
 <node id="13376405421" visible="true" version="1" changeset="175931138" timestamp="2025-12-14T18:59:08Z" user="susaanna" uid="23188359" lat="-0.3190389" lon="-78.4433871"/>
 <node id="13376405422" visible="true" version="1" changeset="175931138" timestamp="2025-12-14T18:59:08Z" user="susaanna" uid="23188359" lat="-0.3187772" lon="-78.4433638"/>
 <node id="13376405423" visible="true" version="1" changeset="175931138" timestamp="2025-12-14T18:59:08Z" user="susaanna" uid="23188359" lat="-0.3187760" lon="-78.4433762"/>
 <node id="13376405424" visible="true" version="1" changeset="175931138" timestamp="2025-12-14T18:59:08Z" user="susaanna" uid="23188359" lat="-0.3185905" lon="-78.4430252"/>
 <node id="13376405425" visible="true" version="1" changeset="175931138" timestamp="2025-12-14T18:59:08Z" user="susaanna" uid="23188359" lat="-0.3186913" lon="-78.4430349"/>
 <node id="13376405426" visible="true" version="1" changeset="175931138" timestamp="2025-12-14T18:59:08Z" user="susaanna" uid="23188359" lat="-0.3186964" lon="-78.4429811"/>
 <node id="13376405427" visible="true" version="1" changeset="175931138" timestamp="2025-12-14T18:59:08Z" user="susaanna" uid="23188359" lat="-0.3186714" lon="-78.4429787"/>
 <node id="13376405428" visible="true" version="1" changeset="175931138" timestamp="2025-12-14T18:59:08Z" user="susaanna" uid="23188359" lat="-0.3186729" lon="-78.4429637"/>
 <node id="13376405429" visible="true" version="1" changeset="175931138" timestamp="2025-12-14T18:59:08Z" user="susaanna" uid="23188359" lat="-0.3186289" lon="-78.4429595"/>
 <node id="13376405430" visible="true" version="1" changeset="175931138" timestamp="2025-12-14T18:59:08Z" user="susaanna" uid="23188359" lat="-0.3186272" lon="-78.4429776"/>
 <node id="13376405431" visible="true" version="1" changeset="175931138" timestamp="2025-12-14T18:59:08Z" user="susaanna" uid="23188359" lat="-0.3185954" lon="-78.4429745"/>
 <node id="13376405432" visible="true" version="1" changeset="175931138" timestamp="2025-12-14T18:59:08Z" user="susaanna" uid="23188359" lat="-0.3186076" lon="-78.4428307"/>
 <node id="13376405433" visible="true" version="1" changeset="175931138" timestamp="2025-12-14T18:59:08Z" user="susaanna" uid="23188359" lat="-0.3186105" lon="-78.4428029"/>
 <node id="13376405434" visible="true" version="1" changeset="175931138" timestamp="2025-12-14T18:59:08Z" user="susaanna" uid="23188359" lat="-0.3186654" lon="-78.4428087"/>
 <node id="13376405435" visible="true" version="1" changeset="175931138" timestamp="2025-12-14T18:59:08Z" user="susaanna" uid="23188359" lat="-0.3186624" lon="-78.4428365"/>
 <node id="13376405436" visible="true" version="1" changeset="175931138" timestamp="2025-12-14T18:59:08Z" user="susaanna" uid="23188359" lat="-0.3192045" lon="-78.4428498"/>
 <node id="13376405437" visible="true" version="1" changeset="175931138" timestamp="2025-12-14T18:59:08Z" user="susaanna" uid="23188359" lat="-0.3192062" lon="-78.4428225"/>
 <node id="13376405438" visible="true" version="1" changeset="175931138" timestamp="2025-12-14T18:59:08Z" user="susaanna" uid="23188359" lat="-0.3192394" lon="-78.4428246"/>
 <node id="13376405439" visible="true" version="1" changeset="175931138" timestamp="2025-12-14T18:59:08Z" user="susaanna" uid="23188359" lat="-0.3192376" lon="-78.4428519"/>
 <node id="13376438316" visible="true" version="1" changeset="175931267" timestamp="2025-12-14T19:03:41Z" user="susaanna" uid="23188359" lat="-0.3191092" lon="-78.4454491"/>
 <node id="13376438317" visible="true" version="1" changeset="175931267" timestamp="2025-12-14T19:03:41Z" user="susaanna" uid="23188359" lat="-0.3190340" lon="-78.4454349"/>
 <node id="13376438318" visible="true" version="1" changeset="175931267" timestamp="2025-12-14T19:03:41Z" user="susaanna" uid="23188359" lat="-0.3190546" lon="-78.4453259"/>
 <node id="13376438319" visible="true" version="1" changeset="175931267" timestamp="2025-12-14T19:03:41Z" user="susaanna" uid="23188359" lat="-0.3190770" lon="-78.4453301"/>
 <node id="13376438320" visible="true" version="1" changeset="175931267" timestamp="2025-12-14T19:03:41Z" user="susaanna" uid="23188359" lat="-0.3190956" lon="-78.4452313"/>
 <node id="13376438321" visible="true" version="1" changeset="175931267" timestamp="2025-12-14T19:03:41Z" user="susaanna" uid="23188359" lat="-0.3191557" lon="-78.4452427"/>
 <node id="13376438322" visible="true" version="1" changeset="175931267" timestamp="2025-12-14T19:03:41Z" user="susaanna" uid="23188359" lat="-0.3189562" lon="-78.4440497"/>
 <node id="13376438323" visible="true" version="1" changeset="175931267" timestamp="2025-12-14T19:03:41Z" user="susaanna" uid="23188359" lat="-0.3189667" lon="-78.4438632"/>
 <node id="13376438324" visible="true" version="1" changeset="175931267" timestamp="2025-12-14T19:03:41Z" user="susaanna" uid="23188359" lat="-0.3190343" lon="-78.4438670"/>
 <node id="13376438325" visible="true" version="1" changeset="175931267" timestamp="2025-12-14T19:03:41Z" user="susaanna" uid="23188359" lat="-0.3190329" lon="-78.4438933"/>
 <node id="13376438326" visible="true" version="1" changeset="175931267" timestamp="2025-12-14T19:03:41Z" user="susaanna" uid="23188359" lat="-0.3192675" lon="-78.4439065"/>
 <node id="13376438327" visible="true" version="1" changeset="175931267" timestamp="2025-12-14T19:03:41Z" user="susaanna" uid="23188359" lat="-0.3192584" lon="-78.4440667"/>
 <node id="13376438468" visible="true" version="1" changeset="175931811" timestamp="2025-12-14T19:19:54Z" user="susaanna" uid="23188359" lat="-0.3192222" lon="-78.4456924"/>
 <node id="13376438469" visible="true" version="1" changeset="175931811" timestamp="2025-12-14T19:19:54Z" user="susaanna" uid="23188359" lat="-0.3192276" lon="-78.4456629"/>
 <node id="13376438470" visible="true" version="1" changeset="175931811" timestamp="2025-12-14T19:19:54Z" user="susaanna" uid="23188359" lat="-0.3192641" lon="-78.4456695"/>
 <node id="13376438471" visible="true" version="1" changeset="175931811" timestamp="2025-12-14T19:19:54Z" user="susaanna" uid="23188359" lat="-0.3192587" lon="-78.4456991"/>
 <node id="13376438472" visible="true" version="1" changeset="175931811" timestamp="2025-12-14T19:19:54Z" user="susaanna" uid="23188359" lat="-0.3192979" lon="-78.4457027"/>
 <node id="13376438473" visible="true" version="1" changeset="175931811" timestamp="2025-12-14T19:19:54Z" user="susaanna" uid="23188359" lat="-0.3193008" lon="-78.4456737"/>
 <node id="13376438474" visible="true" version="1" changeset="175931811" timestamp="2025-12-14T19:19:54Z" user="susaanna" uid="23188359" lat="-0.3193574" lon="-78.4456794"/>
 <node id="13376438475" visible="true" version="1" changeset="175931811" timestamp="2025-12-14T19:19:54Z" user="susaanna" uid="23188359" lat="-0.3193545" lon="-78.4457084"/>
 <node id="13376438476" visible="true" version="1" changeset="175931811" timestamp="2025-12-14T19:19:54Z" user="susaanna" uid="23188359" lat="-0.3180368" lon="-78.4468732"/>
 <node id="13376438477" visible="true" version="1" changeset="175931811" timestamp="2025-12-14T19:19:54Z" user="susaanna" uid="23188359" lat="-0.3181473" lon="-78.4472407"/>
 <node id="13376438478" visible="true" version="1" changeset="175931811" timestamp="2025-12-14T19:19:54Z" user="susaanna" uid="23188359" lat="-0.3181392" lon="-78.4472561"/>
 <node id="13376438479" visible="true" version="1" changeset="175931811" timestamp="2025-12-14T19:19:54Z" user="susaanna" uid="23188359" lat="-0.3185984" lon="-78.4474621"/>
 <node id="13376438480" visible="true" version="1" changeset="175931811" timestamp="2025-12-14T19:19:54Z" user="susaanna" uid="23188359" lat="-0.3187534" lon="-78.4476793"/>
 <node id="13376438481" visible="true" version="1" changeset="175931811" timestamp="2025-12-14T19:19:54Z" user="susaanna" uid="23188359" lat="-0.3187864" lon="-78.4476619"/>
 <node id="13376438482" visible="true" version="1" changeset="175931811" timestamp="2025-12-14T19:19:54Z" user="susaanna" uid="23188359" lat="-0.3189932" lon="-78.4476223"/>
 <node id="13376438483" visible="true" version="1" changeset="175931811" timestamp="2025-12-14T19:19:54Z" user="susaanna" uid="23188359" lat="-0.3190193" lon="-78.4475790"/>
 <node id="13376438484" visible="true" version="1" changeset="175931811" timestamp="2025-12-14T19:19:54Z" user="susaanna" uid="23188359" lat="-0.3190050" lon="-78.4476109"/>
 <node id="13376438485" visible="true" version="1" changeset="175931811" timestamp="2025-12-14T19:19:54Z" user="susaanna" uid="23188359" lat="-0.3190064" lon="-78.4475507"/>
 <node id="13376438486" visible="true" version="1" changeset="175931811" timestamp="2025-12-14T19:19:54Z" user="susaanna" uid="23188359" lat="-0.3190153" lon="-78.4475435"/>
 <node id="13376438487" visible="true" version="1" changeset="175931811" timestamp="2025-12-14T19:19:54Z" user="susaanna" uid="23188359" lat="-0.3190335" lon="-78.4475021"/>
 <node id="13376438488" visible="true" version="1" changeset="175931811" timestamp="2025-12-14T19:19:54Z" user="susaanna" uid="23188359" lat="-0.3189629" lon="-78.4472620"/>
 <node id="13376438489" visible="true" version="1" changeset="175931811" timestamp="2025-12-14T19:19:54Z" user="susaanna" uid="23188359" lat="-0.3191034" lon="-78.4472958"/>
 <node id="13376438490" visible="true" version="1" changeset="175931811" timestamp="2025-12-14T19:19:54Z" user="susaanna" uid="23188359" lat="-0.3192058" lon="-78.4468700"/>
 <node id="13376438491" visible="true" version="1" changeset="175931811" timestamp="2025-12-14T19:19:54Z" user="susaanna" uid="23188359" lat="-0.3191627" lon="-78.4468597"/>
 <node id="13376438492" visible="true" version="1" changeset="175931811" timestamp="2025-12-14T19:19:54Z" user="susaanna" uid="23188359" lat="-0.3191363" lon="-78.4466068"/>
 <node id="13376438493" visible="true" version="1" changeset="175931811" timestamp="2025-12-14T19:19:54Z" user="susaanna" uid="23188359" lat="-0.3189517" lon="-78.4463612"/>
 <node id="13376438494" visible="true" version="1" changeset="175931811" timestamp="2025-12-14T19:19:54Z" user="susaanna" uid="23188359" lat="-0.3189166" lon="-78.4464733"/>
 <node id="13376438495" visible="true" version="1" changeset="175931811" timestamp="2025-12-14T19:19:54Z" user="susaanna" uid="23188359" lat="-0.3188959" lon="-78.4464668"/>
 <node id="13376438496" visible="true" version="1" changeset="175931811" timestamp="2025-12-14T19:19:54Z" user="susaanna" uid="23188359" lat="-0.3188299" lon="-78.4466781"/>
 <node id="13376438497" visible="true" version="1" changeset="175931811" timestamp="2025-12-14T19:19:54Z" user="susaanna" uid="23188359" lat="-0.3187998" lon="-78.4468292"/>
 <node id="13376438498" visible="true" version="1" changeset="175931811" timestamp="2025-12-14T19:19:54Z" user="susaanna" uid="23188359" lat="-0.3185587" lon="-78.4469756"/>
 <node id="13376438499" visible="true" version="1" changeset="175931811" timestamp="2025-12-14T19:19:54Z" user="susaanna" uid="23188359" lat="-0.3183587" lon="-78.4470086"/>
 <node id="13376438500" visible="true" version="1" changeset="175931811" timestamp="2025-12-14T19:19:54Z" user="susaanna" uid="23188359" lat="-0.3183824" lon="-78.4469601"/>
 <node id="13376476801" visible="true" version="1" changeset="175931811" timestamp="2025-12-14T19:19:54Z" user="susaanna" uid="23188359" lat="-0.3191928" lon="-78.4468166"/>
 <node id="13376476802" visible="true" version="1" changeset="175931811" timestamp="2025-12-14T19:19:54Z" user="susaanna" uid="23188359" lat="-0.3191537" lon="-78.4465191"/>
 <node id="13376476803" visible="true" version="1" changeset="175931811" timestamp="2025-12-14T19:19:54Z" user="susaanna" uid="23188359" lat="-0.3185761" lon="-78.4473712"/>
 <node id="13376476804" visible="true" version="1" changeset="175931811" timestamp="2025-12-14T19:19:54Z" user="susaanna" uid="23188359" lat="-0.3185833" lon="-78.4473751"/>
 <node id="13376476805" visible="true" version="1" changeset="175931811" timestamp="2025-12-14T19:19:54Z" user="susaanna" uid="23188359" lat="-0.3185506" lon="-78.4474368"/>
 <node id="13376476806" visible="true" version="1" changeset="175931811" timestamp="2025-12-14T19:19:54Z" user="susaanna" uid="23188359" lat="-0.3186305" lon="-78.4474453"/>
 <node id="13376476807" visible="true" version="1" changeset="175931811" timestamp="2025-12-14T19:19:54Z" user="susaanna" uid="23188359" lat="-0.3188750" lon="-78.4477301"/>
 <node id="13376476808" visible="true" version="1" changeset="175931811" timestamp="2025-12-14T19:19:54Z" user="susaanna" uid="23188359" lat="-0.3190150" lon="-78.4476613"/>
 <node id="13376476809" visible="true" version="1" changeset="175931811" timestamp="2025-12-14T19:19:54Z" user="susaanna" uid="23188359" lat="-0.3190509" lon="-78.4477344"/>
 <node id="13376476810" visible="true" version="1" changeset="175931811" timestamp="2025-12-14T19:19:54Z" user="susaanna" uid="23188359" lat="-0.3189108" lon="-78.4478031"/>
 <node id="13376476811" visible="true" version="1" changeset="175931811" timestamp="2025-12-14T19:19:54Z" user="susaanna" uid="23188359" lat="-0.3190903" lon="-78.4475758"/>
 <node id="13376476812" visible="true" version="1" changeset="175931811" timestamp="2025-12-14T19:19:54Z" user="susaanna" uid="23188359" lat="-0.3191034" lon="-78.4474581"/>
 <node id="13376476813" visible="true" version="1" changeset="175931811" timestamp="2025-12-14T19:19:54Z" user="susaanna" uid="23188359" lat="-0.3191173" lon="-78.4474597"/>
 <node id="13376476814" visible="true" version="1" changeset="175931811" timestamp="2025-12-14T19:19:54Z" user="susaanna" uid="23188359" lat="-0.3191186" lon="-78.4474485"/>
 <node id="13376476815" visible="true" version="1" changeset="175931811" timestamp="2025-12-14T19:19:54Z" user="susaanna" uid="23188359" lat="-0.3191789" lon="-78.4474552"/>
 <node id="13376476816" visible="true" version="1" changeset="175931811" timestamp="2025-12-14T19:19:54Z" user="susaanna" uid="23188359" lat="-0.3191713" lon="-78.4475238"/>
 <node id="13376476817" visible="true" version="1" changeset="175931811" timestamp="2025-12-14T19:19:54Z" user="susaanna" uid="23188359" lat="-0.3191946" lon="-78.4475263"/>
 <node id="13376476818" visible="true" version="1" changeset="175931811" timestamp="2025-12-14T19:19:54Z" user="susaanna" uid="23188359" lat="-0.3191879" lon="-78.4475867"/>
 <node id="13376856822" visible="true" version="1" changeset="175938339" timestamp="2025-12-14T23:22:34Z" user="susaanna" uid="23188359" lat="-0.3179743" lon="-78.4445100"/>
 <node id="13376856823" visible="true" version="1" changeset="175938339" timestamp="2025-12-14T23:22:34Z" user="susaanna" uid="23188359" lat="-0.3179758" lon="-78.4444290"/>
 <node id="13376856824" visible="true" version="1" changeset="175938339" timestamp="2025-12-14T23:22:34Z" user="susaanna" uid="23188359" lat="-0.3181324" lon="-78.4444320"/>
 <node id="13376856825" visible="true" version="1" changeset="175938339" timestamp="2025-12-14T23:22:34Z" user="susaanna" uid="23188359" lat="-0.3181309" lon="-78.4445129"/>
 <node id="13376856826" visible="true" version="1" changeset="175938339" timestamp="2025-12-14T23:22:34Z" user="susaanna" uid="23188359" lat="-0.3181336" lon="-78.4443776"/>
 <node id="13376856827" visible="true" version="1" changeset="175938339" timestamp="2025-12-14T23:22:34Z" user="susaanna" uid="23188359" lat="-0.3181326" lon="-78.4443473"/>
 <node id="13376856828" visible="true" version="1" changeset="175938339" timestamp="2025-12-14T23:22:34Z" user="susaanna" uid="23188359" lat="-0.3181414" lon="-78.4443470"/>
 <node id="13376856829" visible="true" version="1" changeset="175938339" timestamp="2025-12-14T23:22:34Z" user="susaanna" uid="23188359" lat="-0.3181409" lon="-78.4443334"/>
 <node id="13376856830" visible="true" version="1" changeset="175938339" timestamp="2025-12-14T23:22:34Z" user="susaanna" uid="23188359" lat="-0.3181799" lon="-78.4443321"/>
 <node id="13376856831" visible="true" version="1" changeset="175938339" timestamp="2025-12-14T23:22:34Z" user="susaanna" uid="23188359" lat="-0.3181814" lon="-78.4443760"/>
 <node id="13376856832" visible="true" version="1" changeset="175938339" timestamp="2025-12-14T23:22:34Z" user="susaanna" uid="23188359" lat="-0.3181309" lon="-78.4444130"/>
 <node id="13376856833" visible="true" version="1" changeset="175938339" timestamp="2025-12-14T23:22:34Z" user="susaanna" uid="23188359" lat="-0.3181667" lon="-78.4447287"/>
 <node id="13376856834" visible="true" version="1" changeset="175938339" timestamp="2025-12-14T23:22:34Z" user="susaanna" uid="23188359" lat="-0.3182178" lon="-78.4447229"/>
 <node id="13376856835" visible="true" version="1" changeset="175938339" timestamp="2025-12-14T23:22:34Z" user="susaanna" uid="23188359" lat="-0.3181820" lon="-78.4444072"/>
 <node id="13376856836" visible="true" version="1" changeset="175938339" timestamp="2025-12-14T23:22:34Z" user="susaanna" uid="23188359" lat="-0.3179967" lon="-78.4448043"/>
 <node id="13376856837" visible="true" version="1" changeset="175938339" timestamp="2025-12-14T23:22:34Z" user="susaanna" uid="23188359" lat="-0.3180190" lon="-78.4446779"/>
 <node id="13376856838" visible="true" version="1" changeset="175938339" timestamp="2025-12-14T23:22:34Z" user="susaanna" uid="23188359" lat="-0.3180647" lon="-78.4446859"/>
 <node id="13376856839" visible="true" version="1" changeset="175938339" timestamp="2025-12-14T23:22:34Z" user="susaanna" uid="23188359" lat="-0.3180425" lon="-78.4448123"/>
 <node id="13376856840" visible="true" version="2" changeset="176740694" timestamp="2026-01-02T12:25:22Z" user="piligab" uid="3877019" lat="-0.3171845" lon="-78.4441555"/>
 <node id="13376856841" visible="true" version="2" changeset="176740694" timestamp="2026-01-02T12:25:22Z" user="piligab" uid="3877019" lat="-0.3171868" lon="-78.4441316"/>
 <node id="13376856842" visible="true" version="2" changeset="176740694" timestamp="2026-01-02T12:25:22Z" user="piligab" uid="3877019" lat="-0.3171949" lon="-78.4441324"/>
 <node id="13376856843" visible="true" version="2" changeset="176740694" timestamp="2026-01-02T12:25:22Z" user="piligab" uid="3877019" lat="-0.3171964" lon="-78.4441177"/>
 <node id="13376856844" visible="true" version="2" changeset="176740694" timestamp="2026-01-02T12:25:22Z" user="piligab" uid="3877019" lat="-0.3172551" lon="-78.4441234"/>
 <node id="13376856845" visible="true" version="2" changeset="176740694" timestamp="2026-01-02T12:25:22Z" user="piligab" uid="3877019" lat="-0.3172504" lon="-78.4441711"/>
 <node id="13376856846" visible="true" version="2" changeset="176740694" timestamp="2026-01-02T12:25:22Z" user="piligab" uid="3877019" lat="-0.3171906" lon="-78.4441652"/>
 <node id="13376856847" visible="true" version="2" changeset="176740694" timestamp="2026-01-02T12:25:22Z" user="piligab" uid="3877019" lat="-0.3171915" lon="-78.4441562"/>
 <node id="13376856848" visible="true" version="1" changeset="175938339" timestamp="2025-12-14T23:22:34Z" user="susaanna" uid="23188359" lat="-0.3172522" lon="-78.4441209"/>
 <node id="13376856849" visible="true" version="1" changeset="175938339" timestamp="2025-12-14T23:22:34Z" user="susaanna" uid="23188359" lat="-0.3172532" lon="-78.4440981"/>
 <node id="13376856850" visible="true" version="1" changeset="175938339" timestamp="2025-12-14T23:22:34Z" user="susaanna" uid="23188359" lat="-0.3172644" lon="-78.4440985"/>
 <node id="13376856851" visible="true" version="1" changeset="175938339" timestamp="2025-12-14T23:22:34Z" user="susaanna" uid="23188359" lat="-0.3172634" lon="-78.4441214"/>
 <node id="13376857181" visible="true" version="1" changeset="175938806" timestamp="2025-12-14T23:52:03Z" user="susaanna" uid="23188359" lat="-0.3166211" lon="-78.4447324"/>
 <node id="13376857182" visible="true" version="1" changeset="175938806" timestamp="2025-12-14T23:52:03Z" user="susaanna" uid="23188359" lat="-0.3167179" lon="-78.4447398"/>
 <node id="13376857183" visible="true" version="1" changeset="175938806" timestamp="2025-12-14T23:52:03Z" user="susaanna" uid="23188359" lat="-0.3167219" lon="-78.4446859"/>
 <node id="13376857184" visible="true" version="1" changeset="175938806" timestamp="2025-12-14T23:52:03Z" user="susaanna" uid="23188359" lat="-0.3166251" lon="-78.4446787"/>
 <node id="13376898843" visible="true" version="2" changeset="176740819" timestamp="2026-01-02T12:28:10Z" user="piligab" uid="3877019" lat="-0.3172695" lon="-78.4428837"/>
 <node id="13376898844" visible="true" version="2" changeset="176740819" timestamp="2026-01-02T12:28:10Z" user="piligab" uid="3877019" lat="-0.3172245" lon="-78.4428818"/>
 <node id="13376898845" visible="true" version="2" changeset="176740819" timestamp="2026-01-02T12:28:10Z" user="piligab" uid="3877019" lat="-0.3172241" lon="-78.4428916"/>
 <node id="13376898846" visible="true" version="2" changeset="176740819" timestamp="2026-01-02T12:28:10Z" user="piligab" uid="3877019" lat="-0.3171652" lon="-78.4428891"/>
 <node id="13376898847" visible="true" version="2" changeset="176740819" timestamp="2026-01-02T12:28:10Z" user="piligab" uid="3877019" lat="-0.3171657" lon="-78.4428766"/>
 <node id="13376898848" visible="true" version="2" changeset="176740819" timestamp="2026-01-02T12:28:10Z" user="piligab" uid="3877019" lat="-0.3171101" lon="-78.4428744"/>
 <node id="13376898850" visible="true" version="2" changeset="176740819" timestamp="2026-01-02T12:28:10Z" user="piligab" uid="3877019" lat="-0.3172705" lon="-78.4428595"/>
 <node id="13376898851" visible="true" version="2" changeset="176740819" timestamp="2026-01-02T12:28:10Z" user="piligab" uid="3877019" lat="-0.3171078" lon="-78.4428528"/>
 <node id="13376898852" visible="true" version="2" changeset="176740819" timestamp="2026-01-02T12:28:10Z" user="piligab" uid="3877019" lat="-0.3171112" lon="-78.4427688"/>
 <node id="13376898853" visible="true" version="2" changeset="176740819" timestamp="2026-01-02T12:28:10Z" user="piligab" uid="3877019" lat="-0.3163620" lon="-78.4429775"/>
 <node id="13376898854" visible="true" version="2" changeset="176740819" timestamp="2026-01-02T12:28:10Z" user="piligab" uid="3877019" lat="-0.3163025" lon="-78.4429750"/>
 <node id="13376898855" visible="true" version="2" changeset="176740819" timestamp="2026-01-02T12:28:10Z" user="piligab" uid="3877019" lat="-0.3163053" lon="-78.4429053"/>
 <node id="13376898856" visible="true" version="2" changeset="176740819" timestamp="2026-01-02T12:28:10Z" user="piligab" uid="3877019" lat="-0.3163620" lon="-78.4429076"/>
 <node id="13376898858" visible="true" version="1" changeset="175938787" timestamp="2025-12-14T23:51:00Z" user="susaanna" uid="23188359" lat="-0.3171907" lon="-78.4434651"/>
 <node id="13376898859" visible="true" version="1" changeset="175938787" timestamp="2025-12-14T23:51:00Z" user="susaanna" uid="23188359" lat="-0.3172250" lon="-78.4434658"/>
 <node id="13376898860" visible="true" version="1" changeset="175938787" timestamp="2025-12-14T23:51:00Z" user="susaanna" uid="23188359" lat="-0.3172259" lon="-78.4434241"/>
 <node id="13376898861" visible="true" version="1" changeset="175938787" timestamp="2025-12-14T23:51:00Z" user="susaanna" uid="23188359" lat="-0.3171917" lon="-78.4434233"/>
 <node id="13376908223" visible="true" version="2" changeset="176740666" timestamp="2026-01-02T12:24:35Z" user="piligab" uid="3877019" lat="-0.3158316" lon="-78.4468202"/>
 <node id="13376908224" visible="true" version="2" changeset="176740666" timestamp="2026-01-02T12:24:35Z" user="piligab" uid="3877019" lat="-0.3158406" lon="-78.4467399"/>
 <node id="13376908225" visible="true" version="2" changeset="176740666" timestamp="2026-01-02T12:24:35Z" user="piligab" uid="3877019" lat="-0.3160098" lon="-78.4467589"/>
 <node id="13376908226" visible="true" version="2" changeset="176740666" timestamp="2026-01-02T12:24:35Z" user="piligab" uid="3877019" lat="-0.3160008" lon="-78.4468392"/>
 <node id="13376908227" visible="true" version="1" changeset="175938886" timestamp="2025-12-14T23:56:25Z" user="susaanna" uid="23188359" lat="-0.3160016" lon="-78.4467440"/>
 <node id="13376908228" visible="true" version="1" changeset="175938886" timestamp="2025-12-14T23:56:25Z" user="susaanna" uid="23188359" lat="-0.3158541" lon="-78.4467298"/>
 <node id="13376908229" visible="true" version="1" changeset="175938886" timestamp="2025-12-14T23:56:25Z" user="susaanna" uid="23188359" lat="-0.3157898" lon="-78.4467698"/>
 <node id="13376909055" visible="true" version="1" changeset="175938470" timestamp="2025-12-14T23:30:05Z" user="susaanna" uid="23188359" lat="-0.3177849" lon="-78.4443609"/>
 <node id="13376909056" visible="true" version="1" changeset="175938470" timestamp="2025-12-14T23:30:05Z" user="susaanna" uid="23188359" lat="-0.3177805" lon="-78.4444783"/>
 <node id="13376909057" visible="true" version="1" changeset="175938470" timestamp="2025-12-14T23:30:05Z" user="susaanna" uid="23188359" lat="-0.3174830" lon="-78.4442068"/>
 <node id="13376909058" visible="true" version="1" changeset="175938470" timestamp="2025-12-14T23:30:05Z" user="susaanna" uid="23188359" lat="-0.3174440" lon="-78.4442053"/>
 <node id="13376909059" visible="true" version="1" changeset="175938470" timestamp="2025-12-14T23:30:05Z" user="susaanna" uid="23188359" lat="-0.3174476" lon="-78.4441079"/>
 <node id="13376910275" visible="true" version="1" changeset="175938348" timestamp="2025-12-14T23:23:01Z" user="susaanna" uid="23188359" lat="-0.3182322" lon="-78.4451347"/>
 <node id="13376910276" visible="true" version="1" changeset="175938348" timestamp="2025-12-14T23:23:01Z" user="susaanna" uid="23188359" lat="-0.3182423" lon="-78.4450853"/>
 <node id="13376910277" visible="true" version="1" changeset="175938348" timestamp="2025-12-14T23:23:01Z" user="susaanna" uid="23188359" lat="-0.3182793" lon="-78.4450928"/>
 <node id="13376910278" visible="true" version="1" changeset="175938348" timestamp="2025-12-14T23:23:01Z" user="susaanna" uid="23188359" lat="-0.3182693" lon="-78.4451423"/>
 <node id="13376912348" visible="true" version="1" changeset="175938595" timestamp="2025-12-14T23:38:09Z" user="susaanna" uid="23188359" lat="-0.3184261" lon="-78.4430965"/>
 <node id="13376912349" visible="true" version="1" changeset="175938595" timestamp="2025-12-14T23:38:09Z" user="susaanna" uid="23188359" lat="-0.3184293" lon="-78.4430647"/>
 <node id="13376912350" visible="true" version="1" changeset="175938595" timestamp="2025-12-14T23:38:09Z" user="susaanna" uid="23188359" lat="-0.3184628" lon="-78.4430681"/>
 <node id="13376912351" visible="true" version="1" changeset="175938595" timestamp="2025-12-14T23:38:09Z" user="susaanna" uid="23188359" lat="-0.3184596" lon="-78.4430999"/>
 <node id="13376912352" visible="true" version="2" changeset="176740819" timestamp="2026-01-02T12:28:10Z" user="piligab" uid="3877019" lat="-0.3175899" lon="-78.4430403"/>
 <node id="13376912354" visible="true" version="2" changeset="176740819" timestamp="2026-01-02T12:28:10Z" user="piligab" uid="3877019" lat="-0.3180153" lon="-78.4430148"/>
 <node id="13376912355" visible="true" version="2" changeset="176740819" timestamp="2026-01-02T12:28:10Z" user="piligab" uid="3877019" lat="-0.3180670" lon="-78.4430167"/>
 <node id="13376912356" visible="true" version="2" changeset="176740819" timestamp="2026-01-02T12:28:10Z" user="piligab" uid="3877019" lat="-0.3180711" lon="-78.4429011"/>
 <node id="13376912359" visible="true" version="2" changeset="176740819" timestamp="2026-01-02T12:28:10Z" user="piligab" uid="3877019" lat="-0.3176664" lon="-78.4428440"/>
 <node id="13376912360" visible="true" version="2" changeset="176740819" timestamp="2026-01-02T12:28:10Z" user="piligab" uid="3877019" lat="-0.3176104" lon="-78.4428343"/>
 <node id="13376912361" visible="true" version="1" changeset="175938595" timestamp="2025-12-14T23:38:09Z" user="susaanna" uid="23188359" lat="-0.3178874" lon="-78.4427093"/>
 <node id="13376912362" visible="true" version="1" changeset="175938595" timestamp="2025-12-14T23:38:09Z" user="susaanna" uid="23188359" lat="-0.3179300" lon="-78.4426705"/>
 <node id="13376912363" visible="true" version="1" changeset="175938595" timestamp="2025-12-14T23:38:09Z" user="susaanna" uid="23188359" lat="-0.3180037" lon="-78.4426746"/>
 <node id="13376912364" visible="true" version="1" changeset="175938595" timestamp="2025-12-14T23:38:09Z" user="susaanna" uid="23188359" lat="-0.3180427" lon="-78.4427173"/>
 <node id="13376912365" visible="true" version="1" changeset="175938595" timestamp="2025-12-14T23:38:09Z" user="susaanna" uid="23188359" lat="-0.3180079" lon="-78.4427490"/>
 <node id="13376912366" visible="true" version="1" changeset="175938595" timestamp="2025-12-14T23:38:09Z" user="susaanna" uid="23188359" lat="-0.3180211" lon="-78.4427741"/>
 <node id="13376912367" visible="true" version="1" changeset="175938595" timestamp="2025-12-14T23:38:09Z" user="susaanna" uid="23188359" lat="-0.3180194" lon="-78.4428025"/>
 <node id="13376912368" visible="true" version="1" changeset="175938595" timestamp="2025-12-14T23:38:09Z" user="susaanna" uid="23188359" lat="-0.3180336" lon="-78.4428034"/>
 <node id="13376912369" visible="true" version="1" changeset="175938595" timestamp="2025-12-14T23:38:09Z" user="susaanna" uid="23188359" lat="-0.3180295" lon="-78.4428734"/>
 <node id="13376912370" visible="true" version="1" changeset="175938595" timestamp="2025-12-14T23:38:09Z" user="susaanna" uid="23188359" lat="-0.3179189" lon="-78.4428669"/>
 <node id="13376912371" visible="true" version="1" changeset="175938595" timestamp="2025-12-14T23:38:09Z" user="susaanna" uid="23188359" lat="-0.3179238" lon="-78.4427859"/>
 <node id="13376912372" visible="true" version="1" changeset="175938595" timestamp="2025-12-14T23:38:09Z" user="susaanna" uid="23188359" lat="-0.3179154" lon="-78.4427768"/>
 <node id="13376912373" visible="true" version="1" changeset="175938595" timestamp="2025-12-14T23:38:09Z" user="susaanna" uid="23188359" lat="-0.3179154" lon="-78.4427400"/>
 <node id="13376912374" visible="true" version="1" changeset="175938595" timestamp="2025-12-14T23:38:09Z" user="susaanna" uid="23188359" lat="-0.3180064" lon="-78.4433609"/>
 <node id="13376912375" visible="true" version="1" changeset="175938595" timestamp="2025-12-14T23:38:09Z" user="susaanna" uid="23188359" lat="-0.3180125" lon="-78.4431553"/>
 <node id="13376912376" visible="true" version="1" changeset="175938595" timestamp="2025-12-14T23:38:09Z" user="susaanna" uid="23188359" lat="-0.3181052" lon="-78.4431580"/>
 <node id="13376912377" visible="true" version="1" changeset="175938595" timestamp="2025-12-14T23:38:09Z" user="susaanna" uid="23188359" lat="-0.3181048" lon="-78.4431709"/>
 <node id="13376912378" visible="true" version="1" changeset="175938595" timestamp="2025-12-14T23:38:09Z" user="susaanna" uid="23188359" lat="-0.3181450" lon="-78.4431721"/>
 <node id="13376912379" visible="true" version="1" changeset="175938595" timestamp="2025-12-14T23:38:09Z" user="susaanna" uid="23188359" lat="-0.3181436" lon="-78.4432201"/>
 <node id="13376912380" visible="true" version="1" changeset="175938595" timestamp="2025-12-14T23:38:09Z" user="susaanna" uid="23188359" lat="-0.3180995" lon="-78.4432188"/>
 <node id="13376912381" visible="true" version="1" changeset="175938595" timestamp="2025-12-14T23:38:09Z" user="susaanna" uid="23188359" lat="-0.3180953" lon="-78.4433635"/>
 <node id="13376912382" visible="true" version="1" changeset="175938595" timestamp="2025-12-14T23:38:09Z" user="susaanna" uid="23188359" lat="-0.3181533" lon="-78.4430986"/>
 <node id="13376912383" visible="true" version="1" changeset="175938595" timestamp="2025-12-14T23:38:09Z" user="susaanna" uid="23188359" lat="-0.3181544" lon="-78.4430484"/>
 <node id="13376912384" visible="true" version="1" changeset="175938595" timestamp="2025-12-14T23:38:09Z" user="susaanna" uid="23188359" lat="-0.3181824" lon="-78.4430490"/>
 <node id="13376912385" visible="true" version="1" changeset="175938595" timestamp="2025-12-14T23:38:09Z" user="susaanna" uid="23188359" lat="-0.3181813" lon="-78.4430992"/>
 <node id="13376912386" visible="true" version="1" changeset="175938595" timestamp="2025-12-14T23:38:09Z" user="susaanna" uid="23188359" lat="-0.3174215" lon="-78.4436174"/>
 <node id="13376912387" visible="true" version="1" changeset="175938595" timestamp="2025-12-14T23:38:09Z" user="susaanna" uid="23188359" lat="-0.3174640" lon="-78.4436191"/>
 <node id="13376912388" visible="true" version="1" changeset="175938595" timestamp="2025-12-14T23:38:09Z" user="susaanna" uid="23188359" lat="-0.3174653" lon="-78.4435878"/>
 <node id="13376912389" visible="true" version="1" changeset="175938595" timestamp="2025-12-14T23:38:09Z" user="susaanna" uid="23188359" lat="-0.3174228" lon="-78.4435860"/>
 <node id="13419376524" visible="true" version="1" changeset="176653397" timestamp="2025-12-31T00:58:37Z" user="susaanna" uid="23188359" lat="-0.3135259" lon="-78.4464392"/>
 <node id="13426531283" visible="true" version="1" changeset="176740694" timestamp="2026-01-02T12:25:22Z" user="piligab" uid="3877019" lat="-0.3167291" lon="-78.4446969"/>
 <node id="13426531284" visible="true" version="1" changeset="176740694" timestamp="2026-01-02T12:25:22Z" user="piligab" uid="3877019" lat="-0.3167267" lon="-78.4447300"/>
 <node id="13426531285" visible="true" version="1" changeset="176740694" timestamp="2026-01-02T12:25:22Z" user="piligab" uid="3877019" lat="-0.3167187" lon="-78.4447294"/>
 <node id="13426531286" visible="true" version="1" changeset="176740694" timestamp="2026-01-02T12:25:22Z" user="piligab" uid="3877019" lat="-0.3167211" lon="-78.4446963"/>
 <node id="13426535715" visible="true" version="1" changeset="176740632" timestamp="2026-01-02T12:23:30Z" user="piligab" uid="3877019" lat="-0.3139087" lon="-78.4455579"/>
 <node id="13426535716" visible="true" version="1" changeset="176740632" timestamp="2026-01-02T12:23:30Z" user="piligab" uid="3877019" lat="-0.3139073" lon="-78.4455726"/>
 <node id="13426535717" visible="true" version="1" changeset="176740632" timestamp="2026-01-02T12:23:30Z" user="piligab" uid="3877019" lat="-0.3135093" lon="-78.4466967"/>
 <node id="13426535718" visible="true" version="1" changeset="176740632" timestamp="2026-01-02T12:23:30Z" user="piligab" uid="3877019" lat="-0.3134986" lon="-78.4466956"/>
 <node id="13426538192" visible="true" version="1" changeset="176740819" timestamp="2026-01-02T12:28:10Z" user="piligab" uid="3877019" lat="-0.3166917" lon="-78.4428213"/>
 <node id="13426538193" visible="true" version="1" changeset="176740819" timestamp="2026-01-02T12:28:10Z" user="piligab" uid="3877019" lat="-0.3166903" lon="-78.4428562"/>
 <node id="13426538194" visible="true" version="1" changeset="176740819" timestamp="2026-01-02T12:28:10Z" user="piligab" uid="3877019" lat="-0.3171324" lon="-78.4436969"/>
 <node id="13426538195" visible="true" version="1" changeset="176740819" timestamp="2026-01-02T12:28:10Z" user="piligab" uid="3877019" lat="-0.3171318" lon="-78.4436466"/>
 <node id="13426538196" visible="true" version="1" changeset="176740819" timestamp="2026-01-02T12:28:10Z" user="piligab" uid="3877019" lat="-0.3170677" lon="-78.4436475"/>
 <node id="13426538197" visible="true" version="1" changeset="176740819" timestamp="2026-01-02T12:28:10Z" user="piligab" uid="3877019" lat="-0.3170683" lon="-78.4436978"/>
 <way id="27936229" visible="true" version="15" changeset="180027426" timestamp="2026-03-17T20:40:40Z" user="BigKev97" uid="3782655">
  <nd ref="306620538"/>
  <nd ref="306620539"/>
  <nd ref="306620540"/>
  <nd ref="306620541"/>
  <nd ref="306620542"/>
  <nd ref="306620543"/>
  <nd ref="306620548"/>
  <nd ref="306620549"/>
  <nd ref="306620550"/>
  <nd ref="306620551"/>
  <nd ref="306620552"/>
  <nd ref="306620553"/>
  <nd ref="306620554"/>
  <nd ref="306620555"/>
  <nd ref="306620556"/>
  <nd ref="306620557"/>
  <nd ref="306620558"/>
  <nd ref="2942668769"/>
  <nd ref="306620559"/>
  <nd ref="306620562"/>
  <nd ref="2942668767"/>
  <nd ref="306620563"/>
  <nd ref="306620564"/>
  <nd ref="306620565"/>
  <nd ref="306624413"/>
  <nd ref="306624418"/>
  <nd ref="306624422"/>
  <nd ref="306624426"/>
  <nd ref="2942666279"/>
  <nd ref="306624431"/>
  <nd ref="306624437"/>
  <nd ref="306624445"/>
  <nd ref="306624451"/>
  <nd ref="306624457"/>
  <nd ref="367265889"/>
  <nd ref="367265892"/>
  <nd ref="2942666250"/>
  <nd ref="367265895"/>
  <nd ref="2942666237"/>
  <nd ref="367265898"/>
  <nd ref="367265900"/>
  <nd ref="367265903"/>
  <nd ref="367265905"/>
  <nd ref="367265909"/>
  <nd ref="367265912"/>
  <nd ref="7785991242"/>
  <nd ref="367265913"/>
  <nd ref="367265916"/>
  <nd ref="12084147754"/>
  <nd ref="367265919"/>
  <nd ref="367265922"/>
  <nd ref="367265924"/>
  <nd ref="367265926"/>
  <nd ref="367265927"/>
  <nd ref="367265929"/>
  <nd ref="367265932"/>
  <nd ref="367265933"/>
  <nd ref="367265935"/>
  <nd ref="367265936"/>
  <nd ref="367265939"/>
  <nd ref="12101028442"/>
  <nd ref="367265942"/>
  <nd ref="12101028441"/>
  <nd ref="12101028440"/>
  <nd ref="306627752"/>
  <nd ref="1896978937"/>
  <nd ref="1896978935"/>
  <nd ref="306627754"/>
  <nd ref="306627756"/>
  <nd ref="306627758"/>
  <nd ref="306627759"/>
  <nd ref="306627761"/>
  <nd ref="306627764"/>
  <nd ref="306627766"/>
  <nd ref="306627768"/>
  <nd ref="306627770"/>
  <nd ref="306627772"/>
  <nd ref="2140412258"/>
  <nd ref="367265968"/>
  <nd ref="367265971"/>
  <nd ref="5952635504"/>
  <nd ref="367265974"/>
  <nd ref="5952635505"/>
  <nd ref="367265976"/>
  <nd ref="5952635506"/>
  <nd ref="5952635507"/>
  <nd ref="367265979"/>
  <nd ref="5952635508"/>
  <nd ref="5952635509"/>
  <nd ref="367265981"/>
  <nd ref="5952635510"/>
  <nd ref="367265985"/>
  <nd ref="367265988"/>
  <nd ref="5952635512"/>
  <nd ref="5952635511"/>
  <nd ref="367265991"/>
  <nd ref="5952635513"/>
  <nd ref="367265992"/>
  <nd ref="367265996"/>
  <nd ref="367265999"/>
  <nd ref="367266002"/>
  <nd ref="5952635515"/>
  <nd ref="5952635514"/>
  <nd ref="367266004"/>
  <nd ref="5952635516"/>
  <nd ref="367266006"/>
  <nd ref="5952635517"/>
  <nd ref="5952635518"/>
  <nd ref="367266010"/>
  <nd ref="5952635519"/>
  <nd ref="367266013"/>
  <nd ref="5952635520"/>
  <nd ref="5952635521"/>
  <nd ref="5952635522"/>
  <nd ref="5952635523"/>
  <nd ref="367266015"/>
  <nd ref="367266018"/>
  <nd ref="12156757284"/>
  <nd ref="367266020"/>
  <nd ref="367266021"/>
  <nd ref="12156757283"/>
  <nd ref="367266024"/>
  <nd ref="306629700"/>
  <nd ref="306629699"/>
  <nd ref="306629698"/>
  <nd ref="304161714"/>
  <nd ref="304161713"/>
  <nd ref="304161712"/>
  <nd ref="304161711"/>
  <nd ref="304161709"/>
  <nd ref="304161708"/>
  <nd ref="304161707"/>
  <nd ref="304161706"/>
  <nd ref="304161704"/>
  <nd ref="304161703"/>
  <tag k="name" v="Río Santa Clara"/>
  <tag k="source" v="Yahoo! Aerial Imagery"/>
  <tag k="waterway" v="river"/>
 </way>
 <way id="86525092" visible="true" version="8" changeset="140976889" timestamp="2023-09-08T09:01:47Z" user="MontBlanc1" uid="19895323">
  <nd ref="1005667027"/>
  <nd ref="11176219643"/>
  <nd ref="11176219640"/>
  <nd ref="11176219646"/>
  <nd ref="1856522700"/>
  <nd ref="1856522704"/>
  <nd ref="1856522707"/>
  <nd ref="1856522711"/>
  <nd ref="6350145630"/>
  <nd ref="6350145621"/>
  <nd ref="6350145629"/>
  <nd ref="6350145628"/>
  <nd ref="6350145627"/>
  <nd ref="6350145626"/>
  <nd ref="6350145625"/>
  <nd ref="6350145624"/>
  <nd ref="1005667028"/>
  <nd ref="6350145623"/>
  <nd ref="6350145622"/>
  <nd ref="6350145631"/>
  <nd ref="1856522709"/>
  <nd ref="6352257173"/>
  <nd ref="1005667029"/>
  <tag k="highway" v="residential"/>
  <tag k="name" v="Azogues"/>
  <tag k="source" v="Reconocimiento cortográfico de campo 2016 por KG"/>
  <tag k="surface" v="asphalt"/>
 </way>
 <way id="175005120" visible="true" version="7" changeset="176740632" timestamp="2026-01-02T12:23:30Z" user="piligab" uid="3877019">
  <nd ref="1856512013"/>
  <nd ref="1856512015"/>
  <nd ref="1856512016"/>
  <nd ref="13426535716"/>
  <nd ref="13426535715"/>
  <nd ref="1856512024"/>
  <nd ref="1856512023"/>
  <nd ref="1856512029"/>
  <nd ref="1856512030"/>
  <nd ref="4073788679"/>
  <nd ref="1856512028"/>
  <nd ref="1856512031"/>
  <nd ref="1856512032"/>
  <nd ref="1856512035"/>
  <nd ref="1856512036"/>
  <nd ref="1856512034"/>
  <nd ref="1856512033"/>
  <nd ref="1856512025"/>
  <nd ref="1856512026"/>
  <nd ref="1856512020"/>
  <nd ref="1856512019"/>
  <nd ref="1856512022"/>
  <nd ref="1856512021"/>
  <nd ref="1856512018"/>
  <nd ref="1856512017"/>
  <nd ref="1856512014"/>
  <nd ref="1856512013"/>
  <tag k="building" v="school"/>
  <tag k="name" v="Bloque Central"/>
 </way>
 <way id="175005121" visible="true" version="5" changeset="176740632" timestamp="2026-01-02T12:23:30Z" user="piligab" uid="3877019">
  <nd ref="1856511985"/>
  <nd ref="1856511977"/>
  <nd ref="1856511979"/>
  <nd ref="1856511989"/>
  <nd ref="1856511990"/>
  <nd ref="1856511992"/>
  <nd ref="1856511993"/>
  <nd ref="1856512002"/>
  <nd ref="1856511999"/>
  <nd ref="1856512007"/>
  <nd ref="1856512008"/>
  <nd ref="1856512005"/>
  <nd ref="1856512003"/>
  <nd ref="1856511994"/>
  <nd ref="1856511998"/>
  <nd ref="1856512004"/>
  <nd ref="1856512006"/>
  <nd ref="1856511988"/>
  <nd ref="1856511987"/>
  <nd ref="1856511983"/>
  <nd ref="1856511984"/>
  <nd ref="1856511976"/>
  <nd ref="1856511975"/>
  <nd ref="1856511980"/>
  <nd ref="1856511981"/>
  <nd ref="1856511986"/>
  <nd ref="1856511985"/>
  <tag k="building" v="university"/>
  <tag k="name" v="Bloque C y D"/>
 </way>
 <way id="175005123" visible="true" version="4" changeset="145413100" timestamp="2023-12-22T17:34:51Z" user="ErickOchoa" uid="19030383">
  <nd ref="1856511964"/>
  <nd ref="4578858850"/>
  <nd ref="1856511971"/>
  <nd ref="1856511965"/>
  <nd ref="1856511964"/>
  <tag k="building" v="university"/>
  <tag k="name" v="Laboratorio de Medio Ambiente"/>
 </way>
 <way id="175005125" visible="true" version="3" changeset="145413100" timestamp="2023-12-22T17:34:48Z" user="ErickOchoa" uid="19030383">
  <nd ref="1856511960"/>
  <nd ref="1856511968"/>
  <nd ref="1856511969"/>
  <nd ref="10919786993"/>
  <nd ref="1856511961"/>
  <nd ref="10919786995"/>
  <nd ref="10919786996"/>
  <nd ref="10919786994"/>
  <nd ref="1856511960"/>
  <tag k="building" v="university"/>
 </way>
 <way id="175005126" visible="true" version="6" changeset="176740632" timestamp="2026-01-02T12:23:30Z" user="piligab" uid="3877019">
  <nd ref="1856511991"/>
  <nd ref="1856512010"/>
  <nd ref="13426535718"/>
  <nd ref="13426535717"/>
  <nd ref="1856512012"/>
  <nd ref="1856511995"/>
  <nd ref="1856511991"/>
  <tag k="building" v="university"/>
 </way>
 <way id="175005127" visible="true" version="2" changeset="145413100" timestamp="2023-12-22T17:34:41Z" user="ErickOchoa" uid="19030383">
  <nd ref="1856511951"/>
  <nd ref="1856511957"/>
  <nd ref="1856511959"/>
  <nd ref="1856511952"/>
  <nd ref="1856511951"/>
  <tag k="building" v="university"/>
 </way>
 <way id="175005134" visible="true" version="15" changeset="154625143" timestamp="2024-07-30T22:05:31Z" user="rodolfovargas" uid="1217047">
  <nd ref="1856511972"/>
  <nd ref="1856511974"/>
  <nd ref="6336012564"/>
  <nd ref="373361919"/>
  <nd ref="1893814582"/>
  <nd ref="6336012563"/>
  <nd ref="1893814584"/>
  <nd ref="6336012562"/>
  <nd ref="373361922"/>
  <nd ref="6336012561"/>
  <nd ref="1856522482"/>
  <nd ref="373361924"/>
  <nd ref="373361927"/>
  <nd ref="6336012554"/>
  <nd ref="1893814588"/>
  <nd ref="6336012555"/>
  <nd ref="6336012550"/>
  <nd ref="1856522582"/>
  <nd ref="6336012551"/>
  <nd ref="6336012553"/>
  <nd ref="6336012552"/>
  <nd ref="373361931"/>
  <nd ref="12084024814"/>
  <nd ref="7785991243"/>
  <nd ref="373361934"/>
  <nd ref="12084024813"/>
  <nd ref="6336012547"/>
  <nd ref="6336012548"/>
  <nd ref="1893814574"/>
  <nd ref="6336012546"/>
  <nd ref="6336012545"/>
  <nd ref="373361937"/>
  <nd ref="7785991241"/>
  <nd ref="7785991240"/>
  <nd ref="373361941"/>
  <nd ref="6336012543"/>
  <nd ref="1856522658"/>
  <nd ref="6336012542"/>
  <nd ref="1856522662"/>
  <nd ref="6336012541"/>
  <nd ref="6336012540"/>
  <nd ref="373361944"/>
  <nd ref="373361947"/>
  <tag k="hgv" v="no"/>
  <tag k="highway" v="tertiary"/>
  <tag k="lanes" v="2"/>
  <tag k="maxspeed" v="50"/>
  <tag k="name" v="Avenida San Luis"/>
  <tag k="oneway" v="yes"/>
  <tag k="sidewalk" v="right"/>
  <tag k="source" v="Reconocimiento cartográfico de campo 2016 por KG."/>
  <tag k="surface" v="asphalt"/>
 </way>
 <way id="175005139" visible="true" version="13" changeset="99401669" timestamp="2021-02-16T19:20:11Z" user="Anoesis" uid="8525987">
  <nd ref="373361916"/>
  <nd ref="1856511972"/>
  <nd ref="1894016945"/>
  <nd ref="1894016957"/>
  <nd ref="1894016976"/>
  <nd ref="4289456523"/>
  <nd ref="1856511973"/>
  <nd ref="1894016943"/>
  <nd ref="1856511967"/>
  <nd ref="1894016940"/>
  <nd ref="1856511966"/>
  <nd ref="1856511963"/>
  <nd ref="1894016954"/>
  <nd ref="4289456524"/>
  <nd ref="1856511958"/>
  <nd ref="1894016931"/>
  <nd ref="1894016942"/>
  <nd ref="1856511962"/>
  <nd ref="1894016962"/>
  <nd ref="1894016944"/>
  <nd ref="373361916"/>
  <tag k="hgv" v="no"/>
  <tag k="highway" v="tertiary"/>
  <tag k="junction" v="roundabout"/>
  <tag k="lanes" v="2"/>
  <tag k="name" v="Santa Clara"/>
  <tag k="oneway" v="yes"/>
  <tag k="source" v="Reconocimiento cartográfico de campo 2016 por KG."/>
  <tag k="surface" v="asphalt"/>
 </way>
 <way id="175006652" visible="true" version="4" changeset="176740819" timestamp="2026-01-02T12:28:10Z" user="piligab" uid="3877019">
  <nd ref="1856522620"/>
  <nd ref="13376898856"/>
  <nd ref="13376898855"/>
  <nd ref="13376898854"/>
  <nd ref="13376898853"/>
  <nd ref="1856522619"/>
  <nd ref="1856522624"/>
  <nd ref="1856522625"/>
  <nd ref="1856522628"/>
  <nd ref="1856522629"/>
  <nd ref="1856522639"/>
  <nd ref="13376898848"/>
  <nd ref="13376898847"/>
  <nd ref="13376898846"/>
  <nd ref="13376898845"/>
  <nd ref="13376898844"/>
  <nd ref="13376898843"/>
  <nd ref="13376898850"/>
  <nd ref="13376898851"/>
  <nd ref="13376898852"/>
  <nd ref="1856522632"/>
  <nd ref="1856522631"/>
  <nd ref="13426538192"/>
  <nd ref="13426538193"/>
  <nd ref="1856522620"/>
  <tag k="building" v="yes"/>
  <tag k="name" v="Residencia Politécnica ESPE"/>
 </way>
 <way id="175006653" visible="true" version="4" changeset="145413100" timestamp="2023-12-22T17:35:04Z" user="ErickOchoa" uid="19030383">
  <nd ref="1856522533"/>
  <nd ref="1856522535"/>
  <nd ref="1856522539"/>
  <nd ref="1856522549"/>
  <nd ref="1856522550"/>
  <nd ref="1856522543"/>
  <nd ref="1856522554"/>
  <nd ref="1856522544"/>
  <nd ref="1856522538"/>
  <nd ref="1856522536"/>
  <nd ref="3879179765"/>
  <nd ref="3879179764"/>
  <nd ref="1856522532"/>
  <nd ref="1856522528"/>
  <nd ref="3879179763"/>
  <nd ref="1856522527"/>
  <nd ref="1856522529"/>
  <nd ref="1856522530"/>
  <nd ref="1856522531"/>
  <nd ref="1856522534"/>
  <nd ref="1856522533"/>
  <tag k="building" v="university"/>
  <tag k="name" v="Edificio Administrativo"/>
 </way>
 <way id="175006654" visible="true" version="4" changeset="136424724" timestamp="2023-05-22T17:45:57Z" user="MishellCatucuamba" uid="12397323">
  <nd ref="1856522510"/>
  <nd ref="1856522508"/>
  <nd ref="1856522504"/>
  <nd ref="1856522500"/>
  <nd ref="1856522501"/>
  <nd ref="1856522496"/>
  <nd ref="1856522497"/>
  <nd ref="1856522490"/>
  <nd ref="1856522489"/>
  <nd ref="1856522492"/>
  <nd ref="1856522498"/>
  <nd ref="1856522499"/>
  <nd ref="1856522502"/>
  <nd ref="1856522503"/>
  <nd ref="1856522505"/>
  <nd ref="1856522514"/>
  <nd ref="4578959570"/>
  <nd ref="1856522513"/>
  <nd ref="1856522518"/>
  <nd ref="1856522517"/>
  <nd ref="1856522520"/>
  <nd ref="1856522522"/>
  <nd ref="1856522519"/>
  <nd ref="1856522516"/>
  <nd ref="1856522515"/>
  <nd ref="1856522512"/>
  <nd ref="1856522511"/>
  <nd ref="1856522510"/>
  <tag k="addr:housenumber" v="20"/>
  <tag k="building" v="university"/>
 </way>
 <way id="175006655" visible="true" version="5" changeset="175938470" timestamp="2025-12-14T23:30:05Z" user="susaanna" uid="23188359">
  <nd ref="1856522646"/>
  <nd ref="12865701686"/>
  <nd ref="13376909059"/>
  <nd ref="13376909058"/>
  <nd ref="13376909057"/>
  <nd ref="1856522644"/>
  <nd ref="13376909056"/>
  <nd ref="13376909055"/>
  <nd ref="1856522660"/>
  <nd ref="1856522661"/>
  <nd ref="1856522646"/>
  <tag k="building" v="yes"/>
  <tag k="name" v="Coliseo/polideportivo"/>
 </way>
 <way id="175006656" visible="true" version="1" changeset="12652719" timestamp="2012-08-08T02:17:57Z" user="arnotixe" uid="258131">
  <nd ref="1856522706"/>
  <nd ref="1856522694"/>
  <nd ref="1856522693"/>
  <nd ref="1856522705"/>
  <nd ref="1856522706"/>
  <tag k="building" v="yes"/>
 </way>
 <way id="175006657" visible="true" version="3" changeset="175931409" timestamp="2025-12-14T19:07:39Z" user="susaanna" uid="23188359">
  <nd ref="1856522703"/>
  <nd ref="1856522691"/>
  <nd ref="13376394851"/>
  <nd ref="13376394850"/>
  <nd ref="13376394849"/>
  <nd ref="13376394848"/>
  <nd ref="13376394847"/>
  <nd ref="1856522701"/>
  <nd ref="1856522703"/>
  <tag k="building" v="university"/>
 </way>
 <way id="175006658" visible="true" version="3" changeset="175931267" timestamp="2025-12-14T19:03:41Z" user="susaanna" uid="23188359">
  <nd ref="1856522692"/>
  <nd ref="13376438321"/>
  <nd ref="13376438320"/>
  <nd ref="13376438319"/>
  <nd ref="13376438318"/>
  <nd ref="13376438317"/>
  <nd ref="13376438316"/>
  <nd ref="1856522687"/>
  <nd ref="1856522696"/>
  <nd ref="1856522697"/>
  <nd ref="1856522692"/>
  <tag k="building" v="university"/>
 </way>
 <way id="175006659" visible="true" version="3" changeset="141144230" timestamp="2023-09-12T05:50:58Z" user="PatagonianPlateau" uid="17999760">
  <nd ref="1856522540"/>
  <nd ref="1856522541"/>
  <nd ref="4578522644"/>
  <nd ref="4578522642"/>
  <nd ref="1856522576"/>
  <nd ref="1856522574"/>
  <nd ref="4578522643"/>
  <nd ref="4578522645"/>
  <nd ref="1856522540"/>
  <tag k="building" v="yes"/>
  <tag k="layer" v="1"/>
 </way>
 <way id="175006661" visible="true" version="1" changeset="12652719" timestamp="2012-08-08T02:17:58Z" user="arnotixe" uid="258131">
  <nd ref="1856522556"/>
  <nd ref="1856522570"/>
  <nd ref="1856522575"/>
  <nd ref="1856522590"/>
  <nd ref="1856522592"/>
  <nd ref="1856522578"/>
  <nd ref="1856522572"/>
  <nd ref="1856522561"/>
  <nd ref="1856522556"/>
  <tag k="building" v="yes"/>
 </way>
 <way id="175006662" visible="true" version="5" changeset="154625143" timestamp="2024-07-30T22:05:31Z" user="rodolfovargas" uid="1217047">
  <nd ref="1856522547"/>
  <nd ref="1856522564"/>
  <nd ref="1856522565"/>
  <nd ref="1856522569"/>
  <nd ref="1856522573"/>
  <nd ref="1856522559"/>
  <nd ref="1856522555"/>
  <nd ref="1856522548"/>
  <nd ref="1856522547"/>
  <tag k="building" v="school"/>
  <tag k="name" v="Laboratorios de Ingeniería Mecatrónica"/>
 </way>
 <way id="175006664" visible="true" version="14" changeset="141086222" timestamp="2023-09-11T01:15:50Z" user="MountOssa" uid="19246098">
  <nd ref="1856522666"/>
  <nd ref="11182234151"/>
  <nd ref="1856522672"/>
  <nd ref="6365805607"/>
  <nd ref="6365805606"/>
  <nd ref="1893818106"/>
  <nd ref="6381179748"/>
  <nd ref="6381179747"/>
  <nd ref="6365799005"/>
  <tag k="highway" v="service"/>
  <tag k="oneway" v="yes"/>
  <tag k="source" v="Reconocimiento cortográfico de campo 2016 por KG"/>
  <tag k="surface" v="asphalt"/>
 </way>
 <way id="175006669" visible="true" version="2" changeset="14900293" timestamp="2013-02-03T18:14:58Z" user="dbusse" uid="149876">
  <nd ref="1856522526"/>
  <nd ref="1856522525"/>
  <tag k="bridge" v="yes"/>
  <tag k="highway" v="footway"/>
  <tag k="layer" v="1"/>
 </way>
 <way id="175006673" visible="true" version="3" changeset="145413043" timestamp="2023-12-22T16:48:57Z" user="ErickOchoa" uid="19030383">
  <nd ref="1856522551"/>
  <nd ref="1856522537"/>
  <tag k="bridge" v="yes"/>
  <tag k="highway" v="footway"/>
  <tag k="layer" v="1"/>
  <tag k="surface" v="concrete"/>
 </way>
 <way id="175006679" visible="true" version="2" changeset="14900293" timestamp="2013-02-03T18:14:58Z" user="dbusse" uid="149876">
  <nd ref="1856522604"/>
  <nd ref="1856522602"/>
  <tag k="bridge" v="yes"/>
  <tag k="highway" v="footway"/>
  <tag k="layer" v="1"/>
 </way>
 <way id="175006685" visible="true" version="3" changeset="136424496" timestamp="2023-05-22T17:38:57Z" user="MishellCatucuamba" uid="12397323">
  <nd ref="1856522485"/>
  <nd ref="1856522490"/>
  <tag k="highway" v="footway"/>
 </way>
 <way id="175006688" visible="true" version="2" changeset="145413043" timestamp="2023-12-22T16:49:10Z" user="ErickOchoa" uid="19030383">
  <nd ref="1856522537"/>
  <nd ref="1856522526"/>
  <tag k="highway" v="footway"/>
  <tag k="surface" v="asphalt"/>
 </way>
 <way id="175006689" visible="true" version="2" changeset="117497239" timestamp="2022-02-16T23:22:03Z" user="(Inactive) Hoordinates" uid="8867106">
  <nd ref="1856522560"/>
  <nd ref="9512344214"/>
  <nd ref="1856522551"/>
  <tag k="highway" v="footway"/>
 </way>
 <way id="175006691" visible="true" version="10" changeset="160241256" timestamp="2024-12-13T11:10:23Z" user="LogoneRiver" uid="19895166">
  <nd ref="4276370230"/>
  <nd ref="1856522584"/>
  <nd ref="12419534196"/>
  <nd ref="4277155255"/>
  <nd ref="11206953901"/>
  <nd ref="4276370226"/>
  <tag k="highway" v="residential"/>
  <tag k="lanes" v="2"/>
  <tag k="name" v="Unidad Nacional"/>
  <tag k="oneway" v="yes"/>
  <tag k="sidewalk" v="both"/>
  <tag k="smoothness" v="excellent"/>
  <tag k="source" v="Reconocimiento cortográfico de campo 2016 por KG"/>
  <tag k="surface" v="asphalt"/>
 </way>
 <way id="175006695" visible="true" version="11" changeset="160241256" timestamp="2024-12-13T11:10:23Z" user="LogoneRiver" uid="19895166">
  <nd ref="4276370227"/>
  <nd ref="11206953900"/>
  <nd ref="4277155256"/>
  <nd ref="12419534195"/>
  <nd ref="499504086"/>
  <nd ref="4276370229"/>
  <tag k="highway" v="residential"/>
  <tag k="lanes" v="2"/>
  <tag k="name" v="Unidad Nacional"/>
  <tag k="oneway" v="yes"/>
  <tag k="parking:both" v="no"/>
  <tag k="sidewalk" v="both"/>
  <tag k="smoothness" v="excellent"/>
  <tag k="source" v="Reconocimiento cortográfico de campo 2016 por KG"/>
  <tag k="surface" v="asphalt"/>
 </way>
 <way id="175006696" visible="true" version="5" changeset="145413043" timestamp="2023-12-22T17:05:23Z" user="ErickOchoa" uid="19030383">
  <nd ref="2932140217"/>
  <nd ref="10870818532"/>
  <tag k="highway" v="footway"/>
  <tag k="surface" v="concrete"/>
 </way>
 <way id="175006697" visible="true" version="1" changeset="12652719" timestamp="2012-08-08T02:18:02Z" user="arnotixe" uid="258131">
  <nd ref="1856522481"/>
  <nd ref="1856522493"/>
  <nd ref="1856522488"/>
  <tag k="highway" v="footway"/>
 </way>
 <way id="175006699" visible="true" version="9" changeset="160241256" timestamp="2024-12-13T11:10:23Z" user="LogoneRiver" uid="19895166">
  <nd ref="2140412286"/>
  <nd ref="1913500647"/>
  <nd ref="12419534194"/>
  <nd ref="4578522644"/>
  <tag k="highway" v="service"/>
  <tag k="oneway" v="yes"/>
  <tag k="source" v="Reconocimiento cortográfico de campo 2016 por KG"/>
  <tag k="surface" v="asphalt"/>
 </way>
 <way id="175006702" visible="true" version="10" changeset="141540540" timestamp="2023-09-21T05:44:09Z" user="PatagonianPlateau" uid="17999760">
  <nd ref="10870818533"/>
  <nd ref="1855824017"/>
  <nd ref="1856522566"/>
  <nd ref="11206953899"/>
  <nd ref="4578522643"/>
  <tag k="access" v="private"/>
  <tag k="highway" v="service"/>
  <tag k="oneway" v="yes"/>
  <tag k="source" v="Reconocimiento cortográfico de campo 2016 por KG"/>
  <tag k="surface" v="asphalt"/>
 </way>
 <way id="175006704" visible="true" version="6" changeset="135744975" timestamp="2023-05-05T14:34:27Z" user="Pegasus21" uid="13510663">
  <nd ref="1856522612"/>
  <nd ref="9512356126"/>
  <nd ref="1856522621"/>
  <tag k="access" v="private"/>
  <tag k="highway" v="service"/>
  <tag k="oneway" v="yes"/>
  <tag k="source" v="Reconocimiento cortográfico de campo 2016 por KG"/>
 </way>
 <way id="175006707" visible="true" version="2" changeset="88804232" timestamp="2020-08-01T03:10:35Z" user="Evelyn Angos" uid="11583100">
  <nd ref="1856511970"/>
  <nd ref="1856522474"/>
  <nd ref="1856522475"/>
  <nd ref="1856522481"/>
  <tag k="highway" v="footway"/>
 </way>
 <way id="175006710" visible="true" version="2" changeset="133417482" timestamp="2023-03-07T20:13:41Z" user="KmasutraConOjos" uid="18644494">
  <nd ref="1856522493"/>
  <nd ref="1856522542"/>
  <nd ref="10719764064"/>
  <nd ref="1856522553"/>
  <nd ref="1856522557"/>
  <tag k="highway" v="footway"/>
 </way>
 <way id="175006720" visible="true" version="7" changeset="145413043" timestamp="2023-12-22T17:19:05Z" user="ErickOchoa" uid="19030383">
  <nd ref="1856522525"/>
  <nd ref="6256983910"/>
  <nd ref="1856522523"/>
  <nd ref="7774770570"/>
  <nd ref="7787909491"/>
  <nd ref="1856522521"/>
  <nd ref="1856522507"/>
  <nd ref="4073788680"/>
  <nd ref="4073788681"/>
  <nd ref="4580559723"/>
  <tag k="highway" v="footway"/>
  <tag k="surface" v="concrete"/>
 </way>
 <way id="175006722" visible="true" version="6" changeset="138815991" timestamp="2023-07-21T14:14:28Z" user="MishellCatucuamba" uid="12397323">
  <nd ref="1856522602"/>
  <nd ref="1856522601"/>
  <nd ref="1856522586"/>
  <nd ref="1856522589"/>
  <nd ref="1856522598"/>
  <tag k="bridge" v="yes"/>
  <tag k="highway" v="footway"/>
  <tag k="layer" v="1"/>
  <tag k="lit" v="no"/>
  <tag k="surface" v="concrete"/>
 </way>
 <way id="175006844" visible="true" version="7" changeset="141842710" timestamp="2023-09-28T01:02:29Z" user="Solheimajokull" uid="10334725">
  <nd ref="1856523700"/>
  <nd ref="1893846263"/>
  <nd ref="1856523701"/>
  <tag k="access" v="private"/>
  <tag k="highway" v="service"/>
  <tag k="service" v="driveway"/>
  <tag k="source" v="Reconocimiento cortográfico de campo 2016 por KG"/>
 </way>
 <way id="175006846" visible="true" version="3" changeset="14900293" timestamp="2013-02-03T18:14:58Z" user="dbusse" uid="149876">
  <nd ref="1893846351"/>
  <nd ref="1856523715"/>
  <tag k="highway" v="footway"/>
 </way>
 <way id="175006848" visible="true" version="8" changeset="135744928" timestamp="2023-05-05T14:33:04Z" user="Pegasus21" uid="13510663">
  <nd ref="7774587083"/>
  <nd ref="1893846306"/>
  <nd ref="1856522545"/>
  <tag k="access" v="private"/>
  <tag k="highway" v="service"/>
  <tag k="source" v="Reconocimiento cortográfico de campo 2016 por KG"/>
 </way>
 <way id="175006849" visible="true" version="5" changeset="135744975" timestamp="2023-05-05T14:34:27Z" user="Pegasus21" uid="13510663">
  <nd ref="1856523718"/>
  <nd ref="1856523720"/>
  <tag k="highway" v="residential"/>
  <tag k="source" v="Reconocimiento cortográfico de campo 2016 por KG"/>
  <tag k="surface" v="paving_stones"/>
 </way>
 <way id="179043961" visible="true" version="13" changeset="140063193" timestamp="2023-08-18T15:27:38Z" user="Geomaper23" uid="19577137">
  <nd ref="2942666245"/>
  <nd ref="6360238774"/>
  <nd ref="6336012539"/>
  <nd ref="1893814613"/>
  <nd ref="1893814615"/>
  <nd ref="1893814568"/>
  <nd ref="6336048955"/>
  <nd ref="1893814586"/>
  <nd ref="1893814607"/>
  <nd ref="1893814617"/>
  <nd ref="1893814609"/>
  <nd ref="1893814576"/>
  <nd ref="1893814593"/>
  <nd ref="6336012544"/>
  <nd ref="1893814595"/>
  <nd ref="1893814580"/>
  <nd ref="1893814621"/>
  <nd ref="1893814623"/>
  <nd ref="6336012549"/>
  <nd ref="1893814619"/>
  <nd ref="6336012556"/>
  <nd ref="1893814597"/>
  <nd ref="1893814601"/>
  <nd ref="6336012557"/>
  <nd ref="1893814611"/>
  <nd ref="1893814605"/>
  <nd ref="1893814572"/>
  <nd ref="6336012558"/>
  <nd ref="1893814578"/>
  <nd ref="6336012559"/>
  <nd ref="1893814592"/>
  <nd ref="6336012560"/>
  <nd ref="1893814590"/>
  <nd ref="1893814570"/>
  <nd ref="1856511973"/>
  <tag k="highway" v="tertiary"/>
  <tag k="lanes" v="2"/>
  <tag k="maxspeed" v="50"/>
  <tag k="name" v="Avenida San Luis"/>
  <tag k="oneway" v="yes"/>
  <tag k="sidewalk" v="right"/>
  <tag k="source" v="Reconocimiento cartográfico de campo 2016 por KG."/>
  <tag k="surface" v="asphalt"/>
 </way>
 <way id="179044493" visible="true" version="10" changeset="175938886" timestamp="2025-12-14T23:56:25Z" user="susaanna" uid="23188359">
  <nd ref="1893846357"/>
  <nd ref="1856522571"/>
  <nd ref="13376908229"/>
  <nd ref="13376908228"/>
  <nd ref="13376908227"/>
  <nd ref="1856522609"/>
  <nd ref="1856522635"/>
  <nd ref="1893846298"/>
  <nd ref="1855824058"/>
  <tag k="access" v="private"/>
  <tag k="highway" v="service"/>
  <tag k="oneway" v="no"/>
  <tag k="source" v="Reconocimiento cortográfico de campo 2016 por KG"/>
  <tag k="surface" v="asphalt"/>
 </way>
 <way id="179044494" visible="true" version="6" changeset="141088693" timestamp="2023-09-11T03:34:17Z" user="MountOssa" uid="19246098">
  <nd ref="1893818122"/>
  <nd ref="1893818121"/>
  <tag k="access" v="private"/>
  <tag k="highway" v="service"/>
  <tag k="oneway" v="no"/>
  <tag k="source" v="Reconocimiento cortográfico de campo 2016 por KG"/>
 </way>
 <way id="179044495" visible="true" version="7" changeset="135744928" timestamp="2023-05-05T14:33:04Z" user="Pegasus21" uid="13510663">
  <nd ref="1893818103"/>
  <nd ref="1893818122"/>
  <nd ref="1893818105"/>
  <nd ref="1893818111"/>
  <nd ref="1893818107"/>
  <nd ref="1893818108"/>
  <nd ref="1893818104"/>
  <nd ref="1893818102"/>
  <tag k="access" v="private"/>
  <tag k="highway" v="service"/>
  <tag k="oneway" v="yes"/>
  <tag k="source" v="Reconocimiento cortográfico de campo 2016 por KG"/>
  <tag k="surface" v="asphalt"/>
 </way>
 <way id="179047711" visible="true" version="15" changeset="150392596" timestamp="2024-04-23T12:16:20Z" user="Solheimajokull" uid="10334725">
  <nd ref="1893846272"/>
  <nd ref="10870818534"/>
  <nd ref="10870818535"/>
  <nd ref="10870818536"/>
  <nd ref="10870818537"/>
  <nd ref="1893846395"/>
  <nd ref="11841249593"/>
  <nd ref="10870818538"/>
  <nd ref="10870818539"/>
  <nd ref="10870818540"/>
  <nd ref="1893846376"/>
  <nd ref="10870818541"/>
  <nd ref="1893846280"/>
  <nd ref="10870818542"/>
  <nd ref="10870818543"/>
  <nd ref="10870818544"/>
  <nd ref="10870818545"/>
  <nd ref="10870818546"/>
  <nd ref="1856511970"/>
  <nd ref="1893846328"/>
  <nd ref="7774770555"/>
  <nd ref="10870818547"/>
  <nd ref="1893846275"/>
  <nd ref="7787905180"/>
  <nd ref="1893846279"/>
  <nd ref="10870818548"/>
  <nd ref="10870818549"/>
  <nd ref="10870818550"/>
  <nd ref="10870818551"/>
  <nd ref="1893846263"/>
  <nd ref="1893846306"/>
  <nd ref="9512344212"/>
  <nd ref="10870818533"/>
  <nd ref="6365837409"/>
  <nd ref="10870818552"/>
  <nd ref="10870818553"/>
  <nd ref="1893846345"/>
  <nd ref="1893846304"/>
  <nd ref="1893846287"/>
  <nd ref="4220790757"/>
  <nd ref="4220790756"/>
  <nd ref="6360246803"/>
  <nd ref="1893846330"/>
  <nd ref="1893846310"/>
  <nd ref="7777169752"/>
  <nd ref="1893846320"/>
  <nd ref="1893846314"/>
  <nd ref="1893846312"/>
  <nd ref="1893846416"/>
  <nd ref="7777169751"/>
  <nd ref="1893846281"/>
  <nd ref="1893846334"/>
  <nd ref="1893846370"/>
  <nd ref="1893846396"/>
  <nd ref="7777169750"/>
  <nd ref="1893846391"/>
  <nd ref="1893846289"/>
  <nd ref="1893846340"/>
  <nd ref="1893846382"/>
  <nd ref="1893846277"/>
  <nd ref="1893846316"/>
  <nd ref="1893846351"/>
  <nd ref="1893846353"/>
  <nd ref="1893846427"/>
  <nd ref="1893846270"/>
  <nd ref="7777169748"/>
  <nd ref="1893846292"/>
  <nd ref="7777169747"/>
  <nd ref="1893846372"/>
  <nd ref="1893846272"/>
  <tag k="access" v="private"/>
  <tag k="highway" v="service"/>
  <tag k="oneway" v="yes"/>
  <tag k="source" v="Reconocimiento cortográfico de campo 2016 por KG"/>
  <tag k="surface" v="asphalt"/>
 </way>
 <way id="179047712" visible="true" version="7" changeset="135744928" timestamp="2023-05-05T14:33:04Z" user="Pegasus21" uid="13510663">
  <nd ref="1893846353"/>
  <nd ref="1893818120"/>
  <tag k="access" v="private"/>
  <tag k="highway" v="service"/>
  <tag k="oneway" v="no"/>
  <tag k="source" v="Reconocimiento cortográfico de campo 2016 por KG"/>
 </way>
 <way id="179047713" visible="true" version="8" changeset="141144230" timestamp="2023-09-12T05:50:58Z" user="PatagonianPlateau" uid="17999760">
  <nd ref="1893846376"/>
  <nd ref="1893846318"/>
  <nd ref="7774770565"/>
  <nd ref="11185018541"/>
  <nd ref="1856522488"/>
  <nd ref="1856522484"/>
  <tag k="access" v="private"/>
  <tag k="highway" v="service"/>
  <tag k="source" v="Reconocimiento cortográfico de campo 2016 por KG"/>
 </way>
 <way id="179047715" visible="true" version="6" changeset="135744928" timestamp="2023-05-05T14:33:04Z" user="Pegasus21" uid="13510663">
  <nd ref="1893818108"/>
  <nd ref="1893846414"/>
  <nd ref="1893846351"/>
  <tag k="access" v="private"/>
  <tag k="highway" v="service"/>
  <tag k="oneway" v="yes"/>
  <tag k="source" v="Reconocimiento cortográfico de campo 2016 por KG"/>
 </way>
 <way id="179048250" visible="true" version="6" changeset="135744975" timestamp="2023-05-05T14:34:27Z" user="Pegasus21" uid="13510663">
  <nd ref="1893846334"/>
  <nd ref="1893846274"/>
  <tag k="access" v="private"/>
  <tag k="highway" v="service"/>
  <tag k="oneway" v="no"/>
  <tag k="source" v="Reconocimiento cortográfico de campo 2016 por KG"/>
 </way>
 <way id="179048252" visible="true" version="6" changeset="135744975" timestamp="2023-05-05T14:34:27Z" user="Pegasus21" uid="13510663">
  <nd ref="1893846328"/>
  <nd ref="1855823969"/>
  <tag k="access" v="private"/>
  <tag k="highway" v="service"/>
  <tag k="oneway" v="no"/>
  <tag k="source" v="Reconocimiento cortográfico de campo 2016 por KG"/>
 </way>
 <way id="179048253" visible="true" version="8" changeset="141189628" timestamp="2023-09-13T05:15:03Z" user="MontBlanc1" uid="19895323">
  <nd ref="1893846391"/>
  <nd ref="1893818116"/>
  <nd ref="11187146369"/>
  <nd ref="1893853515"/>
  <nd ref="11182356519"/>
  <nd ref="11182356520"/>
  <nd ref="1893853516"/>
  <tag k="access" v="private"/>
  <tag k="highway" v="service"/>
  <tag k="oneway" v="no"/>
  <tag k="source" v="Reconocimiento cortográfico de campo 2016 por KG"/>
 </way>
 <way id="179048254" visible="true" version="6" changeset="135744928" timestamp="2023-05-05T14:33:04Z" user="Pegasus21" uid="13510663">
  <nd ref="1893818120"/>
  <nd ref="1893846397"/>
  <nd ref="1893846387"/>
  <tag k="access" v="private"/>
  <tag k="highway" v="service"/>
  <tag k="oneway" v="yes"/>
  <tag k="source" v="Reconocimiento cortográfico de campo 2016 por KG"/>
 </way>
 <way id="179048255" visible="true" version="8" changeset="135744975" timestamp="2023-05-05T14:34:27Z" user="Pegasus21" uid="13510663">
  <nd ref="1893846280"/>
  <nd ref="1855823998"/>
  <tag k="access" v="private"/>
  <tag k="highway" v="service"/>
  <tag k="oneway" v="no"/>
  <tag k="smoothness" v="excellent"/>
  <tag k="source" v="Reconocimiento cortográfico de campo 2016 por KG"/>
  <tag k="surface" v="asphalt"/>
 </way>
 <way id="179048256" visible="true" version="6" changeset="135744928" timestamp="2023-05-05T14:33:04Z" user="Pegasus21" uid="13510663">
  <nd ref="1893846279"/>
  <nd ref="1893853514"/>
  <tag k="access" v="private"/>
  <tag k="highway" v="service"/>
  <tag k="oneway" v="no"/>
  <tag k="source" v="Reconocimiento cortográfico de campo 2016 por KG"/>
 </way>
 <way id="179066196" visible="true" version="16" changeset="135742850" timestamp="2023-05-05T13:40:03Z" user="Pegasus21" uid="13510663">
  <nd ref="1856511958"/>
  <nd ref="1894016941"/>
  <nd ref="10022460006"/>
  <nd ref="1894016938"/>
  <nd ref="1894016979"/>
  <nd ref="1894016966"/>
  <nd ref="6336012569"/>
  <nd ref="1894016974"/>
  <nd ref="6336012570"/>
  <nd ref="1894016952"/>
  <nd ref="6336012573"/>
  <nd ref="1894016933"/>
  <nd ref="6336012574"/>
  <nd ref="1894016977"/>
  <nd ref="1894016932"/>
  <nd ref="1894016956"/>
  <nd ref="1894016946"/>
  <nd ref="1894016975"/>
  <tag k="highway" v="tertiary"/>
  <tag k="lanes" v="2"/>
  <tag k="maxspeed" v="50"/>
  <tag k="name" v="Avenida San Luis"/>
  <tag k="oneway" v="yes"/>
  <tag k="source" v="Reconocimiento cartográfico de campo 2016 por KG."/>
  <tag k="surface" v="asphalt"/>
 </way>
 <way id="180895988" visible="true" version="7" changeset="141144230" timestamp="2023-09-12T05:50:58Z" user="PatagonianPlateau" uid="17999760">
  <nd ref="1913473995"/>
  <nd ref="1913473986"/>
  <nd ref="11185018543"/>
  <nd ref="11185018542"/>
  <nd ref="1913473987"/>
  <nd ref="4220789721"/>
  <nd ref="1913473984"/>
  <tag k="access" v="private"/>
  <tag k="highway" v="service"/>
  <tag k="service" v="driveway"/>
  <tag k="source" v="Reconocimiento cortográfico de campo 2016 por KG"/>
 </way>
 <way id="180895994" visible="true" version="7" changeset="135744928" timestamp="2023-05-05T14:33:04Z" user="Pegasus21" uid="13510663">
  <nd ref="1893846395"/>
  <nd ref="9512356149"/>
  <nd ref="1913473995"/>
  <tag k="access" v="private"/>
  <tag k="highway" v="service"/>
  <tag k="service" v="driveway"/>
  <tag k="source" v="Reconocimiento cortográfico de campo 2016 por KG"/>
 </way>
 <way id="180897136" visible="true" version="7" changeset="135744928" timestamp="2023-05-05T14:33:04Z" user="Pegasus21" uid="13510663">
  <nd ref="1913500614"/>
  <nd ref="1913500659"/>
  <nd ref="1913500639"/>
  <nd ref="7785991252"/>
  <nd ref="1913500609"/>
  <nd ref="1913500647"/>
  <tag k="highway" v="service"/>
  <tag k="lanes" v="1"/>
  <tag k="oneway" v="yes"/>
  <tag k="source" v="Reconocimiento cortográfico de campo 2016 por KG"/>
  <tag k="surface" v="asphalt"/>
 </way>
 <way id="268717776" visible="true" version="10" changeset="144126426" timestamp="2023-11-17T07:50:15Z" user="tg4567" uid="12500589">
  <nd ref="2740467887"/>
  <nd ref="7784328630"/>
  <nd ref="7784568855"/>
  <nd ref="7786023399"/>
  <nd ref="2740467895"/>
  <nd ref="2740467915"/>
  <nd ref="2740467928"/>
  <nd ref="2740467870"/>
  <nd ref="2740467840"/>
  <nd ref="7785991256"/>
  <nd ref="7784328632"/>
  <nd ref="2740467878"/>
  <nd ref="2740467805"/>
  <nd ref="2740467779"/>
  <nd ref="2740467746"/>
  <nd ref="2740467740"/>
  <nd ref="2740467705"/>
  <nd ref="2740467691"/>
  <nd ref="2740467669"/>
  <nd ref="2740467663"/>
  <nd ref="2740467656"/>
  <nd ref="2740467631"/>
  <nd ref="2740467594"/>
  <nd ref="7784328633"/>
  <nd ref="2740467601"/>
  <nd ref="7784568859"/>
  <nd ref="7786023415"/>
  <nd ref="2740467575"/>
  <nd ref="7785991250"/>
  <nd ref="2740467572"/>
  <nd ref="7784568860"/>
  <nd ref="2740467566"/>
  <nd ref="7784568861"/>
  <nd ref="2740467561"/>
  <nd ref="7784568862"/>
  <nd ref="7786023413"/>
  <nd ref="7784568863"/>
  <nd ref="2740467580"/>
  <nd ref="2740467587"/>
  <nd ref="7784568864"/>
  <nd ref="2740467564"/>
  <nd ref="7782413601"/>
  <nd ref="2740467577"/>
  <nd ref="2740467607"/>
  <nd ref="2740467615"/>
  <nd ref="2740467623"/>
  <nd ref="2740467640"/>
  <nd ref="2740467648"/>
  <nd ref="2740467676"/>
  <nd ref="2740467683"/>
  <nd ref="2740467698"/>
  <nd ref="2740467712"/>
  <nd ref="2740467729"/>
  <nd ref="2740467734"/>
  <nd ref="2740467754"/>
  <nd ref="2740467762"/>
  <nd ref="2740467772"/>
  <nd ref="2740467787"/>
  <nd ref="2740467796"/>
  <nd ref="2740467814"/>
  <nd ref="7784328627"/>
  <nd ref="7784568851"/>
  <nd ref="7784568852"/>
  <nd ref="7784328628"/>
  <nd ref="2740467822"/>
  <nd ref="7784568853"/>
  <nd ref="2740467828"/>
  <nd ref="2740467832"/>
  <nd ref="7784328629"/>
  <nd ref="2740467882"/>
  <nd ref="7784568854"/>
  <nd ref="2740467887"/>
  <tag k="addr:street" v="Avenida General Rumiñahui"/>
  <tag k="amenity" v="university"/>
  <tag k="name" v="Universidad De Las Fuerzas Armadas"/>
  <tag k="name:es" v="Universidad De Las Fuerzas Armadas - ESPE"/>
  <tag k="website" v="http://www.espe.edu.ec/"/>
  <tag k="wikidata" v="Q97574388"/>
  <tag k="wikipedia" v="en:Armed Forces University – ESPE"/>
 </way>
 <way id="289665303" visible="true" version="5" changeset="132233517" timestamp="2023-02-08T02:41:33Z" user="MishellCatucuamba" uid="12397323">
  <nd ref="2932140216"/>
  <nd ref="2932140202"/>
  <nd ref="2932140204"/>
  <nd ref="2932140214"/>
  <nd ref="2932140216"/>
  <tag k="leisure" v="pitch"/>
  <tag k="lit" v="no"/>
  <tag k="name" v="canchas deportivas"/>
  <tag k="sport" v="soccer"/>
  <tag k="surface" v="grass"/>
 </way>
 <way id="289665304" visible="true" version="12" changeset="166801720" timestamp="2025-05-27T00:10:38Z" user="Marin Alquinga Josue Isaac" uid="22941299">
  <nd ref="6365837409"/>
  <nd ref="2932140213"/>
  <nd ref="2932140210"/>
  <nd ref="2932140208"/>
  <nd ref="6256983888"/>
  <nd ref="2932140207"/>
  <nd ref="7774770571"/>
  <nd ref="2932140201"/>
  <nd ref="2932160632"/>
  <nd ref="12865701685"/>
  <nd ref="2932160637"/>
  <nd ref="4073788677"/>
  <nd ref="2932140203"/>
  <nd ref="2932140206"/>
  <tag k="highway" v="footway"/>
  <tag k="name" v="Camino Garita-Bloque Central"/>
  <tag k="surface" v="concrete"/>
 </way>
 <way id="289666915" visible="true" version="2" changeset="60393954" timestamp="2018-07-04T00:50:39Z" user="DeniseAlbn" uid="8496561">
  <nd ref="2932160640"/>
  <nd ref="2932160641"/>
  <nd ref="2932160636"/>
  <nd ref="2932160643"/>
  <nd ref="2932160640"/>
  <tag k="leisure" v="sports_centre"/>
  <tag k="name" v="Estadio"/>
  <tag k="sport" v="basketball;soccer"/>
 </way>
 <way id="384888845" visible="true" version="1" changeset="35815138" timestamp="2015-12-07T20:43:07Z" user="Ras_Guille" uid="3440464">
  <nd ref="3882400906"/>
  <nd ref="3882400907"/>
  <nd ref="3882400908"/>
  <nd ref="3882400909"/>
  <nd ref="3882400910"/>
  <nd ref="3882400911"/>
  <nd ref="3882400912"/>
  <nd ref="3882400913"/>
  <nd ref="3882400914"/>
  <nd ref="3882400915"/>
  <nd ref="3882400916"/>
  <nd ref="3882400917"/>
  <nd ref="3882400918"/>
  <nd ref="1005667029"/>
  <tag k="bicycle" v="yes"/>
  <tag k="foot" v="yes"/>
  <tag k="highway" v="path"/>
  <tag k="horse" v="yes"/>
  <tag k="motor_vehicle" v="no"/>
  <tag k="mtb:scale" v="1"/>
  <tag k="mtb:scale:uphill" v="0"/>
  <tag k="trail_visibility" v="intermediate"/>
 </way>
 <way id="399514432" visible="true" version="3" changeset="154670191" timestamp="2024-07-31T22:19:38Z" user="rodolfovargas" uid="1217047">
  <nd ref="4022471847"/>
  <nd ref="4022471848"/>
  <nd ref="4022471849"/>
  <nd ref="4022471850"/>
  <nd ref="4022471851"/>
  <nd ref="4022471852"/>
  <nd ref="4022471853"/>
  <nd ref="4022471854"/>
  <nd ref="4022471855"/>
  <nd ref="4022471856"/>
  <nd ref="4022471857"/>
  <nd ref="12086201840"/>
  <nd ref="12086201839"/>
  <nd ref="12086201838"/>
  <nd ref="4022471858"/>
  <nd ref="4022471859"/>
  <nd ref="4022471860"/>
  <nd ref="4022471861"/>
  <nd ref="4022471862"/>
  <nd ref="4022471863"/>
  <nd ref="4022471864"/>
  <nd ref="4022471865"/>
  <nd ref="4022471866"/>
  <nd ref="4022471867"/>
  <nd ref="4022471868"/>
  <nd ref="4022471869"/>
  <nd ref="4022471870"/>
  <nd ref="4022471871"/>
  <nd ref="4022471872"/>
  <nd ref="4022471873"/>
  <nd ref="4022471874"/>
  <nd ref="4022471847"/>
  <tag k="addr:city" v="Sangolquí"/>
  <tag k="addr:housenumber" v="s/n"/>
  <tag k="addr:street" v="Avenida General Rumiñahui"/>
  <tag k="building" v="yes"/>
  <tag k="building:levels" v="1"/>
  <tag k="healthcare" v="yes"/>
  <tag k="name" v="Centro de Salud"/>
 </way>
 <way id="399515773" visible="true" version="1" changeset="37397374" timestamp="2016-02-23T19:47:44Z" user="Kiwimiguel" uid="3653073">
  <nd ref="4022490605"/>
  <nd ref="4022490606"/>
  <nd ref="4022490607"/>
  <nd ref="4022490608"/>
  <nd ref="4022490605"/>
  <tag k="addr:city" v="Sangolquí"/>
  <tag k="addr:housenumber" v="s/n"/>
  <tag k="addr:street" v="Avenida General Rumiñahui"/>
  <tag k="building" v="house"/>
  <tag k="building:levels" v="1"/>
  <tag k="name" v="Casita del Árbol"/>
  <tag k="note" v="Casita de madera, laboratorio de arquitectura sostenible"/>
  <tag k="website" v="https://www.youtube.com/watch?v=o9YqlCkfL-o"/>
 </way>
 <way id="405158575" visible="true" version="15" changeset="150392596" timestamp="2024-04-23T12:16:20Z" user="Solheimajokull" uid="10334725">
  <nd ref="4073788669"/>
  <nd ref="10870818554"/>
  <nd ref="10870818555"/>
  <nd ref="10870818556"/>
  <nd ref="9512356130"/>
  <nd ref="1856522612"/>
  <nd ref="1893846336"/>
  <nd ref="10870818557"/>
  <nd ref="6360247466"/>
  <nd ref="1855824017"/>
  <nd ref="9512344213"/>
  <nd ref="1856522545"/>
  <nd ref="1856523700"/>
  <nd ref="10870818558"/>
  <nd ref="10870818559"/>
  <nd ref="10870818560"/>
  <nd ref="10870818561"/>
  <nd ref="1893853514"/>
  <nd ref="10870818562"/>
  <nd ref="10870818563"/>
  <nd ref="10870818564"/>
  <nd ref="1855823969"/>
  <nd ref="10870818565"/>
  <nd ref="10870818566"/>
  <nd ref="10870818567"/>
  <nd ref="10870818568"/>
  <nd ref="10870818569"/>
  <nd ref="1855823998"/>
  <nd ref="10870818570"/>
  <nd ref="10870818571"/>
  <nd ref="10870818572"/>
  <nd ref="10870818573"/>
  <nd ref="11841249594"/>
  <nd ref="1893846357"/>
  <nd ref="10870818574"/>
  <nd ref="10870818575"/>
  <nd ref="10870818576"/>
  <nd ref="1855824031"/>
  <nd ref="4220789724"/>
  <nd ref="1893846319"/>
  <nd ref="1893846300"/>
  <nd ref="1855824037"/>
  <nd ref="1855824054"/>
  <nd ref="1855824058"/>
  <nd ref="1893818120"/>
  <nd ref="1893846414"/>
  <nd ref="1893818102"/>
  <nd ref="11182643666"/>
  <nd ref="1855824063"/>
  <nd ref="1893818110"/>
  <nd ref="1855824069"/>
  <nd ref="1855824071"/>
  <nd ref="1893818116"/>
  <nd ref="1893818117"/>
  <nd ref="1855824067"/>
  <nd ref="10870925038"/>
  <nd ref="1893846274"/>
  <nd ref="1855824062"/>
  <nd ref="7784328631"/>
  <nd ref="1855824060"/>
  <nd ref="1855824056"/>
  <nd ref="1893846389"/>
  <nd ref="4220790758"/>
  <nd ref="6360246804"/>
  <nd ref="4073788669"/>
  <tag k="access" v="private"/>
  <tag k="highway" v="service"/>
  <tag k="oneway" v="yes"/>
  <tag k="source" v="Reconocimiento cortográfico de campo 2016 por KG"/>
  <tag k="surface" v="asphalt"/>
 </way>
 <way id="405158578" visible="true" version="4" changeset="145413043" timestamp="2023-12-22T17:02:42Z" user="ErickOchoa" uid="19030383">
  <nd ref="4073788671"/>
  <nd ref="4073788672"/>
  <nd ref="2932160635"/>
  <nd ref="2932160638"/>
  <nd ref="4073788673"/>
  <nd ref="4073788674"/>
  <nd ref="4073788675"/>
  <nd ref="4073788676"/>
  <nd ref="2932160639"/>
  <nd ref="2932160632"/>
  <tag k="highway" v="footway"/>
  <tag k="name" v="Gym - Bloque Central"/>
  <tag k="surface" v="fine_gravel"/>
 </way>
 <way id="405158579" visible="true" version="5" changeset="132233517" timestamp="2023-02-08T02:41:24Z" user="MishellCatucuamba" uid="12397323">
  <nd ref="4073788683"/>
  <nd ref="4073788684"/>
  <nd ref="4073788685"/>
  <nd ref="4073788686"/>
  <nd ref="4073788683"/>
  <tag k="leisure" v="pitch"/>
  <tag k="lit" v="no"/>
  <tag k="name" v="canchas deportivas"/>
  <tag k="sport" v="soccer"/>
  <tag k="surface" v="grass"/>
 </way>
 <way id="405158580" visible="true" version="5" changeset="132233517" timestamp="2023-02-08T02:41:15Z" user="MishellCatucuamba" uid="12397323">
  <nd ref="4073788687"/>
  <nd ref="4073788688"/>
  <nd ref="4073789589"/>
  <nd ref="4073789590"/>
  <nd ref="4073788687"/>
  <tag k="leisure" v="pitch"/>
  <tag k="lit" v="yes"/>
  <tag k="name" v="Canchas deportivas"/>
  <tag k="sport" v="soccer"/>
  <tag k="surface" v="grass"/>
 </way>
 <way id="405158581" visible="true" version="5" changeset="132233517" timestamp="2023-02-08T02:41:07Z" user="MishellCatucuamba" uid="12397323">
  <nd ref="4073789591"/>
  <nd ref="4073789592"/>
  <nd ref="4073789593"/>
  <nd ref="4073789594"/>
  <nd ref="4073789591"/>
  <tag k="leisure" v="pitch"/>
  <tag k="lit" v="no"/>
  <tag k="name" v="Canchas deportivas"/>
  <tag k="sport" v="soccer"/>
  <tag k="surface" v="grass"/>
 </way>
 <way id="405787584" visible="true" version="3" changeset="44774085" timestamp="2016-12-30T03:14:52Z" user="Lexi Johnson" uid="4803526">
  <nd ref="4073788677"/>
  <nd ref="4073788678"/>
  <nd ref="2932140206"/>
  <nd ref="2932140215"/>
  <nd ref="4580559724"/>
  <tag k="highway" v="footway"/>
  <tag k="name" v="Gym - Bloque Central"/>
 </way>
 <way id="422331150" visible="true" version="5" changeset="135744928" timestamp="2023-05-05T14:33:04Z" user="Pegasus21" uid="13510663">
  <nd ref="1913473995"/>
  <nd ref="1913473985"/>
  <tag k="access" v="private"/>
  <tag k="highway" v="service"/>
  <tag k="service" v="driveway"/>
  <tag k="source" v="Reconocimiento cortográfico de campo 2016 por KG"/>
 </way>
 <way id="422331151" visible="true" version="6" changeset="135744928" timestamp="2023-05-05T14:33:04Z" user="Pegasus21" uid="13510663">
  <nd ref="1913473985"/>
  <nd ref="9512356154"/>
  <nd ref="9512356153"/>
  <nd ref="1913473990"/>
  <nd ref="1913473989"/>
  <nd ref="9512356152"/>
  <nd ref="9512356156"/>
  <tag k="access" v="private"/>
  <tag k="highway" v="service"/>
  <tag k="oneway" v="yes"/>
  <tag k="service" v="parking_aisle"/>
  <tag k="source" v="Reconocimiento cortográfico de campo 2016 por KG"/>
 </way>
 <way id="422331152" visible="true" version="5" changeset="135744928" timestamp="2023-05-05T14:33:04Z" user="Pegasus21" uid="13510663">
  <nd ref="1913473986"/>
  <nd ref="4220789720"/>
  <tag k="access" v="private"/>
  <tag k="highway" v="service"/>
  <tag k="service" v="driveway"/>
  <tag k="source" v="Reconocimiento cortográfico de campo 2016 por KG"/>
 </way>
 <way id="422331153" visible="true" version="5" changeset="135744928" timestamp="2023-05-05T14:33:04Z" user="Pegasus21" uid="13510663">
  <nd ref="4220789720"/>
  <nd ref="4220789721"/>
  <tag k="access" v="private"/>
  <tag k="highway" v="service"/>
  <tag k="service" v="parking_aisle"/>
  <tag k="source" v="Reconocimiento cortográfico de campo 2016 por KG"/>
 </way>
 <way id="422331154" visible="true" version="5" changeset="135744928" timestamp="2023-05-05T14:33:04Z" user="Pegasus21" uid="13510663">
  <nd ref="4220789720"/>
  <nd ref="4220789722"/>
  <tag k="access" v="private"/>
  <tag k="highway" v="service"/>
  <tag k="service" v="parking_aisle"/>
  <tag k="source" v="Reconocimiento cortográfico de campo 2016 por KG"/>
 </way>
 <way id="422331232" visible="true" version="3" changeset="148837663" timestamp="2024-03-18T23:00:38Z" user="Gaby Elizabeth" uid="21218501">
  <nd ref="4073788670"/>
  <nd ref="4073788671"/>
  <tag k="highway" v="footway"/>
  <tag k="name" v="Gym - Bloque Central"/>
  <tag k="surface" v="concrete"/>
 </way>
 <way id="444459078" visible="true" version="2" changeset="66889287" timestamp="2019-02-04T00:26:02Z" user="Blazker" uid="9412487">
  <nd ref="1856522598"/>
  <nd ref="1856522597"/>
  <nd ref="3879195299"/>
  <nd ref="1856522580"/>
  <nd ref="6256983905"/>
  <nd ref="2932140217"/>
  <tag k="highway" v="footway"/>
 </way>
 <way id="462454378" visible="true" version="4" changeset="141540540" timestamp="2023-09-21T05:44:09Z" user="PatagonianPlateau" uid="17999760">
  <nd ref="4578522645"/>
  <nd ref="11206953898"/>
  <nd ref="1856522546"/>
  <nd ref="1856522545"/>
  <tag k="access" v="private"/>
  <tag k="highway" v="service"/>
  <tag k="oneway" v="yes"/>
  <tag k="source" v="Reconocimiento cortográfico de campo 2016 por KG"/>
  <tag k="surface" v="asphalt"/>
 </way>
 <way id="462454379" visible="true" version="3" changeset="135744928" timestamp="2023-05-05T14:33:04Z" user="Pegasus21" uid="13510663">
  <nd ref="4578522644"/>
  <nd ref="4276370214"/>
  <tag k="covered" v="yes"/>
  <tag k="highway" v="service"/>
  <tag k="oneway" v="yes"/>
  <tag k="source" v="Reconocimiento cortográfico de campo 2016 por KG"/>
  <tag k="surface" v="asphalt"/>
 </way>
 <way id="462454380" visible="true" version="4" changeset="160241256" timestamp="2024-12-13T11:10:23Z" user="LogoneRiver" uid="19895166">
  <nd ref="4578522642"/>
  <nd ref="12419534193"/>
  <nd ref="1913500622"/>
  <tag k="highway" v="service"/>
  <tag k="oneway" v="yes"/>
  <tag k="source" v="Reconocimiento cortográfico de campo 2016 por KG"/>
  <tag k="surface" v="asphalt"/>
 </way>
 <way id="462454381" visible="true" version="3" changeset="135744928" timestamp="2023-05-05T14:33:04Z" user="Pegasus21" uid="13510663">
  <nd ref="4578522643"/>
  <nd ref="4276370215"/>
  <tag k="access" v="private"/>
  <tag k="covered" v="yes"/>
  <tag k="highway" v="service"/>
  <tag k="oneway" v="yes"/>
  <tag k="source" v="Reconocimiento cortográfico de campo 2016 por KG"/>
  <tag k="surface" v="asphalt"/>
 </way>
 <way id="503562433" visible="true" version="4" changeset="135744928" timestamp="2023-05-05T14:33:04Z" user="Pegasus21" uid="13510663">
  <nd ref="1856523701"/>
  <nd ref="1856523697"/>
  <nd ref="9512344193"/>
  <nd ref="4938461542"/>
  <nd ref="1856523694"/>
  <nd ref="1856523693"/>
  <nd ref="1856523695"/>
  <nd ref="9512344199"/>
  <nd ref="9512344198"/>
  <nd ref="9512344197"/>
  <nd ref="1856523696"/>
  <nd ref="1856523699"/>
  <nd ref="1856523702"/>
  <nd ref="1856523703"/>
  <nd ref="9512344196"/>
  <nd ref="9512344195"/>
  <nd ref="9512344194"/>
  <nd ref="1856523701"/>
  <tag k="access" v="private"/>
  <tag k="highway" v="service"/>
  <tag k="oneway" v="yes"/>
  <tag k="service" v="parking_aisle"/>
  <tag k="source" v="Reconocimiento cortográfico de campo 2016 por KG"/>
 </way>
 <way id="548530580" visible="true" version="3" changeset="160241256" timestamp="2024-12-13T11:10:23Z" user="LogoneRiver" uid="19895166">
  <nd ref="499492593"/>
  <nd ref="4227233909"/>
  <nd ref="1005667027"/>
  <nd ref="1856523718"/>
  <nd ref="3882400906"/>
  <nd ref="4227233910"/>
  <nd ref="12419534188"/>
  <nd ref="5299212486"/>
  <tag k="highway" v="trunk"/>
  <tag k="lanes" v="2"/>
  <tag k="maxspeed" v="70"/>
  <tag k="name" v="Avenida General Rumiñahui"/>
  <tag k="oneway" v="yes"/>
  <tag k="source" v="Yahoo! Aerial Imagery"/>
  <tag k="surface" v="asphalt"/>
 </way>
 <way id="548540673" visible="true" version="2" changeset="63360549" timestamp="2018-10-09T21:11:59Z" user="And_12" uid="6345249">
  <nd ref="4276370229"/>
  <nd ref="4276370230"/>
  <tag k="highway" v="trunk"/>
  <tag k="lanes" v="3"/>
  <tag k="maxspeed" v="70"/>
  <tag k="name" v="Avenida General Rumiñahui"/>
  <tag k="oneway" v="yes"/>
  <tag k="source" v="Yahoo! Aerial Imagery"/>
  <tag k="surface" v="asphalt"/>
  <tag k="turn:lanes" v="left|through|through"/>
 </way>
 <way id="548540676" visible="true" version="2" changeset="60620622" timestamp="2018-07-11T15:33:07Z" user="And_12" uid="6345249">
  <nd ref="2140412286"/>
  <nd ref="1913500622"/>
  <nd ref="4276370229"/>
  <tag k="highway" v="trunk"/>
  <tag k="lanes" v="3"/>
  <tag k="maxspeed" v="70"/>
  <tag k="name" v="Avenida General Rumiñahui"/>
  <tag k="oneway" v="yes"/>
  <tag k="source" v="Yahoo! Aerial Imagery"/>
  <tag k="surface" v="asphalt"/>
  <tag k="turn:lanes" v="left|through|through"/>
 </way>
 <way id="548540684" visible="true" version="4" changeset="140976889" timestamp="2023-09-08T09:01:47Z" user="MontBlanc1" uid="19895323">
  <nd ref="4276370230"/>
  <nd ref="10717752343"/>
  <nd ref="1913500630"/>
  <nd ref="1913500645"/>
  <nd ref="11176219648"/>
  <nd ref="4276363774"/>
  <nd ref="4276363777"/>
  <nd ref="1913500655"/>
  <tag k="highway" v="trunk"/>
  <tag k="lanes" v="2"/>
  <tag k="maxspeed" v="70"/>
  <tag k="name" v="Avenida General Rumiñahui"/>
  <tag k="oneway" v="yes"/>
  <tag k="source" v="Yahoo! Aerial Imagery"/>
  <tag k="surface" v="asphalt"/>
 </way>
 <way id="637222503" visible="true" version="1" changeset="63800933" timestamp="2018-10-23T15:38:13Z" user="hen2613" uid="8992981">
  <nd ref="6007797561"/>
  <nd ref="6007797562"/>
  <nd ref="6007797563"/>
  <nd ref="6007797564"/>
  <nd ref="6007797561"/>
  <tag k="area" v="yes"/>
  <tag k="name" v="Parqueadero de bicicletas"/>
 </way>
 <way id="668160291" visible="true" version="4" changeset="145412954" timestamp="2023-12-22T16:38:31Z" user="ErickOchoa" uid="19030383">
  <nd ref="6256980941"/>
  <nd ref="6256980942"/>
  <nd ref="6256980943"/>
  <nd ref="6256980944"/>
  <nd ref="6256980941"/>
  <tag k="leisure" v="pitch"/>
  <tag k="lit" v="yes"/>
  <tag k="name" v="Cancha deportiva"/>
  <tag k="sport" v="soccer"/>
  <tag k="surface" v="grass"/>
 </way>
 <way id="668160292" visible="true" version="1" changeset="66889287" timestamp="2019-02-04T00:26:01Z" user="Blazker" uid="9412487">
  <nd ref="6256980945"/>
  <nd ref="6256980946"/>
  <nd ref="6256980947"/>
  <nd ref="6256980948"/>
  <nd ref="6256980945"/>
  <tag k="leisure" v="park"/>
  <tag k="name" v="Area Verde ESPE"/>
  <tag k="opening_hours" v="24/7"/>
 </way>
 <way id="668160293" visible="true" version="4" changeset="145413043" timestamp="2023-12-22T17:19:14Z" user="ErickOchoa" uid="19030383">
  <nd ref="1856522483"/>
  <nd ref="7787909489"/>
  <nd ref="7774587074"/>
  <nd ref="7774587073"/>
  <nd ref="7774770548"/>
  <nd ref="6256980949"/>
  <nd ref="6256980952"/>
  <nd ref="6256980950"/>
  <nd ref="6256980951"/>
  <tag k="highway" v="footway"/>
  <tag k="surface" v="concrete"/>
 </way>
 <way id="668160294" visible="true" version="1" changeset="66889287" timestamp="2019-02-04T00:26:01Z" user="Blazker" uid="9412487">
  <nd ref="6256980951"/>
  <nd ref="6256980953"/>
  <nd ref="6256980954"/>
  <nd ref="6256980960"/>
  <nd ref="6256980955"/>
  <nd ref="4073788681"/>
  <tag k="highway" v="footway"/>
 </way>
 <way id="668160295" visible="true" version="1" changeset="66889287" timestamp="2019-02-04T00:26:02Z" user="Blazker" uid="9412487">
  <nd ref="6256980955"/>
  <nd ref="6256980956"/>
  <nd ref="1856522507"/>
  <tag k="highway" v="footway"/>
 </way>
 <way id="668160296" visible="true" version="2" changeset="145413043" timestamp="2023-12-22T17:19:09Z" user="ErickOchoa" uid="19030383">
  <nd ref="6256980949"/>
  <nd ref="6256980957"/>
  <nd ref="6256980956"/>
  <tag k="highway" v="footway"/>
  <tag k="surface" v="concrete"/>
 </way>
 <way id="668160297" visible="true" version="1" changeset="66889287" timestamp="2019-02-04T00:26:02Z" user="Blazker" uid="9412487">
  <nd ref="6256980949"/>
  <nd ref="6256980958"/>
  <nd ref="6256980959"/>
  <nd ref="6256980960"/>
  <tag k="highway" v="footway"/>
 </way>
 <way id="668160298" visible="true" version="1" changeset="66889287" timestamp="2019-02-04T00:26:02Z" user="Blazker" uid="9412487">
  <nd ref="6256980961"/>
  <nd ref="6256980962"/>
  <nd ref="6256980963"/>
  <nd ref="6256980964"/>
  <nd ref="6256980965"/>
  <nd ref="6256980966"/>
  <nd ref="6256980967"/>
  <nd ref="6256980968"/>
  <nd ref="6256980961"/>
  <tag k="leisure" v="park"/>
  <tag k="name" v="Los patos"/>
 </way>
 <way id="668160299" visible="true" version="4" changeset="145412954" timestamp="2023-12-22T16:38:24Z" user="ErickOchoa" uid="19030383">
  <nd ref="6256980969"/>
  <nd ref="6256980970"/>
  <nd ref="6256980971"/>
  <nd ref="6256980972"/>
  <nd ref="6256980969"/>
  <tag k="leisure" v="pitch"/>
  <tag k="lit" v="yes"/>
  <tag k="name" v="Cancha de baloncesto"/>
  <tag k="sport" v="basketball"/>
  <tag k="surface" v="concrete"/>
 </way>
 <way id="668160300" visible="true" version="4" changeset="145412954" timestamp="2023-12-22T16:36:00Z" user="ErickOchoa" uid="19030383">
  <nd ref="6256980973"/>
  <nd ref="6256980974"/>
  <nd ref="6256980975"/>
  <nd ref="6256980976"/>
  <nd ref="6256980973"/>
  <tag k="leisure" v="pitch"/>
  <tag k="lit" v="yes"/>
  <tag k="name" v="Cancha de baloncesto"/>
  <tag k="sport" v="basketball"/>
  <tag k="surface" v="concrete"/>
 </way>
 <way id="668160301" visible="true" version="1" changeset="66889287" timestamp="2019-02-04T00:26:02Z" user="Blazker" uid="9412487">
  <nd ref="6256980977"/>
  <nd ref="6256980978"/>
  <nd ref="6256980979"/>
  <nd ref="6256980980"/>
  <nd ref="6256980981"/>
  <nd ref="6256980982"/>
  <nd ref="6256980983"/>
  <nd ref="6256980984"/>
  <nd ref="6256983885"/>
  <nd ref="6256983886"/>
  <nd ref="6256983887"/>
  <nd ref="6256980977"/>
  <tag k="leisure" v="park"/>
  <tag k="name" v="Parque Espe"/>
 </way>
 <way id="668160302" visible="true" version="2" changeset="145413043" timestamp="2023-12-22T17:03:24Z" user="ErickOchoa" uid="19030383">
  <nd ref="6256983888"/>
  <nd ref="6256983889"/>
  <nd ref="6256983890"/>
  <nd ref="6256983891"/>
  <nd ref="6256983892"/>
  <nd ref="6256983893"/>
  <nd ref="6256983894"/>
  <nd ref="6256983895"/>
  <nd ref="6256983896"/>
  <nd ref="6256983897"/>
  <nd ref="2932140213"/>
  <tag k="highway" v="footway"/>
  <tag k="surface" v="pebblestone"/>
 </way>
 <way id="668160303" visible="true" version="2" changeset="68106266" timestamp="2019-03-13T16:36:52Z" user="Georafas" uid="9395904">
  <nd ref="6256983898"/>
  <nd ref="6256983899"/>
  <nd ref="6256983900"/>
  <nd ref="6256983901"/>
  <nd ref="6256983902"/>
  <nd ref="6256983903"/>
  <nd ref="6256983904"/>
  <nd ref="6335917946"/>
  <nd ref="6256983906"/>
  <nd ref="6256983907"/>
  <nd ref="6256983908"/>
  <nd ref="6256983909"/>
  <nd ref="6256983898"/>
  <tag k="leisure" v="park"/>
  <tag k="name" v="Área verde"/>
 </way>
 <way id="668160304" visible="true" version="2" changeset="145413043" timestamp="2023-12-22T17:18:32Z" user="ErickOchoa" uid="19030383">
  <nd ref="6256983910"/>
  <nd ref="6256983911"/>
  <nd ref="6256983912"/>
  <nd ref="6256983921"/>
  <nd ref="6256983913"/>
  <nd ref="6256983914"/>
  <nd ref="6256983915"/>
  <nd ref="1856522486"/>
  <tag k="highway" v="footway"/>
  <tag k="surface" v="concrete"/>
 </way>
 <way id="679813612" visible="true" version="3" changeset="135744344" timestamp="2023-05-05T14:17:52Z" user="Pegasus21" uid="13510663">
  <nd ref="6365254256"/>
  <nd ref="6365254255"/>
  <nd ref="6365254254"/>
  <nd ref="7105182167"/>
  <nd ref="6365254253"/>
  <nd ref="6365254252"/>
  <nd ref="6365254251"/>
  <nd ref="6365254250"/>
  <nd ref="6365254249"/>
  <nd ref="6365254248"/>
  <nd ref="6365254247"/>
  <nd ref="6365254246"/>
  <tag k="access" v="private"/>
  <tag k="highway" v="service"/>
 </way>
 <way id="679813613" visible="true" version="4" changeset="135744344" timestamp="2023-05-05T14:17:52Z" user="Pegasus21" uid="13510663">
  <nd ref="6365254281"/>
  <nd ref="7105197182"/>
  <nd ref="6365254256"/>
  <nd ref="6365254280"/>
  <nd ref="6365254278"/>
  <tag k="access" v="private"/>
  <tag k="highway" v="service"/>
 </way>
 <way id="679852857" visible="true" version="6" changeset="141144230" timestamp="2023-09-12T05:50:58Z" user="PatagonianPlateau" uid="17999760">
  <nd ref="6365593880"/>
  <nd ref="10870880133"/>
  <nd ref="10870880131"/>
  <nd ref="10870880134"/>
  <nd ref="10870880135"/>
  <nd ref="10870880130"/>
  <nd ref="10870880132"/>
  <nd ref="10870880136"/>
  <nd ref="10870880137"/>
  <nd ref="6365593880"/>
  <tag k="access" v="private"/>
  <tag k="highway" v="service"/>
  <tag k="oneway" v="yes"/>
  <tag k="source" v="Reconocimiento cortográfico de campo 2016 por KG"/>
 </way>
 <way id="760577476" visible="true" version="4" changeset="136473295" timestamp="2023-05-23T21:18:46Z" user="Baconcrisp" uid="3778777">
  <nd ref="7105182167"/>
  <nd ref="7105182170"/>
  <nd ref="7105182168"/>
  <nd ref="7105182169"/>
  <tag k="access" v="private"/>
  <tag k="highway" v="service"/>
  <tag k="lanes" v="2"/>
  <tag k="maxspeed" v="20"/>
  <tag k="name" v="Camino Parqueadero 1"/>
  <tag k="surface" v="asphalt"/>
 </way>
 <way id="760577477" visible="true" version="6" changeset="141089492" timestamp="2023-09-11T04:19:27Z" user="MontBlanc1" uid="19895323">
  <nd ref="6365254281"/>
  <nd ref="11182356524"/>
  <nd ref="11182356523"/>
  <nd ref="7105182173"/>
  <nd ref="11182356522"/>
  <nd ref="11182356521"/>
  <nd ref="7105182172"/>
  <nd ref="7105182170"/>
  <tag k="access" v="private"/>
  <tag k="highway" v="service"/>
  <tag k="lanes" v="2"/>
  <tag k="maxspeed" v="20"/>
  <tag k="name" v="Camino Parqueadero"/>
  <tag k="surface" v="asphalt"/>
 </way>
 <way id="760579101" visible="true" version="5" changeset="141189628" timestamp="2023-09-13T05:15:03Z" user="MontBlanc1" uid="19895323">
  <nd ref="7105197183"/>
  <nd ref="7105197182"/>
  <tag k="access" v="private"/>
  <tag k="highway" v="track"/>
  <tag k="lanes" v="1"/>
  <tag k="maxspeed" v="20"/>
  <tag k="name" v="Camino Área Verde"/>
  <tag k="surface" v="unpaved"/>
 </way>
 <way id="760631708" visible="true" version="3" changeset="132233353" timestamp="2023-02-08T02:28:30Z" user="MishellCatucuamba" uid="12397323">
  <nd ref="7105634237"/>
  <nd ref="7105634238"/>
  <nd ref="7105634239"/>
  <nd ref="7105634240"/>
  <nd ref="7105634237"/>
  <tag k="access" v="yes"/>
  <tag k="leisure" v="pitch"/>
  <tag k="lit" v="yes"/>
  <tag k="name" v="Cancha de fútbol sala"/>
  <tag k="sport" v="soccer"/>
  <tag k="surface" v="concrete"/>
 </way>
 <way id="760637636" visible="true" version="2" changeset="136424858" timestamp="2023-05-22T17:50:22Z" user="MishellCatucuamba" uid="12397323">
  <nd ref="7105728314"/>
  <nd ref="7105728315"/>
  <nd ref="7105728316"/>
  <nd ref="7105728317"/>
  <nd ref="7105728318"/>
  <nd ref="7105728319"/>
  <nd ref="7105728320"/>
  <nd ref="7105728321"/>
  <nd ref="7105728322"/>
  <nd ref="7105728323"/>
  <nd ref="7105728324"/>
  <nd ref="7105728325"/>
  <nd ref="7105728326"/>
  <nd ref="7105728314"/>
  <tag k="access" v="yes"/>
  <tag k="amenity" v="parking"/>
  <tag k="capacity" v="50"/>
  <tag k="fee" v="yes"/>
  <tag k="operator" v="Estacionamiento Bar"/>
  <tag k="operator:type" v="public"/>
  <tag k="parking" v="surface"/>
  <tag k="surface" v="asphalt"/>
 </way>
 <way id="760637637" visible="true" version="2" changeset="175931811" timestamp="2025-12-14T19:19:54Z" user="susaanna" uid="23188359">
  <nd ref="7105728327"/>
  <nd ref="7105728328"/>
  <nd ref="7105728329"/>
  <nd ref="7105728330"/>
  <nd ref="7105728331"/>
  <nd ref="7105728332"/>
  <nd ref="7105728333"/>
  <nd ref="7105728334"/>
  <nd ref="13376438476"/>
  <nd ref="7105728340"/>
  <nd ref="7105728341"/>
  <nd ref="13376438500"/>
  <nd ref="13376438499"/>
  <nd ref="7105728342"/>
  <nd ref="13376438498"/>
  <nd ref="7105728343"/>
  <nd ref="7105728344"/>
  <nd ref="13376438497"/>
  <nd ref="7105728345"/>
  <nd ref="7105728346"/>
  <nd ref="13376438496"/>
  <nd ref="13376438495"/>
  <nd ref="13376438494"/>
  <nd ref="13376438493"/>
  <nd ref="13376476802"/>
  <nd ref="13376438492"/>
  <nd ref="7105728348"/>
  <nd ref="13376476801"/>
  <nd ref="13376438491"/>
  <nd ref="13376438490"/>
  <nd ref="13376438489"/>
  <nd ref="13376438488"/>
  <nd ref="13376438487"/>
  <nd ref="13376438486"/>
  <nd ref="13376438485"/>
  <nd ref="13376438483"/>
  <nd ref="13376438484"/>
  <nd ref="13376438482"/>
  <nd ref="7105728349"/>
  <nd ref="13376438481"/>
  <nd ref="13376438480"/>
  <nd ref="13376476806"/>
  <nd ref="13376438479"/>
  <nd ref="13376476805"/>
  <nd ref="13376476804"/>
  <nd ref="13376476803"/>
  <nd ref="7105728350"/>
  <nd ref="7105728351"/>
  <nd ref="7105728352"/>
  <nd ref="13376438478"/>
  <nd ref="13376438477"/>
  <nd ref="7105728353"/>
  <nd ref="7105728354"/>
  <nd ref="7105728327"/>
  <tag k="building" v="public"/>
  <tag k="building:levels" v="3"/>
  <tag k="name" v="Postgrados"/>
  <tag k="smoking" v="no"/>
 </way>
 <way id="832825964" visible="true" version="4" changeset="176740819" timestamp="2026-01-02T12:28:10Z" user="piligab" uid="3877019">
  <nd ref="7774587030"/>
  <nd ref="13376912354"/>
  <nd ref="13376912355"/>
  <nd ref="13376912356"/>
  <nd ref="7774587032"/>
  <nd ref="7774587033"/>
  <nd ref="13376912359"/>
  <nd ref="7774587034"/>
  <nd ref="13376912360"/>
  <nd ref="7774587035"/>
  <nd ref="7774587036"/>
  <nd ref="7774587037"/>
  <nd ref="7774587038"/>
  <nd ref="13376912352"/>
  <nd ref="7774587039"/>
  <nd ref="7774587040"/>
  <nd ref="7774587030"/>
  <tag k="building" v="yes"/>
  <tag k="name" v="Comedor universitario"/>
  <tag k="opening_hours" v="Mo-Fr 07:00-15:00+"/>
 </way>
 <way id="832825965" visible="true" version="3" changeset="145412954" timestamp="2023-12-22T16:38:23Z" user="ErickOchoa" uid="19030383">
  <nd ref="7774587043"/>
  <nd ref="7774587044"/>
  <nd ref="7774587045"/>
  <nd ref="7774587046"/>
  <nd ref="7774587043"/>
  <tag k="leisure" v="pitch"/>
  <tag k="lit" v="yes"/>
  <tag k="name" v="Cancha de basloncesto"/>
  <tag k="sport" v="basketball"/>
  <tag k="surface" v="concrete"/>
 </way>
 <way id="832825966" visible="true" version="4" changeset="145412954" timestamp="2023-12-22T16:36:01Z" user="ErickOchoa" uid="19030383">
  <nd ref="7774587047"/>
  <nd ref="8841650491"/>
  <nd ref="8841650494"/>
  <nd ref="7774587048"/>
  <nd ref="8841650495"/>
  <nd ref="7774587049"/>
  <nd ref="8841650493"/>
  <nd ref="8841650490"/>
  <nd ref="7774587050"/>
  <nd ref="8841650488"/>
  <nd ref="7774587047"/>
  <tag k="leisure" v="pitch"/>
  <tag k="lit" v="yes"/>
  <tag k="name" v="Canchas de tennis"/>
  <tag k="sport" v="tennis"/>
  <tag k="surface" v="concrete"/>
 </way>
 <way id="832825967" visible="true" version="3" changeset="145412954" timestamp="2023-12-22T16:36:14Z" user="ErickOchoa" uid="19030383">
  <nd ref="7774587052"/>
  <nd ref="7774587053"/>
  <nd ref="7774587054"/>
  <nd ref="7774587055"/>
  <nd ref="7774587052"/>
  <tag k="leisure" v="pitch"/>
  <tag k="lit" v="yes"/>
  <tag k="sport" v="volleyball"/>
  <tag k="surface" v="concrete"/>
 </way>
 <way id="832825968" visible="true" version="3" changeset="145412954" timestamp="2023-12-22T16:36:03Z" user="ErickOchoa" uid="19030383">
  <nd ref="7774587056"/>
  <nd ref="7774587057"/>
  <nd ref="7774587058"/>
  <nd ref="7774587059"/>
  <nd ref="7774587056"/>
  <tag k="leisure" v="pitch"/>
  <tag k="lit" v="yes"/>
  <tag k="sport" v="volleyball"/>
  <tag k="surface" v="concrete"/>
 </way>
 <way id="832825969" visible="true" version="3" changeset="145412954" timestamp="2023-12-22T16:38:25Z" user="ErickOchoa" uid="19030383">
  <nd ref="7774587060"/>
  <nd ref="7774587061"/>
  <nd ref="7774587062"/>
  <nd ref="7774587063"/>
  <nd ref="7774587060"/>
  <tag k="leisure" v="pitch"/>
  <tag k="lit" v="yes"/>
  <tag k="sport" v="volleyball"/>
  <tag k="surface" v="concrete"/>
 </way>
 <way id="832825970" visible="true" version="3" changeset="145412954" timestamp="2023-12-22T16:38:21Z" user="ErickOchoa" uid="19030383">
  <nd ref="7774587064"/>
  <nd ref="7774587065"/>
  <nd ref="7774587066"/>
  <nd ref="7774587067"/>
  <nd ref="7774587064"/>
  <tag k="leisure" v="pitch"/>
  <tag k="lit" v="yes"/>
  <tag k="sport" v="volleyball"/>
  <tag k="surface" v="concrete"/>
 </way>
 <way id="832825971" visible="true" version="2" changeset="148837628" timestamp="2024-03-18T22:57:45Z" user="Gaby Elizabeth" uid="21218501">
  <nd ref="7774587068"/>
  <nd ref="7774587069"/>
  <nd ref="7774587070"/>
  <nd ref="7774587071"/>
  <nd ref="7774587072"/>
  <nd ref="7774587068"/>
  <tag k="amenity" v="parking"/>
  <tag k="parking" v="street_side"/>
 </way>
 <way id="832825974" visible="true" version="3" changeset="126199359" timestamp="2022-09-14T22:06:03Z" user="Goatosm" uid="8578206">
  <nd ref="7774587083"/>
  <nd ref="9512344211"/>
  <nd ref="7774587084"/>
  <nd ref="9512344210"/>
  <nd ref="9512344209"/>
  <nd ref="9512344208"/>
  <nd ref="9512344206"/>
  <nd ref="7774770485"/>
  <nd ref="9512344207"/>
  <nd ref="9512344200"/>
  <nd ref="7774770486"/>
  <nd ref="9512344201"/>
  <nd ref="9512344202"/>
  <nd ref="9512344203"/>
  <nd ref="9512344204"/>
  <nd ref="9512344205"/>
  <nd ref="7774770487"/>
  <nd ref="7774587083"/>
  <tag k="access" v="private"/>
  <tag k="highway" v="service"/>
  <tag k="oneway" v="yes"/>
  <tag k="service" v="parking_aisle"/>
 </way>
 <way id="832825975" visible="true" version="1" changeset="88804232" timestamp="2020-08-01T03:10:35Z" user="Evelyn Angos" uid="11583100">
  <nd ref="7774770488"/>
  <nd ref="7774770489"/>
  <nd ref="7774770490"/>
  <nd ref="7774770491"/>
  <nd ref="7774770488"/>
  <tag k="amenity" v="parking_space"/>
  <tag k="capacity" v="1"/>
 </way>
 <way id="832825977" visible="true" version="1" changeset="88804232" timestamp="2020-08-01T03:10:35Z" user="Evelyn Angos" uid="11583100">
  <nd ref="7774770497"/>
  <nd ref="7774770498"/>
  <nd ref="7774770499"/>
  <nd ref="7774770500"/>
  <nd ref="7774770497"/>
  <tag k="leisure" v="park"/>
 </way>
 <way id="832825978" visible="true" version="1" changeset="88804232" timestamp="2020-08-01T03:10:35Z" user="Evelyn Angos" uid="11583100">
  <nd ref="7774770501"/>
  <nd ref="7774770502"/>
  <nd ref="7774770503"/>
  <nd ref="7774770504"/>
  <nd ref="7774770501"/>
  <tag k="leisure" v="park"/>
 </way>
 <way id="832825979" visible="true" version="2" changeset="148837628" timestamp="2024-03-18T22:57:46Z" user="Gaby Elizabeth" uid="21218501">
  <nd ref="7774770505"/>
  <nd ref="7774770506"/>
  <nd ref="7774770507"/>
  <nd ref="7774770508"/>
  <nd ref="7774770505"/>
  <tag k="amenity" v="parking"/>
  <tag k="parking" v="street_side"/>
 </way>
 <way id="832825980" visible="true" version="2" changeset="136424748" timestamp="2023-05-22T17:50:25Z" user="MishellCatucuamba" uid="12397323">
  <nd ref="7774770509"/>
  <nd ref="7774770510"/>
  <nd ref="7774770511"/>
  <nd ref="7774770512"/>
  <nd ref="7774770513"/>
  <nd ref="7774770514"/>
  <nd ref="7774770515"/>
  <nd ref="7774770516"/>
  <nd ref="7774770509"/>
  <tag k="amenity" v="parking"/>
  <tag k="parking" v="street_side"/>
 </way>
 <way id="832825981" visible="true" version="2" changeset="133103644" timestamp="2023-02-27T20:48:26Z" user="MishellCatucuamba" uid="12397323">
  <nd ref="7774770517"/>
  <nd ref="7774770518"/>
  <nd ref="7774770519"/>
  <nd ref="7774770520"/>
  <nd ref="7774770521"/>
  <nd ref="7774770522"/>
  <nd ref="7774770523"/>
  <nd ref="7774770524"/>
  <nd ref="7774770525"/>
  <nd ref="7774770526"/>
  <nd ref="7774770527"/>
  <nd ref="7774770528"/>
  <nd ref="7774770529"/>
  <nd ref="7774770517"/>
  <tag k="amenity" v="parking"/>
  <tag k="parking" v="street_side"/>
 </way>
 <way id="832825982" visible="true" version="1" changeset="88804232" timestamp="2020-08-01T03:10:35Z" user="Evelyn Angos" uid="11583100">
  <nd ref="7774770530"/>
  <nd ref="7774770531"/>
  <nd ref="7774770532"/>
  <nd ref="7774770533"/>
  <nd ref="7774770534"/>
  <nd ref="7774770535"/>
  <nd ref="7774770536"/>
  <nd ref="7774770530"/>
  <tag k="natural" v="grassland"/>
 </way>
 <way id="832825983" visible="true" version="1" changeset="88804232" timestamp="2020-08-01T03:10:35Z" user="Evelyn Angos" uid="11583100">
  <nd ref="7774770537"/>
  <nd ref="7774770538"/>
  <nd ref="7774770539"/>
  <nd ref="7774770540"/>
  <nd ref="7774770541"/>
  <nd ref="7774770542"/>
  <nd ref="7774770543"/>
  <nd ref="7774770537"/>
  <tag k="natural" v="wood"/>
 </way>
 <way id="832825988" visible="true" version="1" changeset="88804232" timestamp="2020-08-01T03:10:35Z" user="Evelyn Angos" uid="11583100">
  <nd ref="7774770553"/>
  <nd ref="1893846275"/>
  <tag k="highway" v="footway"/>
 </way>
 <way id="832825989" visible="true" version="1" changeset="88804232" timestamp="2020-08-01T03:10:35Z" user="Evelyn Angos" uid="11583100">
  <nd ref="7774770554"/>
  <nd ref="7774770560"/>
  <nd ref="7774770556"/>
  <nd ref="7774770557"/>
  <nd ref="7774770558"/>
  <nd ref="7774770555"/>
  <tag k="highway" v="footway"/>
 </way>
 <way id="832825990" visible="true" version="1" changeset="88804232" timestamp="2020-08-01T03:10:35Z" user="Evelyn Angos" uid="11583100">
  <nd ref="7774770559"/>
  <nd ref="7774770560"/>
  <tag k="highway" v="footway"/>
 </way>
 <way id="832825991" visible="true" version="2" changeset="145413170" timestamp="2023-12-22T16:41:52Z" user="ErickOchoa" uid="19030383">
  <nd ref="7774770561"/>
  <nd ref="7774770562"/>
  <nd ref="7774770563"/>
  <nd ref="7774770564"/>
  <nd ref="7774770561"/>
  <tag k="amenity" v="parking"/>
  <tag k="parking" v="street_side"/>
 </way>
 <way id="832825992" visible="true" version="1" changeset="88804232" timestamp="2020-08-01T03:10:35Z" user="Evelyn Angos" uid="11583100">
  <nd ref="7774770566"/>
  <nd ref="7774770567"/>
  <nd ref="7774770568"/>
  <nd ref="7774770569"/>
  <nd ref="7774770566"/>
  <tag k="natural" v="grassland"/>
 </way>
 <way id="832825993" visible="true" version="2" changeset="145413043" timestamp="2023-12-22T17:19:00Z" user="ErickOchoa" uid="19030383">
  <nd ref="7774770570"/>
  <nd ref="7774770571"/>
  <tag k="highway" v="footway"/>
  <tag k="surface" v="concrete"/>
 </way>
 <way id="832825994" visible="true" version="3" changeset="176653397" timestamp="2025-12-31T00:58:37Z" user="susaanna" uid="23188359">
  <nd ref="7774770572"/>
  <nd ref="7774770573"/>
  <nd ref="7774770574"/>
  <nd ref="7774770575"/>
  <nd ref="13419376524"/>
  <nd ref="7774770576"/>
  <nd ref="7774770577"/>
  <nd ref="7774770572"/>
  <tag k="leisure" v="park"/>
 </way>
 <way id="832825995" visible="true" version="2" changeset="175938886" timestamp="2025-12-14T23:56:25Z" user="susaanna" uid="23188359">
  <nd ref="7774770580"/>
  <nd ref="7774770581"/>
  <nd ref="7774770582"/>
  <nd ref="7774770583"/>
  <nd ref="7774770584"/>
  <nd ref="7774770585"/>
  <nd ref="7774770580"/>
  <tag k="building" v="house"/>
 </way>
 <way id="832825996" visible="true" version="1" changeset="88804232" timestamp="2020-08-01T03:10:35Z" user="Evelyn Angos" uid="11583100">
  <nd ref="2932140215"/>
  <nd ref="7774770588"/>
  <tag k="highway" v="footway"/>
 </way>
 <way id="834067549" visible="true" version="1" changeset="88954266" timestamp="2020-08-05T02:57:56Z" user="Axl Alx" uid="11602880">
  <nd ref="7785991239"/>
  <nd ref="1856522658"/>
  <nd ref="7785991246"/>
  <nd ref="7785991240"/>
  <nd ref="7785991241"/>
  <nd ref="1893814617"/>
  <nd ref="1893814609"/>
  <nd ref="1893814574"/>
  <tag k="description" v="Area campus espe"/>
  <tag k="name" v="alrededores espe"/>
 </way>
 <way id="834279359" visible="true" version="2" changeset="136424748" timestamp="2023-05-22T17:46:57Z" user="MishellCatucuamba" uid="12397323">
  <nd ref="7787905174"/>
  <nd ref="7787905175"/>
  <nd ref="7787905176"/>
  <nd ref="7787905177"/>
  <nd ref="7787905174"/>
  <tag k="amenity" v="parking"/>
  <tag k="operator" v="UrbanPark"/>
  <tag k="operator:type" v="private"/>
  <tag k="parking" v="street_side"/>
 </way>
 <way id="834279360" visible="true" version="1" changeset="88992840" timestamp="2020-08-05T16:47:25Z" user="Evelyn Angos" uid="11583100">
  <nd ref="7787905180"/>
  <nd ref="7787905181"/>
  <nd ref="7787905182"/>
  <nd ref="7787905183"/>
  <nd ref="7787909485"/>
  <nd ref="6256980950"/>
  <tag k="highway" v="footway"/>
 </way>
 <way id="834279361" visible="true" version="1" changeset="88992840" timestamp="2020-08-05T16:47:25Z" user="Evelyn Angos" uid="11583100">
  <nd ref="7787905183"/>
  <nd ref="7787905184"/>
  <nd ref="7787909488"/>
  <nd ref="7774587078"/>
  <nd ref="7774587073"/>
  <tag k="highway" v="footway"/>
 </way>
 <way id="834279362" visible="true" version="1" changeset="88992840" timestamp="2020-08-05T16:47:25Z" user="Evelyn Angos" uid="11583100">
  <nd ref="7787909485"/>
  <nd ref="7774587078"/>
  <nd ref="7787909486"/>
  <nd ref="7787909487"/>
  <nd ref="7787909488"/>
  <tag k="highway" v="footway"/>
 </way>
 <way id="834279363" visible="true" version="2" changeset="145413043" timestamp="2023-12-22T17:18:40Z" user="ErickOchoa" uid="19030383">
  <nd ref="7787909486"/>
  <nd ref="7787909489"/>
  <nd ref="7787909490"/>
  <nd ref="7787909491"/>
  <tag k="highway" v="footway"/>
  <tag k="surface" v="concrete"/>
 </way>
 <way id="834279364" visible="true" version="1" changeset="88992840" timestamp="2020-08-05T16:47:25Z" user="Evelyn Angos" uid="11583100">
  <nd ref="1856522485"/>
  <nd ref="1856522483"/>
  <tag k="highway" v="footway"/>
 </way>
 <way id="834279365" visible="true" version="2" changeset="136424496" timestamp="2023-05-22T17:38:57Z" user="MishellCatucuamba" uid="12397323">
  <nd ref="1856522486"/>
  <nd ref="10919539160"/>
  <nd ref="1856522485"/>
  <tag k="highway" v="footway"/>
 </way>
 <way id="834279366" visible="true" version="3" changeset="133103601" timestamp="2023-02-27T20:47:10Z" user="MishellCatucuamba" uid="12397323">
  <nd ref="7787909487"/>
  <nd ref="7787909492"/>
  <tag k="highway" v="footway"/>
  <tag k="lit" v="no"/>
  <tag k="surface" v="concrete"/>
 </way>
 <way id="834279367" visible="true" version="1" changeset="88992840" timestamp="2020-08-05T16:47:25Z" user="Evelyn Angos" uid="11583100">
  <nd ref="7787909493"/>
  <nd ref="7787909494"/>
  <nd ref="7787909495"/>
  <nd ref="7787909496"/>
  <nd ref="7787909493"/>
  <tag k="building" v="school"/>
 </way>
 <way id="834279368" visible="true" version="1" changeset="88992840" timestamp="2020-08-05T16:47:25Z" user="Evelyn Angos" uid="11583100">
  <nd ref="7787909497"/>
  <nd ref="7787909498"/>
  <nd ref="7787909499"/>
  <nd ref="7787909500"/>
  <nd ref="7787909497"/>
  <tag k="building" v="school"/>
 </way>
 <way id="955286749" visible="true" version="3" changeset="145412954" timestamp="2023-12-22T16:36:01Z" user="ErickOchoa" uid="19030383">
  <nd ref="7774587050"/>
  <nd ref="8841650488"/>
  <nd ref="8841650489"/>
  <nd ref="8841650490"/>
  <nd ref="7774587050"/>
  <tag k="leisure" v="pitch"/>
  <tag k="lit" v="yes"/>
  <tag k="name" v="Canchas de tennis"/>
  <tag k="sport" v="tennis"/>
  <tag k="surface" v="concrete"/>
 </way>
 <way id="955286750" visible="true" version="3" changeset="145412954" timestamp="2023-12-22T16:38:23Z" user="ErickOchoa" uid="19030383">
  <nd ref="8841650488"/>
  <nd ref="7774587047"/>
  <nd ref="8841650491"/>
  <nd ref="8841650489"/>
  <nd ref="8841650488"/>
  <tag k="leisure" v="pitch"/>
  <tag k="lit" v="yes"/>
  <tag k="name" v="Canchas de tennis"/>
  <tag k="sport" v="tennis"/>
  <tag k="surface" v="concrete"/>
 </way>
 <way id="955286751" visible="true" version="3" changeset="145412954" timestamp="2023-12-22T16:35:58Z" user="ErickOchoa" uid="19030383">
  <nd ref="8841650490"/>
  <nd ref="8841650489"/>
  <nd ref="8841650492"/>
  <nd ref="8841650493"/>
  <nd ref="8841650490"/>
  <tag k="leisure" v="pitch"/>
  <tag k="lit" v="yes"/>
  <tag k="name" v="Canchas de tennis"/>
  <tag k="sport" v="tennis"/>
  <tag k="surface" v="concrete"/>
 </way>
 <way id="955286752" visible="true" version="3" changeset="145412954" timestamp="2023-12-22T16:36:05Z" user="ErickOchoa" uid="19030383">
  <nd ref="8841650489"/>
  <nd ref="8841650491"/>
  <nd ref="8841650494"/>
  <nd ref="8841650492"/>
  <nd ref="8841650489"/>
  <tag k="leisure" v="pitch"/>
  <tag k="lit" v="yes"/>
  <tag k="name" v="Canchas de tennis"/>
  <tag k="sport" v="tennis"/>
  <tag k="surface" v="concrete"/>
 </way>
 <way id="955286753" visible="true" version="3" changeset="145412954" timestamp="2023-12-22T16:35:58Z" user="ErickOchoa" uid="19030383">
  <nd ref="8841650493"/>
  <nd ref="8841650492"/>
  <nd ref="8841650495"/>
  <nd ref="7774587049"/>
  <nd ref="8841650493"/>
  <tag k="leisure" v="pitch"/>
  <tag k="lit" v="yes"/>
  <tag k="name" v="Canchas de tennis"/>
  <tag k="sport" v="tennis"/>
  <tag k="surface" v="concrete"/>
 </way>
 <way id="955286754" visible="true" version="3" changeset="145412954" timestamp="2023-12-22T16:36:00Z" user="ErickOchoa" uid="19030383">
  <nd ref="8841650492"/>
  <nd ref="8841650494"/>
  <nd ref="7774587048"/>
  <nd ref="8841650495"/>
  <nd ref="8841650492"/>
  <tag k="leisure" v="pitch"/>
  <tag k="lit" v="yes"/>
  <tag k="name" v="Canchas de tennis"/>
  <tag k="sport" v="tennis"/>
  <tag k="surface" v="concrete"/>
 </way>
 <way id="1032398389" visible="true" version="2" changeset="126199359" timestamp="2022-09-14T22:06:03Z" user="Goatosm" uid="8578206">
  <nd ref="1856523693"/>
  <nd ref="1893846279"/>
  <tag k="access" v="private"/>
  <tag k="highway" v="service"/>
 </way>
 <way id="1032398390" visible="true" version="3" changeset="145413043" timestamp="2023-12-22T16:38:28Z" user="ErickOchoa" uid="19030383">
  <nd ref="6360247466"/>
  <nd ref="6365837409"/>
  <tag k="footway" v="crossing"/>
  <tag k="highway" v="footway"/>
  <tag k="name" v="Camino Garita-Bloque Central"/>
  <tag k="surface" v="asphalt"/>
 </way>
 <way id="1032398391" visible="true" version="3" changeset="145413043" timestamp="2023-12-22T17:05:33Z" user="ErickOchoa" uid="19030383">
  <nd ref="2932140217"/>
  <nd ref="6360247466"/>
  <tag k="highway" v="footway"/>
  <tag k="name" v="Camino Garita-Bloque Central"/>
  <tag k="surface" v="concrete"/>
 </way>
 <way id="1032398392" visible="true" version="1" changeset="117497239" timestamp="2022-02-16T23:22:03Z" user="(Inactive) Hoordinates" uid="8867106">
  <nd ref="9512344213"/>
  <nd ref="9512344212"/>
  <tag k="footway" v="crossing"/>
  <tag k="highway" v="footway"/>
 </way>
 <way id="1032398393" visible="true" version="2" changeset="145413043" timestamp="2023-12-22T16:38:29Z" user="ErickOchoa" uid="19030383">
  <nd ref="9512344214"/>
  <nd ref="9512344213"/>
  <tag k="highway" v="footway"/>
  <tag k="surface" v="asphalt"/>
 </way>
 <way id="1032398394" visible="true" version="3" changeset="148837663" timestamp="2024-03-18T22:59:46Z" user="Gaby Elizabeth" uid="21218501">
  <nd ref="9512356119"/>
  <nd ref="9512356118"/>
  <nd ref="9512356117"/>
  <nd ref="9512344216"/>
  <nd ref="9512344215"/>
  <nd ref="4073788668"/>
  <nd ref="6360246804"/>
  <nd ref="6360246803"/>
  <nd ref="4073788670"/>
  <tag k="highway" v="footway"/>
  <tag k="surface" v="concrete"/>
 </way>
 <way id="1032398395" visible="true" version="2" changeset="135742850" timestamp="2023-05-05T13:40:03Z" user="Pegasus21" uid="13510663">
  <nd ref="9512356121"/>
  <nd ref="9512356122"/>
  <nd ref="9512356118"/>
  <nd ref="9512356124"/>
  <nd ref="9512356120"/>
  <tag k="access" v="private"/>
  <tag k="highway" v="service"/>
  <tag k="service" v="parking_aisle"/>
 </way>
 <way id="1032398396" visible="true" version="2" changeset="135742850" timestamp="2023-05-05T13:40:03Z" user="Pegasus21" uid="13510663">
  <nd ref="9512356123"/>
  <nd ref="9512356122"/>
  <tag k="access" v="private"/>
  <tag k="highway" v="service"/>
 </way>
 <way id="1032398397" visible="true" version="2" changeset="135742850" timestamp="2023-05-05T13:40:03Z" user="Pegasus21" uid="13510663">
  <nd ref="9512356125"/>
  <nd ref="9512356124"/>
  <tag k="access" v="private"/>
  <tag k="highway" v="service"/>
 </way>
 <way id="1032398398" visible="true" version="3" changeset="135744975" timestamp="2023-05-05T14:34:27Z" user="Pegasus21" uid="13510663">
  <nd ref="1856522656"/>
  <nd ref="9512356125"/>
  <nd ref="9512356119"/>
  <nd ref="9512356123"/>
  <nd ref="1856522621"/>
  <tag k="access" v="private"/>
  <tag k="highway" v="service"/>
  <tag k="source" v="Reconocimiento cortográfico de campo 2016 por KG"/>
 </way>
 <way id="1032398399" visible="true" version="2" changeset="135742850" timestamp="2023-05-05T13:40:03Z" user="Pegasus21" uid="13510663">
  <nd ref="1856522621"/>
  <nd ref="1893846336"/>
  <tag k="access" v="private"/>
  <tag k="highway" v="service"/>
  <tag k="oneway" v="yes"/>
 </way>
 <way id="1032398400" visible="true" version="2" changeset="135742850" timestamp="2023-05-05T13:40:03Z" user="Pegasus21" uid="13510663">
  <nd ref="9512356130"/>
  <nd ref="9512356129"/>
  <nd ref="9512356128"/>
  <nd ref="9512356127"/>
  <nd ref="9512356126"/>
  <tag k="access" v="private"/>
  <tag k="highway" v="service"/>
  <tag k="oneway" v="yes"/>
 </way>
 <way id="1032398401" visible="true" version="2" changeset="135742850" timestamp="2023-05-05T13:40:03Z" user="Pegasus21" uid="13510663">
  <nd ref="1893846345"/>
  <nd ref="1856522612"/>
  <tag k="access" v="private"/>
  <tag k="highway" v="service"/>
 </way>
 <way id="1032398402" visible="true" version="2" changeset="145413043" timestamp="2023-12-22T17:03:24Z" user="ErickOchoa" uid="19030383">
  <nd ref="2932160638"/>
  <nd ref="6256983895"/>
  <tag k="highway" v="footway"/>
  <tag k="surface" v="pebblestone"/>
 </way>
 <way id="1032398403" visible="true" version="2" changeset="135743281" timestamp="2023-05-05T13:49:45Z" user="Pegasus21" uid="13510663">
  <nd ref="9512356131"/>
  <nd ref="9512356147"/>
  <tag k="access" v="private"/>
  <tag k="highway" v="service"/>
 </way>
 <way id="1032398404" visible="true" version="2" changeset="135743281" timestamp="2023-05-05T13:49:45Z" user="Pegasus21" uid="13510663">
  <nd ref="9512356148"/>
  <nd ref="9512356147"/>
  <nd ref="9512356133"/>
  <tag k="access" v="private"/>
  <tag k="highway" v="service"/>
  <tag k="oneway" v="yes"/>
 </way>
 <way id="1032398405" visible="true" version="2" changeset="135743281" timestamp="2023-05-05T13:49:45Z" user="Pegasus21" uid="13510663">
  <nd ref="9512356149"/>
  <nd ref="9512356148"/>
  <tag k="access" v="private"/>
  <tag k="highway" v="service"/>
 </way>
 <way id="1032398406" visible="true" version="2" changeset="135743281" timestamp="2023-05-05T13:49:45Z" user="Pegasus21" uid="13510663">
  <nd ref="9512356132"/>
  <nd ref="9512356131"/>
  <nd ref="9512356148"/>
  <tag k="access" v="private"/>
  <tag k="highway" v="service"/>
  <tag k="oneway" v="yes"/>
 </way>
 <way id="1032398407" visible="true" version="2" changeset="135743281" timestamp="2023-05-05T13:49:45Z" user="Pegasus21" uid="13510663">
  <nd ref="9512356133"/>
  <nd ref="9512356146"/>
  <nd ref="9512356145"/>
  <nd ref="9512356144"/>
  <nd ref="9512356143"/>
  <nd ref="9512356142"/>
  <nd ref="9512356141"/>
  <nd ref="9512356140"/>
  <nd ref="9512356139"/>
  <nd ref="9512356138"/>
  <nd ref="9512356137"/>
  <nd ref="9512356136"/>
  <nd ref="9512356135"/>
  <nd ref="9512356134"/>
  <nd ref="9512356132"/>
  <tag k="access" v="private"/>
  <tag k="highway" v="service"/>
  <tag k="oneway" v="yes"/>
  <tag k="service" v="parking_aisle"/>
 </way>
 <way id="1032398408" visible="true" version="1" changeset="117497239" timestamp="2022-02-16T23:22:03Z" user="(Inactive) Hoordinates" uid="8867106">
  <nd ref="9512356158"/>
  <nd ref="9512356155"/>
  <tag k="highway" v="footway"/>
 </way>
 <way id="1032398409" visible="true" version="1" changeset="117497239" timestamp="2022-02-16T23:22:03Z" user="(Inactive) Hoordinates" uid="8867106">
  <nd ref="2932140203"/>
  <nd ref="9512356159"/>
  <nd ref="9512356158"/>
  <nd ref="9512356157"/>
  <nd ref="9512356156"/>
  <tag k="highway" v="footway"/>
 </way>
 <way id="1094638822" visible="true" version="3" changeset="141086222" timestamp="2023-09-11T01:15:50Z" user="MountOssa" uid="19246098">
  <nd ref="1856522680"/>
  <nd ref="1893818114"/>
  <nd ref="1893818115"/>
  <nd ref="1893818113"/>
  <nd ref="1893818109"/>
  <nd ref="11182234150"/>
  <nd ref="1893818103"/>
  <tag k="highway" v="service"/>
  <tag k="oneway" v="yes"/>
  <tag k="source" v="Reconocimiento cortográfico de campo 2016 por KG"/>
  <tag k="surface" v="asphalt"/>
 </way>
 <way id="1094638823" visible="true" version="2" changeset="135744928" timestamp="2023-05-05T14:33:04Z" user="Pegasus21" uid="13510663">
  <nd ref="1855824058"/>
  <nd ref="1856522642"/>
  <nd ref="1893846387"/>
  <nd ref="1856522649"/>
  <nd ref="1893818121"/>
  <nd ref="1856522666"/>
  <tag k="access" v="private"/>
  <tag k="highway" v="service"/>
  <tag k="oneway" v="yes"/>
  <tag k="source" v="Reconocimiento cortográfico de campo 2016 por KG"/>
  <tag k="surface" v="asphalt"/>
 </way>
 <way id="1094638824" visible="true" version="2" changeset="135744928" timestamp="2023-05-05T14:33:04Z" user="Pegasus21" uid="13510663">
  <nd ref="4276370215"/>
  <nd ref="4578522642"/>
  <tag k="covered" v="yes"/>
  <tag k="highway" v="service"/>
  <tag k="oneway" v="yes"/>
  <tag k="source" v="Reconocimiento cortográfico de campo 2016 por KG"/>
  <tag k="surface" v="asphalt"/>
 </way>
 <way id="1094638825" visible="true" version="3" changeset="141842710" timestamp="2023-09-28T01:02:29Z" user="Solheimajokull" uid="10334725">
  <nd ref="4276370214"/>
  <nd ref="4578522645"/>
  <tag k="access" v="private"/>
  <tag k="covered" v="yes"/>
  <tag k="highway" v="service"/>
  <tag k="oneway" v="yes"/>
  <tag k="source" v="Reconocimiento cortográfico de campo 2016 por KG"/>
  <tag k="surface" v="asphalt"/>
 </way>
 <way id="1152268702" visible="true" version="1" changeset="133381390" timestamp="2023-03-06T22:05:42Z" user="Dalila Meza" uid="18635151">
  <nd ref="10717752338"/>
  <nd ref="10717752339"/>
  <nd ref="10717752340"/>
  <nd ref="10717752341"/>
  <nd ref="10717752342"/>
  <nd ref="10717752338"/>
  <tag k="area" v="yes"/>
 </way>
 <way id="1169005564" visible="true" version="1" changeset="135742850" timestamp="2023-05-05T13:40:03Z" user="Pegasus21" uid="13510663">
  <nd ref="10870818532"/>
  <nd ref="1856522560"/>
  <tag k="bridge" v="yes"/>
  <tag k="highway" v="footway"/>
  <tag k="layer" v="1"/>
 </way>
 <way id="1169009048" visible="true" version="2" changeset="141144230" timestamp="2023-09-12T05:50:58Z" user="PatagonianPlateau" uid="17999760">
  <nd ref="10870880131"/>
  <nd ref="10870880130"/>
  <tag k="access" v="private"/>
  <tag k="highway" v="service"/>
  <tag k="oneway" v="yes"/>
 </way>
 <way id="1169009049" visible="true" version="2" changeset="141144230" timestamp="2023-09-12T05:50:58Z" user="PatagonianPlateau" uid="17999760">
  <nd ref="10870880133"/>
  <nd ref="10870880132"/>
  <tag k="access" v="private"/>
  <tag k="highway" v="service"/>
  <tag k="oneway" v="yes"/>
 </way>
 <way id="1169009050" visible="true" version="1" changeset="135743281" timestamp="2023-05-05T13:49:45Z" user="Pegasus21" uid="13510663">
  <nd ref="9512356132"/>
  <nd ref="9512356133"/>
  <tag k="access" v="private"/>
  <tag k="highway" v="service"/>
  <tag k="oneway" v="yes"/>
  <tag k="service" v="parking_aisle"/>
 </way>
 <way id="1169009051" visible="true" version="2" changeset="135744928" timestamp="2023-05-05T14:33:04Z" user="Pegasus21" uid="13510663">
  <nd ref="9512356156"/>
  <nd ref="9512356150"/>
  <nd ref="1913473992"/>
  <nd ref="9512356151"/>
  <nd ref="1913473985"/>
  <tag k="access" v="private"/>
  <tag k="highway" v="service"/>
  <tag k="oneway" v="yes"/>
  <tag k="service" v="parking_aisle"/>
  <tag k="source" v="Reconocimiento cortográfico de campo 2016 por KG"/>
 </way>
 <way id="1175139222" visible="true" version="3" changeset="136424739" timestamp="2023-05-22T17:46:27Z" user="MishellCatucuamba" uid="12397323">
  <nd ref="10919771013"/>
  <nd ref="10919771014"/>
  <nd ref="10919771015"/>
  <nd ref="10919771016"/>
  <nd ref="10919771013"/>
  <tag k="leisure" v="pitch"/>
  <tag k="lit" v="no"/>
  <tag k="sport" v="soccer"/>
  <tag k="surface" v="grass"/>
 </way>
 <way id="1175139223" visible="true" version="3" changeset="136424739" timestamp="2023-05-22T17:46:29Z" user="MishellCatucuamba" uid="12397323">
  <nd ref="10919771017"/>
  <nd ref="10919771018"/>
  <nd ref="10919771019"/>
  <nd ref="10919771020"/>
  <nd ref="10919771017"/>
  <tag k="leisure" v="pitch"/>
  <tag k="lit" v="no"/>
  <tag k="sport" v="soccer"/>
  <tag k="surface" v="grass"/>
 </way>
 <way id="1206751195" visible="true" version="1" changeset="141086222" timestamp="2023-09-11T01:15:50Z" user="MountOssa" uid="19246098">
  <nd ref="11182234151"/>
  <nd ref="11182234150"/>
  <tag k="highway" v="service"/>
 </way>
 <way id="1206800012" visible="true" version="2" changeset="141234219" timestamp="2023-09-14T01:00:49Z" user="MontBlanc1" uid="19895323">
  <nd ref="11182643666"/>
  <nd ref="11182643665"/>
  <nd ref="11182643664"/>
  <nd ref="11182643663"/>
  <nd ref="11182643662"/>
  <nd ref="11182643661"/>
  <nd ref="1893818110"/>
  <tag k="access" v="private"/>
  <tag k="highway" v="service"/>
  <tag k="oneway" v="yes"/>
 </way>
 <way id="1207077236" visible="true" version="1" changeset="141144230" timestamp="2023-09-12T05:50:58Z" user="PatagonianPlateau" uid="17999760">
  <nd ref="6365593880"/>
  <nd ref="6365595792"/>
  <nd ref="1856522546"/>
  <nd ref="1856522566"/>
  <tag k="access" v="private"/>
  <tag k="highway" v="service"/>
  <tag k="oneway" v="no"/>
 </way>
 <way id="1275269144" visible="true" version="1" changeset="150392596" timestamp="2024-04-23T12:16:20Z" user="Solheimajokull" uid="10334725">
  <nd ref="11841249594"/>
  <nd ref="11841249593"/>
  <tag k="access" v="private"/>
  <tag k="highway" v="service"/>
 </way>
 <way id="1283096867" visible="true" version="1" changeset="151339712" timestamp="2024-05-15T04:33:09Z" user="kevin pilliza" uid="18319628">
  <nd ref="11905715645"/>
  <nd ref="11905715644"/>
  <nd ref="11905715643"/>
  <nd ref="11905715642"/>
  <nd ref="11905715641"/>
  <nd ref="11905715640"/>
  <nd ref="11905715645"/>
  <tag k="building" v="allotment_house"/>
 </way>
 <way id="1283096868" visible="true" version="1" changeset="151339712" timestamp="2024-05-15T04:33:09Z" user="kevin pilliza" uid="18319628">
  <nd ref="11905715653"/>
  <nd ref="11905715652"/>
  <nd ref="11905715651"/>
  <nd ref="11905715650"/>
  <nd ref="11905715649"/>
  <nd ref="11905715648"/>
  <nd ref="11905715647"/>
  <nd ref="11905715646"/>
  <nd ref="11905715653"/>
  <tag k="building" v="allotment_house"/>
 </way>
 <way id="1283096869" visible="true" version="1" changeset="151339712" timestamp="2024-05-15T04:33:09Z" user="kevin pilliza" uid="18319628">
  <nd ref="11905715659"/>
  <nd ref="11905715658"/>
  <nd ref="11905715657"/>
  <nd ref="11905715656"/>
  <nd ref="11905715655"/>
  <nd ref="11905715654"/>
  <nd ref="11905715659"/>
  <tag k="building" v="allotment_house"/>
 </way>
 <way id="1304733241" visible="true" version="1" changeset="154625143" timestamp="2024-07-30T22:05:31Z" user="rodolfovargas" uid="1217047">
  <nd ref="12084024805"/>
  <nd ref="12084024806"/>
  <nd ref="12084024807"/>
  <nd ref="12084024808"/>
  <nd ref="12084024809"/>
  <nd ref="12084024810"/>
  <nd ref="12084024811"/>
  <nd ref="12084024812"/>
  <nd ref="12084024805"/>
  <tag k="building" v="yes"/>
 </way>
 <way id="1308038039" visible="true" version="1" changeset="155303626" timestamp="2024-08-15T22:19:16Z" user="JuanMelo" uid="12906384">
  <nd ref="12113443067"/>
  <nd ref="12113443068"/>
  <nd ref="12113443069"/>
  <nd ref="12113443070"/>
  <nd ref="12113443067"/>
  <tag k="building" v="yes"/>
 </way>
 <way id="1309478231" visible="true" version="1" changeset="155577384" timestamp="2024-08-21T20:22:28Z" user="Verónica Ayala Arias" uid="14322422">
  <nd ref="12125384034"/>
  <nd ref="12125384035"/>
  <nd ref="12125384036"/>
  <nd ref="12125384037"/>
  <nd ref="12125384038"/>
  <nd ref="12125384034"/>
  <tag k="highway" v="rest_area"/>
 </way>
 <way id="1314727304" visible="true" version="1" changeset="156458804" timestamp="2024-09-10T21:43:13Z" user="MishellCatucuamba" uid="12397323">
  <nd ref="12168932741"/>
  <nd ref="12168932740"/>
  <nd ref="12168932739"/>
  <nd ref="12168932738"/>
  <nd ref="12168932741"/>
  <tag k="leisure" v="pitch"/>
  <tag k="sport" v="volleyball"/>
 </way>
 <way id="1314727305" visible="true" version="1" changeset="156458804" timestamp="2024-09-10T21:43:13Z" user="MishellCatucuamba" uid="12397323">
  <nd ref="12168932745"/>
  <nd ref="12168932744"/>
  <nd ref="12168932743"/>
  <nd ref="12168932742"/>
  <nd ref="12168932745"/>
  <tag k="building" v="yes"/>
 </way>
 <way id="1314727306" visible="true" version="1" changeset="156458804" timestamp="2024-09-10T21:43:13Z" user="MishellCatucuamba" uid="12397323">
  <nd ref="12168932749"/>
  <nd ref="12168932748"/>
  <nd ref="12168932747"/>
  <nd ref="12168932746"/>
  <nd ref="12168932749"/>
  <tag k="building" v="yes"/>
 </way>
 <way id="1314727307" visible="true" version="1" changeset="156458804" timestamp="2024-09-10T21:43:13Z" user="MishellCatucuamba" uid="12397323">
  <nd ref="12168932753"/>
  <nd ref="12168932752"/>
  <nd ref="12168932751"/>
  <nd ref="12168932750"/>
  <nd ref="12168932753"/>
  <tag k="building" v="yes"/>
 </way>
 <way id="1322367598" visible="true" version="1" changeset="157646950" timestamp="2024-10-08T21:33:19Z" user="DoloresReis" uid="16805459">
  <nd ref="12236423154"/>
  <nd ref="12236423153"/>
  <nd ref="12236423152"/>
  <nd ref="12236423151"/>
  <nd ref="12236423154"/>
  <tag k="building" v="yes"/>
 </way>
 <way id="1342401212" visible="true" version="1" changeset="160241256" timestamp="2024-12-13T11:10:23Z" user="LogoneRiver" uid="19895166">
  <nd ref="1913500622"/>
  <nd ref="11185018545"/>
  <tag k="foot" v="no"/>
  <tag k="highway" v="service"/>
  <tag k="oneway" v="yes"/>
  <tag k="surface" v="asphalt"/>
 </way>
 <way id="1342401215" visible="true" version="1" changeset="160241256" timestamp="2024-12-13T11:10:23Z" user="LogoneRiver" uid="19895166">
  <nd ref="12419534194"/>
  <nd ref="12419534193"/>
  <tag k="footway" v="crossing"/>
  <tag k="highway" v="footway"/>
 </way>
 <way id="1389949343" visible="true" version="1" changeset="166801720" timestamp="2025-05-27T00:10:38Z" user="Marin Alquinga Josue Isaac" uid="22941299">
  <nd ref="12865701685"/>
  <nd ref="7774587050"/>
  <nd ref="7774587049"/>
  <nd ref="12865701684"/>
 </way>
 <way id="1457594925" visible="true" version="1" changeset="175773981" timestamp="2025-12-10T19:27:58Z" user="susaanna" uid="23188359">
  <nd ref="13367989558"/>
  <nd ref="13367989559"/>
  <nd ref="13367989560"/>
  <nd ref="13367989561"/>
  <nd ref="13367989558"/>
  <tag k="building" v="yes"/>
 </way>
 <way id="1458541390" visible="true" version="1" changeset="175931138" timestamp="2025-12-14T18:59:08Z" user="susaanna" uid="23188359">
  <nd ref="13376405406"/>
  <nd ref="13376405407"/>
  <nd ref="13376405408"/>
  <nd ref="13376405409"/>
  <nd ref="13376405406"/>
  <tag k="building" v="yes"/>
 </way>
 <way id="1458541391" visible="true" version="1" changeset="175931138" timestamp="2025-12-14T18:59:08Z" user="susaanna" uid="23188359">
  <nd ref="13376405410"/>
  <nd ref="13376405411"/>
  <nd ref="13376405412"/>
  <nd ref="13376405413"/>
  <nd ref="13376405414"/>
  <nd ref="13376405415"/>
  <nd ref="13376405416"/>
  <nd ref="13376405417"/>
  <nd ref="13376405418"/>
  <nd ref="13376405419"/>
  <nd ref="13376405420"/>
  <nd ref="13376405421"/>
  <nd ref="13376405422"/>
  <nd ref="13376405423"/>
  <nd ref="13376405410"/>
  <tag k="building" v="yes"/>
 </way>
 <way id="1458541392" visible="true" version="1" changeset="175931138" timestamp="2025-12-14T18:59:08Z" user="susaanna" uid="23188359">
  <nd ref="13376405424"/>
  <nd ref="13376405425"/>
  <nd ref="13376405426"/>
  <nd ref="13376405427"/>
  <nd ref="13376405428"/>
  <nd ref="13376405429"/>
  <nd ref="13376405430"/>
  <nd ref="13376405431"/>
  <nd ref="13376405424"/>
  <tag k="building" v="yes"/>
 </way>
 <way id="1458541393" visible="true" version="1" changeset="175931138" timestamp="2025-12-14T18:59:08Z" user="susaanna" uid="23188359">
  <nd ref="13376405432"/>
  <nd ref="13376405433"/>
  <nd ref="13376405434"/>
  <nd ref="13376405435"/>
  <nd ref="13376405432"/>
  <tag k="building" v="yes"/>
 </way>
 <way id="1458541394" visible="true" version="1" changeset="175931138" timestamp="2025-12-14T18:59:08Z" user="susaanna" uid="23188359">
  <nd ref="13376405436"/>
  <nd ref="13376405437"/>
  <nd ref="13376405438"/>
  <nd ref="13376405439"/>
  <nd ref="13376405436"/>
  <tag k="building" v="yes"/>
 </way>
 <way id="1458542094" visible="true" version="1" changeset="175931267" timestamp="2025-12-14T19:03:41Z" user="susaanna" uid="23188359">
  <nd ref="13376438322"/>
  <nd ref="13376438323"/>
  <nd ref="13376438324"/>
  <nd ref="13376438325"/>
  <nd ref="13376438326"/>
  <nd ref="13376438327"/>
  <nd ref="13376438322"/>
  <tag k="building" v="yes"/>
 </way>
 <way id="1458542984" visible="true" version="1" changeset="175931409" timestamp="2025-12-14T19:07:39Z" user="susaanna" uid="23188359">
  <nd ref="13376394843"/>
  <nd ref="13376394844"/>
  <nd ref="13376394845"/>
  <nd ref="13376394846"/>
  <nd ref="13376394843"/>
  <tag k="building" v="yes"/>
 </way>
 <way id="1458545787" visible="true" version="1" changeset="175931811" timestamp="2025-12-14T19:19:54Z" user="susaanna" uid="23188359">
  <nd ref="13376438468"/>
  <nd ref="13376438469"/>
  <nd ref="13376438470"/>
  <nd ref="13376438471"/>
  <nd ref="13376438468"/>
  <tag k="building" v="yes"/>
 </way>
 <way id="1458545788" visible="true" version="1" changeset="175931811" timestamp="2025-12-14T19:19:54Z" user="susaanna" uid="23188359">
  <nd ref="13376438472"/>
  <nd ref="13376438473"/>
  <nd ref="13376438474"/>
  <nd ref="13376438475"/>
  <nd ref="13376438472"/>
  <tag k="building" v="yes"/>
 </way>
 <way id="1458545789" visible="true" version="1" changeset="175931811" timestamp="2025-12-14T19:19:54Z" user="susaanna" uid="23188359">
  <nd ref="13376476807"/>
  <nd ref="13376476808"/>
  <nd ref="13376476809"/>
  <nd ref="13376476810"/>
  <nd ref="13376476807"/>
  <tag k="building" v="yes"/>
 </way>
 <way id="1458545790" visible="true" version="1" changeset="175931811" timestamp="2025-12-14T19:19:54Z" user="susaanna" uid="23188359">
  <nd ref="13376476811"/>
  <nd ref="13376476812"/>
  <nd ref="13376476813"/>
  <nd ref="13376476814"/>
  <nd ref="13376476815"/>
  <nd ref="13376476816"/>
  <nd ref="13376476817"/>
  <nd ref="13376476818"/>
  <nd ref="13376476811"/>
  <tag k="building" v="yes"/>
 </way>
 <way id="1458594159" visible="true" version="1" changeset="175938339" timestamp="2025-12-14T23:22:34Z" user="susaanna" uid="23188359">
  <nd ref="13376856822"/>
  <nd ref="13376856823"/>
  <nd ref="13376856824"/>
  <nd ref="13376856825"/>
  <nd ref="13376856822"/>
  <tag k="building" v="yes"/>
 </way>
 <way id="1458594160" visible="true" version="1" changeset="175938339" timestamp="2025-12-14T23:22:34Z" user="susaanna" uid="23188359">
  <nd ref="13376856826"/>
  <nd ref="13376856827"/>
  <nd ref="13376856828"/>
  <nd ref="13376856829"/>
  <nd ref="13376856830"/>
  <nd ref="13376856831"/>
  <nd ref="13376856826"/>
  <tag k="building" v="yes"/>
 </way>
 <way id="1458594161" visible="true" version="1" changeset="175938339" timestamp="2025-12-14T23:22:34Z" user="susaanna" uid="23188359">
  <nd ref="13376856832"/>
  <nd ref="13376856833"/>
  <nd ref="13376856834"/>
  <nd ref="13376856835"/>
  <nd ref="13376856832"/>
  <tag k="building" v="yes"/>
 </way>
 <way id="1458594162" visible="true" version="1" changeset="175938339" timestamp="2025-12-14T23:22:34Z" user="susaanna" uid="23188359">
  <nd ref="13376856836"/>
  <nd ref="13376856837"/>
  <nd ref="13376856838"/>
  <nd ref="13376856839"/>
  <nd ref="13376856836"/>
  <tag k="building" v="yes"/>
 </way>
 <way id="1458594163" visible="true" version="1" changeset="175938339" timestamp="2025-12-14T23:22:34Z" user="susaanna" uid="23188359">
  <nd ref="13376856840"/>
  <nd ref="13376856841"/>
  <nd ref="13376856842"/>
  <nd ref="13376856843"/>
  <nd ref="13376856844"/>
  <nd ref="13376856845"/>
  <nd ref="13376856846"/>
  <nd ref="13376856847"/>
  <nd ref="13376856840"/>
  <tag k="building" v="yes"/>
 </way>
 <way id="1458594164" visible="true" version="1" changeset="175938339" timestamp="2025-12-14T23:22:34Z" user="susaanna" uid="23188359">
  <nd ref="13376856848"/>
  <nd ref="13376856849"/>
  <nd ref="13376856850"/>
  <nd ref="13376856851"/>
  <nd ref="13376856848"/>
  <tag k="building" v="yes"/>
 </way>
 <way id="1458594167" visible="true" version="1" changeset="175938348" timestamp="2025-12-14T23:23:01Z" user="susaanna" uid="23188359">
  <nd ref="13376910275"/>
  <nd ref="13376910276"/>
  <nd ref="13376910277"/>
  <nd ref="13376910278"/>
  <nd ref="13376910275"/>
  <tag k="building" v="yes"/>
 </way>
 <way id="1458595190" visible="true" version="1" changeset="175938595" timestamp="2025-12-14T23:38:09Z" user="susaanna" uid="23188359">
  <nd ref="13376912348"/>
  <nd ref="13376912349"/>
  <nd ref="13376912350"/>
  <nd ref="13376912351"/>
  <nd ref="13376912348"/>
  <tag k="building" v="yes"/>
 </way>
 <way id="1458595191" visible="true" version="1" changeset="175938595" timestamp="2025-12-14T23:38:09Z" user="susaanna" uid="23188359">
  <nd ref="13376912361"/>
  <nd ref="13376912362"/>
  <nd ref="13376912363"/>
  <nd ref="13376912364"/>
  <nd ref="13376912365"/>
  <nd ref="13376912366"/>
  <nd ref="13376912367"/>
  <nd ref="13376912368"/>
  <nd ref="13376912369"/>
  <nd ref="13376912370"/>
  <nd ref="13376912371"/>
  <nd ref="13376912372"/>
  <nd ref="13376912373"/>
  <nd ref="13376912361"/>
  <tag k="building" v="yes"/>
 </way>
 <way id="1458595192" visible="true" version="1" changeset="175938595" timestamp="2025-12-14T23:38:09Z" user="susaanna" uid="23188359">
  <nd ref="13376912374"/>
  <nd ref="13376912375"/>
  <nd ref="13376912376"/>
  <nd ref="13376912377"/>
  <nd ref="13376912378"/>
  <nd ref="13376912379"/>
  <nd ref="13376912380"/>
  <nd ref="13376912381"/>
  <nd ref="13376912374"/>
  <tag k="building" v="yes"/>
 </way>
 <way id="1458595193" visible="true" version="1" changeset="175938595" timestamp="2025-12-14T23:38:09Z" user="susaanna" uid="23188359">
  <nd ref="13376912382"/>
  <nd ref="13376912383"/>
  <nd ref="13376912384"/>
  <nd ref="13376912385"/>
  <nd ref="13376912382"/>
  <tag k="building" v="yes"/>
 </way>
 <way id="1458595194" visible="true" version="1" changeset="175938595" timestamp="2025-12-14T23:38:09Z" user="susaanna" uid="23188359">
  <nd ref="13376912386"/>
  <nd ref="13376912387"/>
  <nd ref="13376912388"/>
  <nd ref="13376912389"/>
  <nd ref="13376912386"/>
  <tag k="building" v="yes"/>
 </way>
 <way id="1458595900" visible="true" version="1" changeset="175938787" timestamp="2025-12-14T23:51:00Z" user="susaanna" uid="23188359">
  <nd ref="13376898858"/>
  <nd ref="13376898859"/>
  <nd ref="13376898860"/>
  <nd ref="13376898861"/>
  <nd ref="13376898858"/>
  <tag k="building" v="yes"/>
 </way>
 <way id="1458595931" visible="true" version="2" changeset="176740694" timestamp="2026-01-02T12:25:22Z" user="piligab" uid="3877019">
  <nd ref="13376857181"/>
  <nd ref="13376857182"/>
  <nd ref="13426531285"/>
  <nd ref="13426531284"/>
  <nd ref="13426531283"/>
  <nd ref="13426531286"/>
  <nd ref="13376857183"/>
  <nd ref="13376857184"/>
  <nd ref="13376857181"/>
  <tag k="building" v="yes"/>
 </way>
 <way id="1458596330" visible="true" version="1" changeset="175938886" timestamp="2025-12-14T23:56:25Z" user="susaanna" uid="23188359">
  <nd ref="13376908223"/>
  <nd ref="13376908224"/>
  <nd ref="13376908225"/>
  <nd ref="13376908226"/>
  <nd ref="13376908223"/>
  <tag k="building" v="yes"/>
 </way>
 <way id="1463684414" visible="true" version="1" changeset="176740819" timestamp="2026-01-02T12:28:10Z" user="piligab" uid="3877019">
  <nd ref="13426538197"/>
  <nd ref="13426538196"/>
  <nd ref="13426538195"/>
  <nd ref="13426538194"/>
  <nd ref="13426538197"/>
  <tag k="building" v="yes"/>
 </way>
 <relation id="4491534" visible="true" version="8" changeset="180027426" timestamp="2026-03-17T20:40:40Z" user="BigKev97" uid="3782655">
  <member type="way" ref="32546332" role="main_stream"/>
  <member type="way" ref="1210917137" role="main_stream"/>
  <member type="way" ref="1210917136" role="main_stream"/>
  <member type="way" ref="1207911049" role="main_stream"/>
  <member type="way" ref="1207911048" role="main_stream"/>
  <member type="way" ref="45062301" role="main_stream"/>
  <member type="way" ref="32546559" role="main_stream"/>
  <member type="way" ref="27936228" role="main_stream"/>
  <member type="way" ref="27936229" role="main_stream"/>
  <tag k="name" v="Río Santa Clara"/>
  <tag k="type" v="waterway"/>
  <tag k="waterway" v="river"/>
 </relation>
 <relation id="6289638" visible="true" version="79" changeset="165971057" timestamp="2025-05-08T08:32:09Z" user="ArcticDesert" uid="20681045">
  <member type="way" ref="27890928" role=""/>
  <member type="way" ref="423040079" role=""/>
  <member type="way" ref="1384540823" role=""/>
  <member type="node" ref="4227233898" role=""/>
  <member type="node" ref="4227233899" role=""/>
  <member type="node" ref="4227233900" role=""/>
  <member type="node" ref="4227233901" role=""/>
  <member type="node" ref="4227233902" role=""/>
  <member type="node" ref="4227233903" role=""/>
  <member type="node" ref="4227233904" role=""/>
  <member type="node" ref="4227233905" role=""/>
  <member type="node" ref="4227233906" role=""/>
  <member type="node" ref="4227233907" role=""/>
  <member type="node" ref="4227233909" role=""/>
  <member type="node" ref="4227233910" role=""/>
  <member type="node" ref="4227233911" role=""/>
  <member type="node" ref="4227233912" role=""/>
  <member type="node" ref="4227233913" role=""/>
  <member type="node" ref="4227233915" role=""/>
  <member type="node" ref="4227233916" role=""/>
  <member type="node" ref="4224562013" role=""/>
  <member type="node" ref="4224562014" role=""/>
  <member type="node" ref="4224562015" role=""/>
  <member type="node" ref="4224570503" role=""/>
  <member type="node" ref="4224570504" role=""/>
  <member type="node" ref="4224570505" role=""/>
  <member type="node" ref="4224570506" role=""/>
  <member type="node" ref="4224570507" role=""/>
  <member type="node" ref="4227233919" role=""/>
  <member type="node" ref="4224570509" role=""/>
  <member type="node" ref="4224570510" role=""/>
  <member type="node" ref="2812138326" role=""/>
  <member type="node" ref="7009776081" role=""/>
  <member type="node" ref="7009805502" role=""/>
  <member type="node" ref="4227233921" role=""/>
  <member type="node" ref="4227233922" role=""/>
  <member type="node" ref="4227233923" role=""/>
  <member type="node" ref="4227233924" role=""/>
  <member type="node" ref="4227233925" role=""/>
  <member type="node" ref="4227583645" role=""/>
  <member type="node" ref="4224562008" role=""/>
  <member type="node" ref="4274930842" role=""/>
  <member type="node" ref="4274935196" role=""/>
  <member type="way" ref="222960212" role=""/>
  <member type="way" ref="33406446" role=""/>
  <member type="way" ref="34294704" role=""/>
  <member type="way" ref="85690213" role=""/>
  <member type="way" ref="383649864" role=""/>
  <member type="way" ref="27890922" role=""/>
  <member type="way" ref="1384540822" role=""/>
  <member type="way" ref="527501421" role=""/>
  <member type="way" ref="1384540822" role=""/>
  <member type="way" ref="527501421" role=""/>
  <member type="way" ref="1384540822" role=""/>
  <member type="way" ref="527501421" role=""/>
  <member type="way" ref="374350835" role=""/>
  <member type="way" ref="1318877970" role=""/>
  <member type="way" ref="1318835453" role=""/>
  <member type="way" ref="1318835454" role=""/>
  <member type="way" ref="1318835455" role=""/>
  <member type="way" ref="1318835456" role=""/>
  <member type="way" ref="423040075" role=""/>
  <member type="way" ref="1318835457" role=""/>
  <member type="way" ref="1318835458" role=""/>
  <member type="way" ref="1318835459" role=""/>
  <member type="way" ref="369299644" role=""/>
  <member type="way" ref="369299645" role=""/>
  <member type="way" ref="895295875" role=""/>
  <member type="way" ref="27891549" role=""/>
  <member type="way" ref="429497638" role=""/>
  <member type="way" ref="429497638" role=""/>
  <member type="way" ref="429497638" role=""/>
  <member type="way" ref="429497638" role=""/>
  <member type="way" ref="895710265" role=""/>
  <member type="way" ref="180897138" role=""/>
  <member type="way" ref="548530580" role=""/>
  <member type="way" ref="219583515" role=""/>
  <member type="way" ref="548530578" role=""/>
  <member type="way" ref="35343289" role=""/>
  <member type="way" ref="548530569" role=""/>
  <member type="way" ref="1219913720" role=""/>
  <member type="way" ref="548530572" role=""/>
  <member type="way" ref="537982378" role=""/>
  <member type="way" ref="35343286" role=""/>
  <member type="way" ref="422715098" role=""/>
  <member type="way" ref="548543508" role=""/>
  <member type="way" ref="548543507" role=""/>
  <member type="way" ref="428292663" role=""/>
  <member type="way" ref="548543506" role=""/>
  <member type="way" ref="548543505" role=""/>
  <member type="way" ref="428506263" role=""/>
  <member type="way" ref="428386101" role=""/>
  <member type="way" ref="534815151" role=""/>
  <member type="way" ref="25054144" role=""/>
  <member type="way" ref="27413959" role=""/>
  <member type="way" ref="24405485" role=""/>
  <member type="way" ref="895346636" role=""/>
  <member type="way" ref="534842731" role=""/>
  <member type="way" ref="768383413" role=""/>
  <member type="way" ref="534842730" role=""/>
  <member type="way" ref="423209172" role=""/>
  <member type="way" ref="805508873" role=""/>
  <member type="way" ref="534842906" role=""/>
  <member type="way" ref="535585149" role=""/>
  <member type="way" ref="535585148" role=""/>
  <member type="way" ref="258647767" role=""/>
  <member type="way" ref="535574530" role=""/>
  <member type="way" ref="1216978709" role=""/>
  <member type="way" ref="535574531" role=""/>
  <member type="way" ref="462692996" role=""/>
  <member type="way" ref="535566701" role=""/>
  <member type="way" ref="535574528" role=""/>
  <member type="way" ref="893289558" role=""/>
  <member type="way" ref="462693003" role=""/>
  <member type="way" ref="535566698" role=""/>
  <member type="way" ref="238875365" role=""/>
  <member type="way" ref="1168109380" role=""/>
  <member type="way" ref="535922409" role=""/>
  <member type="way" ref="535922408" role=""/>
  <member type="way" ref="431981408" role=""/>
  <member type="way" ref="238875364" role=""/>
  <member type="way" ref="431994307" role=""/>
  <member type="way" ref="276623578" role=""/>
  <member type="way" ref="431775783" role=""/>
  <member type="way" ref="431994308" role=""/>
  <member type="way" ref="431992667" role=""/>
  <member type="way" ref="253234094" role=""/>
  <member type="way" ref="431975589" role=""/>
  <member type="way" ref="35972437" role=""/>
  <member type="way" ref="420397515" role=""/>
  <member type="way" ref="420397514" role=""/>
  <member type="way" ref="308669835" role=""/>
  <member type="way" ref="308669836" role=""/>
  <member type="way" ref="491962642" role=""/>
  <member type="way" ref="491962640" role=""/>
  <member type="way" ref="423004066" role=""/>
  <member type="way" ref="534759573" role=""/>
  <member type="way" ref="24699787" role=""/>
  <member type="way" ref="24681468" role=""/>
  <member type="way" ref="24681460" role=""/>
  <member type="way" ref="431727631" role=""/>
  <tag k="from" v="Selva Alegre (Gavilanes)"/>
  <tag k="name" v="Selva Alegre (Gavilanes) - Giron"/>
  <tag k="operator" v="VINGALA"/>
  <tag k="ref" v="VINGALA Giron - Selva Alegre (Gavilanes)"/>
  <tag k="route" v="bus"/>
  <tag k="to" v="Giron"/>
  <tag k="type" v="route"/>
 </relation>
 <relation id="6289639" visible="true" version="6" changeset="39828832" timestamp="2016-06-06T02:20:40Z" user="Armando Rivera" uid="3757074">
  <member type="relation" ref="6289638" role=""/>
  <member type="relation" ref="6290054" role=""/>
  <tag k="name" v="BUS VINGALA Giron - Selva Alegre (Gavilanes)"/>
  <tag k="operator" v="VINGALA"/>
  <tag k="ref" v="VINGALA Giron - Selva Alegre (Gavilanes)"/>
  <tag k="route_master" v="bus"/>
  <tag k="type" v="route_master"/>
 </relation>
 <relation id="6290054" visible="true" version="96" changeset="165971057" timestamp="2025-05-08T08:32:09Z" user="ArcticDesert" uid="20681045">
  <member type="way" ref="27890922" role=""/>
  <member type="node" ref="267544903" role=""/>
  <member type="node" ref="4227583647" role=""/>
  <member type="node" ref="4227583649" role=""/>
  <member type="node" ref="4227583650" role=""/>
  <member type="node" ref="4227583651" role=""/>
  <member type="node" ref="4224669366" role=""/>
  <member type="node" ref="4227583668" role=""/>
  <member type="node" ref="4227583671" role=""/>
  <member type="node" ref="4227583672" role=""/>
  <member type="node" ref="4227583673" role=""/>
  <member type="node" ref="4227583676" role=""/>
  <member type="node" ref="4227583677" role=""/>
  <member type="node" ref="4227583679" role=""/>
  <member type="node" ref="4227583680" role=""/>
  <member type="node" ref="4227583681" role=""/>
  <member type="node" ref="4227583682" role=""/>
  <member type="node" ref="4227583683" role=""/>
  <member type="node" ref="4227583684" role=""/>
  <member type="node" ref="4227583685" role=""/>
  <member type="node" ref="4227583686" role=""/>
  <member type="node" ref="4227583687" role=""/>
  <member type="node" ref="4227583688" role=""/>
  <member type="node" ref="4227584689" role=""/>
  <member type="node" ref="4227584690" role=""/>
  <member type="node" ref="4227584691" role=""/>
  <member type="node" ref="4227584692" role=""/>
  <member type="node" ref="4227584693" role=""/>
  <member type="node" ref="4227584694" role=""/>
  <member type="node" ref="4227584695" role=""/>
  <member type="node" ref="4227584696" role=""/>
  <member type="node" ref="7009776076" role=""/>
  <member type="node" ref="4224669358" role=""/>
  <member type="node" ref="4224669359" role=""/>
  <member type="node" ref="4224669360" role=""/>
  <member type="node" ref="4224669361" role=""/>
  <member type="node" ref="4224669362" role=""/>
  <member type="node" ref="4224669363" role=""/>
  <member type="node" ref="4224669364" role=""/>
  <member type="node" ref="4224669365" role=""/>
  <member type="node" ref="2730210388" role=""/>
  <member type="node" ref="4224669367" role=""/>
  <member type="node" ref="4224669373" role=""/>
  <member type="node" ref="4227583645" role=""/>
  <member type="node" ref="4237746531" role=""/>
  <member type="node" ref="4224669371" role=""/>
  <member type="node" ref="4274866930" role=""/>
  <member type="way" ref="423040067" role=""/>
  <member type="way" ref="423032020" role=""/>
  <member type="way" ref="531902813" role=""/>
  <member type="way" ref="531902814" role=""/>
  <member type="way" ref="531904596" role=""/>
  <member type="way" ref="308669838" role=""/>
  <member type="way" ref="423002225" role=""/>
  <member type="way" ref="308669835" role=""/>
  <member type="way" ref="420397514" role=""/>
  <member type="way" ref="420397515" role=""/>
  <member type="way" ref="425357175" role=""/>
  <member type="way" ref="431975589" role=""/>
  <member type="way" ref="420559788" role=""/>
  <member type="way" ref="24681565" role=""/>
  <member type="way" ref="24681472" role=""/>
  <member type="way" ref="896424072" role=""/>
  <member type="way" ref="423040070" role=""/>
  <member type="way" ref="1171326266" role=""/>
  <member type="way" ref="431718581" role=""/>
  <member type="way" ref="1171329884" role=""/>
  <member type="way" ref="36318862" role=""/>
  <member type="way" ref="24699553" role=""/>
  <member type="way" ref="491962641" role=""/>
  <member type="way" ref="894824783" role=""/>
  <member type="way" ref="24698423" role=""/>
  <member type="way" ref="537072198" role=""/>
  <member type="way" ref="900718889" role=""/>
  <member type="way" ref="900718088" role=""/>
  <member type="way" ref="535554955" role=""/>
  <member type="way" ref="140207471" role=""/>
  <member type="way" ref="805508870" role=""/>
  <member type="way" ref="535554953" role=""/>
  <member type="way" ref="431827298" role=""/>
  <member type="way" ref="535569424" role=""/>
  <member type="way" ref="431827297" role=""/>
  <member type="way" ref="314066417" role=""/>
  <member type="way" ref="895708421" role=""/>
  <member type="way" ref="431989326" role=""/>
  <member type="way" ref="1168273992" role=""/>
  <member type="way" ref="1163917761" role=""/>
  <member type="way" ref="422730660" role=""/>
  <member type="way" ref="535572607" role=""/>
  <member type="way" ref="422730661" role=""/>
  <member type="way" ref="535572605" role=""/>
  <member type="way" ref="462693017" role=""/>
  <member type="way" ref="25054143" role=""/>
  <member type="way" ref="462693014" role=""/>
  <member type="way" ref="535566694" role=""/>
  <member type="way" ref="534799444" role=""/>
  <member type="way" ref="535569073" role=""/>
  <member type="way" ref="534799443" role=""/>
  <member type="way" ref="535585152" role=""/>
  <member type="way" ref="535585151" role=""/>
  <member type="way" ref="535585150" role=""/>
  <member type="way" ref="267586747" role=""/>
  <member type="way" ref="534799442" role=""/>
  <member type="way" ref="548548790" role=""/>
  <member type="way" ref="548548789" role=""/>
  <member type="way" ref="548548788" role=""/>
  <member type="way" ref="548548791" role=""/>
  <member type="way" ref="895347603" role=""/>
  <member type="way" ref="805508875" role=""/>
  <member type="way" ref="805508874" role=""/>
  <member type="way" ref="422891322" role=""/>
  <member type="way" ref="423209164" role=""/>
  <member type="way" ref="423209167" role=""/>
  <member type="way" ref="319341214" role=""/>
  <member type="way" ref="895344639" role=""/>
  <member type="way" ref="895344638" role=""/>
  <member type="way" ref="408896519" role=""/>
  <member type="way" ref="319341213" role=""/>
  <member type="way" ref="27413961" role=""/>
  <member type="way" ref="534813896" role=""/>
  <member type="way" ref="534813894" role=""/>
  <member type="way" ref="534815154" role=""/>
  <member type="way" ref="27413962" role=""/>
  <member type="way" ref="534815153" role=""/>
  <member type="way" ref="534815150" role=""/>
  <member type="way" ref="534815149" role=""/>
  <member type="way" ref="428292664" role=""/>
  <member type="way" ref="534815148" role=""/>
  <member type="way" ref="424566450" role=""/>
  <member type="way" ref="548543504" role=""/>
  <member type="way" ref="548543503" role=""/>
  <member type="way" ref="424586578" role=""/>
  <member type="way" ref="548543502" role=""/>
  <member type="way" ref="1114959012" role=""/>
  <member type="way" ref="35343288" role=""/>
  <member type="way" ref="175005114" role=""/>
  <member type="way" ref="175005115" role=""/>
  <member type="way" ref="895795119" role=""/>
  <member type="way" ref="174941625" role=""/>
  <member type="way" ref="548540686" role=""/>
  <member type="way" ref="428631480" role=""/>
  <member type="way" ref="548540680" role=""/>
  <member type="way" ref="548540676" role=""/>
  <member type="way" ref="548540673" role=""/>
  <member type="way" ref="548540684" role=""/>
  <member type="way" ref="180897137" role=""/>
  <member type="way" ref="429497637" role=""/>
  <member type="way" ref="895295877" role=""/>
  <member type="way" ref="27891548" role=""/>
  <member type="way" ref="895295875" role=""/>
  <member type="way" ref="369299645" role=""/>
  <member type="way" ref="27891547" role=""/>
  <member type="way" ref="1318835453" role=""/>
  <member type="way" ref="1318835454" role=""/>
  <member type="way" ref="1318835455" role=""/>
  <member type="way" ref="1318835456" role=""/>
  <member type="way" ref="423040075" role=""/>
  <member type="way" ref="1318835457" role=""/>
  <member type="way" ref="1318835458" role=""/>
  <member type="way" ref="1318835459" role=""/>
  <member type="way" ref="27891550" role=""/>
  <member type="way" ref="1384540822" role=""/>
  <member type="way" ref="527501421" role=""/>
  <member type="way" ref="1384540822" role=""/>
  <member type="way" ref="527501421" role=""/>
  <member type="way" ref="1384540822" role=""/>
  <member type="way" ref="527501421" role=""/>
  <member type="way" ref="27890928" role=""/>
  <member type="way" ref="423040079" role=""/>
  <member type="way" ref="1384540823" role=""/>
  <member type="way" ref="1384540823" role=""/>
  <member type="way" ref="423040079" role=""/>
  <member type="way" ref="423040079" role=""/>
  <member type="way" ref="1384540823" role=""/>
  <member type="way" ref="423040079" role=""/>
  <member type="way" ref="1384540823" role=""/>
  <member type="way" ref="1318877963" role=""/>
  <member type="way" ref="239215322" role=""/>
  <member type="way" ref="423040082" role=""/>
  <member type="way" ref="34294664" role=""/>
  <member type="way" ref="780246213" role=""/>
  <member type="way" ref="85690214" role=""/>
  <member type="way" ref="423002215" role=""/>
  <member type="way" ref="34294704" role=""/>
  <member type="way" ref="33406446" role=""/>
  <member type="way" ref="222960212" role=""/>
  <member type="way" ref="429497638" role=""/>
  <member type="way" ref="429497638" role=""/>
  <member type="way" ref="429497638" role=""/>
  <member type="way" ref="429497638" role=""/>
  <tag k="from" v="El Giron"/>
  <tag k="name" v="Giron - Selva Alegre (Gavilanes)"/>
  <tag k="operator" v="VINGALA"/>
  <tag k="ref" v="VINGALA Giron - Selva Alegre (Gavilanes)"/>
  <tag k="route" v="bus"/>
  <tag k="to" v="Selva Alegre"/>
  <tag k="type" v="route"/>
 </relation>
 <relation id="6302544" visible="true" version="83" changeset="161872577" timestamp="2025-01-28T20:27:37Z" user="JAAS" uid="3321532">
  <member type="node" ref="4226135776" role=""/>
  <member type="node" ref="7009776076" role=""/>
  <member type="node" ref="4224669358" role=""/>
  <member type="node" ref="4224669359" role=""/>
  <member type="node" ref="4224669360" role=""/>
  <member type="node" ref="4224669361" role=""/>
  <member type="node" ref="4224669362" role=""/>
  <member type="node" ref="2730210113" role=""/>
  <member type="node" ref="4224669363" role=""/>
  <member type="node" ref="4224669365" role=""/>
  <member type="node" ref="2730210388" role=""/>
  <member type="node" ref="4224669366" role=""/>
  <member type="node" ref="4224669367" role=""/>
  <member type="node" ref="4227583668" role=""/>
  <member type="node" ref="4224669364" role=""/>
  <member type="node" ref="4227583671" role=""/>
  <member type="node" ref="4224669373" role=""/>
  <member type="node" ref="4227583677" role=""/>
  <member type="node" ref="4227583679" role=""/>
  <member type="node" ref="4236724698" role=""/>
  <member type="node" ref="4227583682" role=""/>
  <member type="node" ref="4236724699" role=""/>
  <member type="node" ref="4236724700" role=""/>
  <member type="node" ref="4236724701" role=""/>
  <member type="node" ref="4236724702" role=""/>
  <member type="node" ref="4236724703" role=""/>
  <member type="node" ref="4236724704" role=""/>
  <member type="node" ref="4236724705" role=""/>
  <member type="node" ref="4236724706" role=""/>
  <member type="node" ref="4236724707" role=""/>
  <member type="node" ref="4236724708" role=""/>
  <member type="node" ref="4236724709" role=""/>
  <member type="node" ref="4236724710" role=""/>
  <member type="node" ref="4236731091" role=""/>
  <member type="node" ref="4236731092" role=""/>
  <member type="node" ref="4236731093" role=""/>
  <member type="node" ref="4236731094" role=""/>
  <member type="node" ref="348767817" role=""/>
  <member type="node" ref="4236731096" role=""/>
  <member type="node" ref="4236731097" role=""/>
  <member type="node" ref="1103219613" role=""/>
  <member type="node" ref="4237746531" role=""/>
  <member type="node" ref="4224669371" role=""/>
  <member type="way" ref="547656035" role=""/>
  <member type="way" ref="424576879" role=""/>
  <member type="way" ref="537406839" role=""/>
  <member type="way" ref="537406840" role=""/>
  <member type="way" ref="422888032" role=""/>
  <member type="way" ref="409607688" role=""/>
  <member type="way" ref="1168300064" role=""/>
  <member type="way" ref="535554955" role=""/>
  <member type="way" ref="140207471" role=""/>
  <member type="way" ref="805508870" role=""/>
  <member type="way" ref="535554953" role=""/>
  <member type="way" ref="431827298" role=""/>
  <member type="way" ref="535569424" role=""/>
  <member type="way" ref="431827297" role=""/>
  <member type="way" ref="314066417" role=""/>
  <member type="way" ref="895708421" role=""/>
  <member type="way" ref="431989326" role=""/>
  <member type="way" ref="1168273992" role=""/>
  <member type="way" ref="1163917761" role=""/>
  <member type="way" ref="422730660" role=""/>
  <member type="way" ref="535572607" role=""/>
  <member type="way" ref="422730661" role=""/>
  <member type="way" ref="535572605" role=""/>
  <member type="way" ref="462693017" role=""/>
  <member type="way" ref="25054143" role=""/>
  <member type="way" ref="462693014" role=""/>
  <member type="way" ref="535566694" role=""/>
  <member type="way" ref="534799444" role=""/>
  <member type="way" ref="535569073" role=""/>
  <member type="way" ref="534799443" role=""/>
  <member type="way" ref="535585152" role=""/>
  <member type="way" ref="535585151" role=""/>
  <member type="way" ref="535585150" role=""/>
  <member type="way" ref="267586747" role=""/>
  <member type="way" ref="534799442" role=""/>
  <member type="way" ref="894839572" role=""/>
  <member type="way" ref="548548790" role=""/>
  <member type="way" ref="548548789" role=""/>
  <member type="way" ref="548548788" role=""/>
  <member type="way" ref="548548791" role=""/>
  <member type="way" ref="895347603" role=""/>
  <member type="way" ref="805508875" role=""/>
  <member type="way" ref="805508874" role=""/>
  <member type="way" ref="422891322" role=""/>
  <member type="way" ref="423209164" role=""/>
  <member type="way" ref="423209167" role=""/>
  <member type="way" ref="319341214" role=""/>
  <member type="way" ref="895344639" role=""/>
  <member type="way" ref="895344638" role=""/>
  <member type="way" ref="408896519" role=""/>
  <member type="way" ref="319341213" role=""/>
  <member type="way" ref="27413961" role=""/>
  <member type="way" ref="534813896" role=""/>
  <member type="way" ref="534813894" role=""/>
  <member type="way" ref="534815154" role=""/>
  <member type="way" ref="27413962" role=""/>
  <member type="way" ref="534815153" role=""/>
  <member type="way" ref="534815150" role=""/>
  <member type="way" ref="534815149" role=""/>
  <member type="way" ref="428292664" role=""/>
  <member type="way" ref="534815148" role=""/>
  <member type="way" ref="424566450" role=""/>
  <member type="way" ref="548543504" role=""/>
  <member type="way" ref="548543503" role=""/>
  <member type="way" ref="424586578" role=""/>
  <member type="way" ref="548543502" role=""/>
  <member type="way" ref="1114959012" role=""/>
  <member type="way" ref="35343288" role=""/>
  <member type="way" ref="175005114" role=""/>
  <member type="way" ref="175005115" role=""/>
  <member type="way" ref="895795119" role=""/>
  <member type="way" ref="174941625" role=""/>
  <member type="way" ref="548540686" role=""/>
  <member type="way" ref="428631480" role=""/>
  <member type="way" ref="548540680" role=""/>
  <member type="way" ref="548540676" role=""/>
  <member type="way" ref="548540673" role=""/>
  <member type="way" ref="548540684" role=""/>
  <member type="way" ref="180897137" role=""/>
  <member type="way" ref="429497637" role=""/>
  <member type="way" ref="895295877" role=""/>
  <member type="way" ref="429497638" role=""/>
  <member type="way" ref="429497638" role=""/>
  <member type="way" ref="429497638" role=""/>
  <member type="way" ref="429497638" role=""/>
  <member type="way" ref="366177992" role=""/>
  <member type="way" ref="552392790" role=""/>
  <member type="way" ref="548511296" role=""/>
  <member type="way" ref="548511294" role=""/>
  <member type="way" ref="893240126" role=""/>
  <member type="way" ref="542077268" role=""/>
  <member type="way" ref="542077269" role=""/>
  <member type="way" ref="429352614" role=""/>
  <member type="way" ref="429352615" role=""/>
  <member type="way" ref="429352608" role=""/>
  <member type="way" ref="535468599" role=""/>
  <member type="way" ref="535468596" role=""/>
  <member type="way" ref="535468593" role=""/>
  <member type="way" ref="429351959" role=""/>
  <member type="way" ref="383653479" role=""/>
  <member type="way" ref="429354934" role=""/>
  <member type="way" ref="535604651" role=""/>
  <member type="way" ref="535468590" role=""/>
  <member type="way" ref="424212138" role=""/>
  <member type="way" ref="359875315" role=""/>
  <member type="way" ref="50381366" role=""/>
  <member type="way" ref="547656035" role=""/>
  <member type="way" ref="424576879" role=""/>
  <member type="way" ref="359874006" role=""/>
  <member type="way" ref="31325785" role=""/>
  <member type="way" ref="424212972" role=""/>
  <member type="way" ref="424212973" role=""/>
  <tag k="from" v="Marin"/>
  <tag k="name" v="Marin - Pintag"/>
  <tag k="operator" v="EXPRESANTISANA"/>
  <tag k="ref" v="EXPRESANTISANA Marin Pintag"/>
  <tag k="route" v="bus"/>
  <tag k="to" v="Pintag"/>
  <tag k="type" v="route"/>
 </relation>
 <relation id="6304544" visible="true" version="83" changeset="161872577" timestamp="2025-01-28T20:27:38Z" user="JAAS" uid="3321532">
  <member type="node" ref="4236756522" role=""/>
  <member type="node" ref="4236756523" role=""/>
  <member type="node" ref="4236724710" role=""/>
  <member type="node" ref="4236756524" role=""/>
  <member type="node" ref="4236764542" role=""/>
  <member type="node" ref="4236724708" role=""/>
  <member type="node" ref="348767980" role=""/>
  <member type="node" ref="4236772022" role=""/>
  <member type="node" ref="4236807536" role=""/>
  <member type="node" ref="4236807537" role=""/>
  <member type="node" ref="4236807538" role=""/>
  <member type="node" ref="4236807539" role=""/>
  <member type="node" ref="4236807540" role=""/>
  <member type="node" ref="4236807541" role=""/>
  <member type="node" ref="4236823889" role=""/>
  <member type="node" ref="4236823890" role=""/>
  <member type="node" ref="4227233912" role=""/>
  <member type="node" ref="4227233913" role=""/>
  <member type="node" ref="4224562013" role=""/>
  <member type="node" ref="4224562014" role=""/>
  <member type="node" ref="4224562015" role=""/>
  <member type="node" ref="4224570503" role=""/>
  <member type="node" ref="4224570504" role=""/>
  <member type="node" ref="4224570505" role=""/>
  <member type="node" ref="4224570506" role=""/>
  <member type="node" ref="4224570507" role=""/>
  <member type="node" ref="4227233919" role=""/>
  <member type="node" ref="4224570509" role=""/>
  <member type="node" ref="4224570510" role=""/>
  <member type="node" ref="2812138326" role=""/>
  <member type="node" ref="7009776081" role=""/>
  <member type="node" ref="4207907997" role=""/>
  <member type="node" ref="4236731092" role=""/>
  <member type="node" ref="4236731093" role=""/>
  <member type="node" ref="4236731094" role=""/>
  <member type="node" ref="348767817" role=""/>
  <member type="node" ref="4236731096" role=""/>
  <member type="node" ref="4236731097" role=""/>
  <member type="node" ref="1103219613" role=""/>
  <member type="node" ref="4227233916" role=""/>
  <member type="node" ref="4224562008" role=""/>
  <member type="node" ref="4274930842" role=""/>
  <member type="node" ref="4274935196" role=""/>
  <member type="way" ref="547656035" role=""/>
  <member type="way" ref="424576879" role=""/>
  <member type="way" ref="537406839" role=""/>
  <member type="way" ref="537406840" role=""/>
  <member type="way" ref="547656035" role=""/>
  <member type="way" ref="424576879" role=""/>
  <member type="way" ref="359875315" role=""/>
  <member type="way" ref="50381366" role=""/>
  <member type="way" ref="31325785" role=""/>
  <member type="way" ref="359874006" role=""/>
  <member type="way" ref="537406838" role=""/>
  <member type="way" ref="424212138" role=""/>
  <member type="way" ref="535604649" role=""/>
  <member type="way" ref="120359204" role=""/>
  <member type="way" ref="548506690" role=""/>
  <member type="way" ref="429354935" role=""/>
  <member type="way" ref="383653481" role=""/>
  <member type="way" ref="535471583" role=""/>
  <member type="way" ref="429351958" role=""/>
  <member type="way" ref="429352609" role=""/>
  <member type="way" ref="429352612" role=""/>
  <member type="way" ref="429352613" role=""/>
  <member type="way" ref="535604646" role=""/>
  <member type="way" ref="548506689" role=""/>
  <member type="way" ref="893240125" role=""/>
  <member type="way" ref="552392792" role=""/>
  <member type="way" ref="552392791" role=""/>
  <member type="way" ref="548506688" role=""/>
  <member type="way" ref="429353203" role=""/>
  <member type="way" ref="548506686" role=""/>
  <member type="way" ref="548506685" role=""/>
  <member type="way" ref="548506684" role=""/>
  <member type="way" ref="548506687" role=""/>
  <member type="way" ref="895710265" role=""/>
  <member type="way" ref="180897138" role=""/>
  <member type="way" ref="548530580" role=""/>
  <member type="way" ref="219583515" role=""/>
  <member type="way" ref="548530578" role=""/>
  <member type="way" ref="35343289" role=""/>
  <member type="way" ref="548530569" role=""/>
  <member type="way" ref="1219913720" role=""/>
  <member type="way" ref="548530572" role=""/>
  <member type="way" ref="537982378" role=""/>
  <member type="way" ref="35343286" role=""/>
  <member type="way" ref="422715098" role=""/>
  <member type="way" ref="548543508" role=""/>
  <member type="way" ref="548543507" role=""/>
  <member type="way" ref="428292663" role=""/>
  <member type="way" ref="548543506" role=""/>
  <member type="way" ref="548543505" role=""/>
  <member type="way" ref="428506263" role=""/>
  <member type="way" ref="428386101" role=""/>
  <member type="way" ref="534815151" role=""/>
  <member type="way" ref="25054144" role=""/>
  <member type="way" ref="27413959" role=""/>
  <member type="way" ref="24405485" role=""/>
  <member type="way" ref="895346636" role=""/>
  <member type="way" ref="534842731" role=""/>
  <member type="way" ref="768383413" role=""/>
  <member type="way" ref="534842730" role=""/>
  <member type="way" ref="423209172" role=""/>
  <member type="way" ref="805508873" role=""/>
  <member type="way" ref="534842906" role=""/>
  <member type="way" ref="535585149" role=""/>
  <member type="way" ref="535585148" role=""/>
  <member type="way" ref="258647767" role=""/>
  <member type="way" ref="535574530" role=""/>
  <member type="way" ref="1216978709" role=""/>
  <member type="way" ref="535574531" role=""/>
  <member type="way" ref="462692996" role=""/>
  <member type="way" ref="535566701" role=""/>
  <member type="way" ref="535574528" role=""/>
  <member type="way" ref="893289558" role=""/>
  <member type="way" ref="462693003" role=""/>
  <member type="way" ref="535566698" role=""/>
  <member type="way" ref="238875365" role=""/>
  <member type="way" ref="1168109380" role=""/>
  <member type="way" ref="535922409" role=""/>
  <member type="way" ref="535922408" role=""/>
  <member type="way" ref="431981408" role=""/>
  <member type="way" ref="238875364" role=""/>
  <member type="way" ref="431994307" role=""/>
  <member type="way" ref="276623578" role=""/>
  <member type="way" ref="431775783" role=""/>
  <member type="way" ref="431994308" role=""/>
  <member type="way" ref="431992667" role=""/>
  <member type="way" ref="140207480" role=""/>
  <member type="way" ref="774744739" role=""/>
  <member type="way" ref="408901355" role=""/>
  <member type="way" ref="900718890" role=""/>
  <member type="way" ref="893291301" role=""/>
  <member type="way" ref="893291300" role=""/>
  <member type="way" ref="894897092" role=""/>
  <member type="way" ref="24698432" role=""/>
  <member type="way" ref="31265819" role=""/>
  <member type="way" ref="420901233" role=""/>
  <member type="way" ref="424212972" role=""/>
  <member type="way" ref="424212973" role=""/>
  <member type="way" ref="429497638" role=""/>
  <member type="way" ref="429497638" role=""/>
  <member type="way" ref="429497638" role=""/>
  <member type="way" ref="429497638" role=""/>
  <tag k="from" v="San Alonso"/>
  <tag k="name" v="San Afonso - Pintag - La Marin"/>
  <tag k="operator" v="EXPRESANTISANA"/>
  <tag k="ref" v="EXPRESANTISANA San Afonso Pintag La Marin"/>
  <tag k="route" v="bus"/>
  <tag k="to" v="La Marin"/>
  <tag k="type" v="route"/>
 </relation>
 <relation id="6309655" visible="true" version="2" changeset="39977246" timestamp="2016-06-12T18:44:58Z" user="Armando Rivera" uid="3757074">
  <member type="relation" ref="6304544" role=""/>
  <member type="relation" ref="6302544" role=""/>
  <tag k="name" v="BUS EXPRESANTISANA Marin Pintag"/>
  <tag k="operator" v="EXPRESANTISANA"/>
  <tag k="ref" v="EXPRESANTISANA Marin Pintag"/>
  <tag k="route_master" v="bus"/>
  <tag k="type" v="route_master"/>
 </relation>
</osm>
